{
  "template": "jnews",
  "mods": {
    "nav_menu_locations": {
      "mobile_navigation": "{{menu_location:main-navigation:id}}",
      "navigation": "{{menu_location:main-navigation:id}}",
      "top_navigation": "{{menu_location:footer-navigation:id}}",
      "footer_navigation": "{{menu_location:footer-navigation:id}}"
    },
    "jnews_social_icon": [
      {
        "social_icon": "facebook",
        "social_url": "http://facebook.com"
      },
      {
        "social_icon": "twitch",
        "social_url": "https://www.twitch.tv/"
      },
      {
        "social_icon": "youtube",
        "social_url": "https://gaming.youtube.com"
      }
    ],
    "custom_css_post_id": -1,
    "jnews_single_blog_template": "3",
    "jnews_single_blog_enable_fullscreen": false,
    "jnews_single_show_author_box": true,
    "jnews_header_style": "3",
    "jnews_header3_logo_spacing": {
      "top": "15px",
      "bottom": "0px",
      "left": "0px",
      "right": "0px"
    },
    "jnews_body_font": {
      "font-family": "Source Sans Pro",
      "font-size": "15px",
      "variant": [
        "regular",
        "600",
        "700"
      ],
      "line-height": "",
      "color": "",
      "show_variants": true,
      "show_subsets": true,
      "subsets": []
    },
    "jnews_h1_font": {
      "font-family": "",
      "font-size": "",
      "variant": [
        "regular",
        "700"
      ],
      "line-height": "",
      "color": "",
      "show_variants": true,
      "show_subsets": true,
      "subsets": []
    },
    "jnews_header_logo": "{{image:logo:url:full}}",
    "jnews_header_logo_retina": "{{image:logo2x:url:full}}",
    "jnews_heading_color": "#29292f",
    "jnews_accent_color": "#ff5641",
    "jnews_btnhover_color": "#582b3e",
    "jnews_body_color": "#3e3e44",
    "jnews_header_topbar_scheme": "custom",
    "jnews_header_topbar_bg_color": "#14141b",
    "jnews_header_topbar_account_show": "hide",
    "jnews_header_topbar_text_color": "#ffffff",
    "jnews_header_topbar_border_bottom": "rgba(255,255,255,0.04)",
    "jnews_header_topbar_side_border": "rgba(255,255,255,0.04)",
    "jnews_header_topbar_social_position": "left",
    "jnews_header_topbar_menu_position": "right",
    "jnews_alt_color": "#ff6e35",
    "jnews_header3_topbar_show": true,
    "jnews_header_menu_search_style": "jeg_search_no_expand",
    "jnews_header_menu_scheme": "jeg_navbar_custom",
    "jnews_header_menu_background_color": "#14141b",
    "jnews_header_menu_text_color": "#ffffff",
    "jnews_header_menu_border_color": "#14141b",
    "jnews_header_menu_search_noexpand_input_background_color": "rgba(0,0,0,0.25)",
    "jnews_header_menu_search_noexpand_input_border_color": "rgba(255,255,255,0.15)",
    "jnews_header_menu_search_noexpand_input_color": "#ffffff",
    "jnews_header_menu_search_noexpand_input_placeholder_color": "rgba(255,255,255,0.3)",
    "jnews_header_menu_style": "jeg_menu_style_4",
    "jnews_header_menu_hover_line_color": "#ff5641",
    "jnews_header_menu_hover_background_color": "rgba(255,255,255,0.05)",
    "jnews_header_submenu_icon_color": "#ff5641",
    "jnews_footer_scheme": "dark",
    "jnews_footer_bg_color": "#14141b",
    "jnews_footer_widget_title_color": "#ffcf40",
    "jnews_footer_text_color": "#a9a9ac",
    "jnews_footer_link_color": "#ffffff",
    "jnews_footer_menu_separator_color": "rgba(255,255,255,0.2)",
    "jnews_footer_line_separator_color": "#e8bd3b",
    "jnews_footer_copyright_color": "#a9a9ac",
    "jnews_footer_linkhover_color": "#ff5641",
    "jnews_footer_menu_color": "",
    "jnews_footer_menu_hover_text_color": "",
    "jnews_footer_tags_bg": "rgba(255,255,255,0.15)",
    "jnews_footer_tags_color": "",
    "jnews_category_global_bg_color": "#ffcf40",
    "jnews_category_global_text_color": "#22181c",
    "jnews_p_font": {
      "font-family": "",
      "font-size": "",
      "variant": null,
      "line-height": "",
      "color": "",
      "show_variants": true,
      "show_subsets": true,
      "subsets": []
    },
    "jnews_mobile_backgrond_color": "#14141b",
    "jnews_mobile_button_color": "",
    "jnews_mobile_button_background": "#14141b",
    "jnews_sticky_menu_logo": "{{image:logo:url:full}}",
    "jnews_sticky_menu_logo_retina": "{{image:logo2x:url:full}}",
    "jnews_mobile_menu_background": "",
    "jnews_mobile_logo": "{{image:mobile_logo:url:full}}",
    "jnews_mobile_logo_retina": "{{image:mobile_logo2x:url:full}}",
    "jnews_mobile_search_background": "#29292f",
    "jnews_mobile_search_arrow_color": "#29292f",
    "jnews_mobile_search_input_border": "rgba(255,255,255,0.1)",
    "jnews_mobile_search_input_background": "rgba(0,0,0,0.15)",
    "jnews_mobile_search_input_text_color": "#ffffff",
    "jnews_category_header": "1",
    "jnews_category_header_bg_color": "#14141b",
    "jnews_category_header_bg_image": "{{image:game1:url:full}}",
    "jnews_category_sidebar": "contact",
    "jnews_category_hero_show": false,
    "jnews_category_content": "12",
    "jnews_category_content_excerpt": "30",
    "jnews_hb_element_desktop_mid_right": [],
    "jnews_header_midbar_scheme": "dark",
    "jnews_header_midbar_background": "#14141b",
    "jnews_hb_element_desktop_mid_left": [],
    "jnews_hb_element_desktop_bottom_left": [
      "logo",
      "main_menu"
    ],
    "jnews_header_bottombar_scheme": "jeg_navbar_dark",
    "jnews_header_bottombar_background_color": "#14141b",
    "jnews_header_bottombar_border_bottom_height": "0",
    "jnews_header_bottombar_height": "91",
    "jnews_hb_element_desktop_top_right": [],
    "jnews_hb_display_desktop_bottom_right": "normal",
    "jnews_hb_element_desktop_top_left": [],
    "jnews_hb_element_desktop_bottom_center": [],
    "jnews_header_width": "normal",
    "jnews_hb_element_desktop_bottom_right": [
      "search_icon",
      "social_icon"
    ],
    "jnews_header_menu_search_form_style": "round",
    "jnews_header_menu_search_form_width": "35",
    "jnews_hb_display_desktop_bottom_left": "grow",
    "jnews_hb_display_desktop_bottom_center": "normal",
    "jnews_header_social_icon_text_color": "",
    "jnews_header_social_icon": "circle",
    "jnews_header_stickybar_border_bottom_height": "0",
    "jnews_hb_display_desktop_sticky_mid_right": "grow",
    "jnews_hb_element_desktop_sticky_mid_right": [
      "search_form"
    ],
    "jnews_header_stickybar_background_color": "",
    "jnews_hb_element_desktop_sticky_mid_left": [
      "social_icon"
    ],
    "jnews_hb_element_desktop_sticky_mid_center": [
      "main_menu"
    ],
    "jnews_header_sticky_width": "full",
    "jnews_header_stickybar_height": "59",
    "jnews_header_stickybar_scheme": "jeg_navbar_dark"
  },
  "options": {
    "site_icon": "{{image:favicon:id}}",
    "show_on_front" : "page",
    "page_on_front" : "{{post:home-1:id}}",
    "nav_menus_created_posts": [],
    "jnews_option[preview_slider_toggle]": false,
    "jnews_option[preview_slider_desc]": false,
    "jnews_option[preview_slider_ads]": false,
    "jnews_option[preview_slider_loader]": "dot",
    "jnews_option[ads_preview_slider_type]": "googleads",
    "jnews_option[ads_preview_slider_image]": "",
    "jnews_option[ads_preview_slider_link]": "",
    "jnews_option[ads_preview_slider_text]": "",
    "jnews_option[ads_preview_slider_google_publisher]": "",
    "jnews_option[ads_preview_slider_google_id]": "",
    "jnews_option[ads_preview_slider_google_desktop]": "auto",
    "jnews_option[ads_preview_slider_code]": "",
    "jnews_option[ads_preview_slider_shortcode]": "",
    "jnews_option[single_show_like]": "both",
    "jnews_option[price_front]": "$",
    "jnews_option[price_behind]": "",
    "jnews_option[price_float_position]": "right",
    "jnews_option[single_view_option]": "jnews",
    "jnews_option[single_social_share_main]": [
      {
        "social_share": "facebook",
        "social_text": "Share on Facebook"
      },
      {
        "social_share": "twitter",
        "social_text": "Share on Twitter"
      },
      {
        "social_share": "googleplus",
        "social_text": ""
      }
    ],
    "jnews_option[single_social_share_secondary]": [
      {
        "social_share": "linkedin"
      },
      {
        "social_share": "pinterest"
      }
    ],
    "jnews_option[single_social_share_threshold]": 0,
    "jnews_option[single_social_share_via_twitter]": "",
    "jnews_option[single_view_initial_value]": 0,
    "jnews_option[single_social_share_view_percentage]": 0,
    "jnews_option[single_like_view_percentage]": 0,
    "jnews_option[split_loader]": "dot"
  }
}