{
  "template": "jnews",
  "mods": {
    "nav_menu_locations": {
      "navigation": "{{menu_location:main-navigation:id}}",
      "footer_navigation": "{{menu_location:footer-navigation:id}}",
      "mobile_navigation": "{{menu_location:mobile-navigation:id}}",
      "top_navigation": "{{menu_location:top-navigation:id}}"
    },
    "custom_css_post_id": -1,
    "jnews_accent_color": "#34d364",
    "jnews_hb_element_desktop_top_left": [],
    "jnews_header_width": "full",
    "jnews_hb_display_desktop_mid_left": "grow",
    "jnews_hb_display_desktop_mid_right": "normal",
    "jnews_hb_element_desktop_mid_left": [
      "logo"
    ],
    "jnews_hb_element_desktop_bottom_left": [
      "main_menu"
    ],
    "jnews_header_logo_type": "image",
    "jnews_header_logo_text": "ANDROIDNEWS",
    "jnews_header_logo_text_font": {
      "font-family": "Roboto Condensed",
      "font-size": "30px",
      "variant": [
        "700"
      ],
      "line-height": "",
      "color": "",
      "show_variants": true,
      "show_subsets": true,
      "subsets": []
    },
    "jnews_header_mobile_midbar_scheme": "normal",
    "jnews_header_mobile_midbar_background_color": "",
    "jnews_header_bottombar_scheme": "jeg_navbar_dark",
    "jnews_header_bottombar_background_color": "#34d364",
    "jnews_header_bottombar_enable_gradient": true,
    "jnews_header_bottombar_gradient": {
      "degree": 90,
      "begincolor": "#34d364",
      "beginlocation": 0,
      "endcolor": "#15c6b8",
      "endlocation": 100
    },
    "jnews_header_bottombar_border_bottom_height": "0",
    "jnews_header_bottombar_height": "60",
    "jnews_hb_element_desktop_bottom_right": [
      "social_icon",
      "button1"
    ],
    "jnews_header_social_icon": "nobg",
    "jnews_header_social_icon_text_color": "#ffffff",
    "jnews_social_icon": [
      {
        "social_icon": "facebook",
        "social_url": "https:\/\/www.facebook.com\/jegtheme\/"
      },
      {
        "social_icon": "twitter",
        "social_url": "https:\/\/twitter.com\/jegtheme"
      },
      {
        "social_icon": "vk",
        "social_url": "#"
      },
      {
        "social_icon": "youtube",
        "social_url": "https:\/\/youtube.com"
      },
      {
        "social_icon": "rss",
        "social_url": "#"
      }
    ],
    "jnews_hb_element_desktop_mid_right": [
      "html1",
      "top_bar_menu",
      "search_form"
    ],
    "jnews_header_midbar_height": "70",
    "jnews_header_midbar_scheme": "normal",
    "jnews_header_midbar_background": "",
    "jnews_header_midbar_enable_gradient": false,
    "jnews_header_midbar_gradient": {
      "degree": 90,
      "begincolor": "#34d364",
      "beginlocation": 0,
      "endcolor": "#15c6b8",
      "endlocation": 100
    },
    "jnews_header_bottombar_shadow": true,
    "jnews_header_html_1": "<span class=\"top-trending-title\"><i class=\"fa fa-fire\"><\/i> TRENDING<\/span>",
    "jnews_body_color": "#465561",
    "jnews_alt_color": "#2ec4b6",
    "jnews_heading_color": "#011627",
    "jnews_body_font": {
      "font-family": "Open Sans",
      "font-size": "",
      "variant": [
        "regular",
        "700"
      ],
      "line-height": "",
      "color": "",
      "show_variants": true,
      "show_subsets": true,
      "subsets": []
    },
    "jnews_header_html_2": "<a href=\"#\">Subscribe<\/a>",
    "jnews_header_button_1_text": "SUBSCRIBE",
    "jnews_header_button_1_form": "outline",
    "jnews_header_logo_spacing": {
      "top": "0px",
      "bottom": "0px",
      "left": "15px",
      "right": "0px"
    },
    "jnews_footer_style": "custom",
    "jnews_footer_bg_color": "#011627",
    "jnews_footer_text_color": "rgba(255,255,255,0.6)",
    "jnews_footer_widget_title_color": "#34d364",
    "jnews_footer_link_color": "#ffffff",
    "jnews_footer_linkhover_color": "#34d364",
    "jnews_footer_custom_layout": "{{post:footer:id}}",
    "jnews_h1_font": {
      "font-family": "Khula",
      "font-size": "",
      "variant": [
        "regular",
        "800"
      ],
      "line-height": "",
      "color": "",
      "show_variants": true,
      "show_subsets": true,
      "subsets": []
    },
    "jnews_block_heading_font": {
      "font-family": "Exo 2",
      "font-size": "",
      "variant": [
        "700"
      ],
      "line-height": "",
      "color": "",
      "show_variants": true,
      "show_subsets": true,
      "subsets": []
    },
    "jnews_hb_element_desktop_mid_center": [],
    "jnews_header_menu_style": "jeg_menu_style_4",
    "jnews_header_logo": "{{image:logo:url:full}}",
    "jnews_header_logo_retina": "{{image:logo2x:url:full}}",
    "jnews_mobile_logo": "{{image:mobile_logo:url:full}}",
    "jnews_mobile_logo_retina": "{{image:mobile_logo2x:url:full}}",
    "jnews_header_font": {
      "font-family": "Khula",
      "font-size": "",
      "variant": [
        "regular",
        "700"
      ],
      "line-height": "",
      "color": "",
      "show_variants": true,
      "show_subsets": true,
      "subsets": []
    },
    "jnews_single_blog_template": "2",
    "jnews_single_post_thumbnail_size": "no-crop",
    "jnews_single_show_post_author_image": false,
    "jnews_single_show_prev_next_post": false,
    "jnews_single_show_author_box": false,
    "jnews_single_post_show_inline_related": false,
    "jnews_single_post_inline_related_ftitle": "READ ALSO",
    "jnews_single_post_inline_related_stitle": "",
    "jnews_single_post_inline_related_fullwidth": false,
    "jnews_single_post_inline_related_float": "right",
    "jnews_single_post_inline_related_header": "heading_5",
    "jnews_single_post_inline_related_pagination": "disable",
    "jnews_single_post_inline_related_number": "2",
    "jnews_ads_content_bottom_enable": true,
    "jnews_ads_content_bottom_type": "image",
    "jnews_ads_content_bottom_image": "{{image:ad_728x90:url:id}}",
    "jnews_single_show_post_related": true,
    "jnews_single_post_related_header": "heading_9",
    "jnews_single_post_pagination_related": "disable",
    "jnews_single_number_post_related": "6",
    "jnews_category_page_layout": "right-sidebar",
    "jnews_category_content": "27",
    "jnews_category_header": "1",
    "jnews_category_header_style": "dark",
    "jnews_category_header_bg_image": "",
    "jnews_single_following_video": true,
    "jnews_single_following_video_position": "bottom_right",
    "jnews_single_show_tag": false,
    "jnews_single_share_position": "topbottom",
    "jnews_ads_content_bottom_image_tablet": "{{image:ad_728x90:url:id}}",
    "jnews_ads_content_bottom_image_phone": "{{image:ad_300x250:url:id}}",
    "jnews_ads_content_bottom_link": "#",
    "jnews_header_menu_search_form_width": "25",
    "jnews_header_menu_search_form_style": "round",
    "jnews_hb_align_desktop_mid_center": "left",
    "jnews_hb_display_desktop_mid_center": "normal",
    "jnews_hb_element_desktop_bottom_center": [],
    "jnews_hb_display_desktop_bottom_right": "normal"
  },
  "options": {
    "site_icon": "{{image:favicon:id}}",
    "show_on_front" : "page",
    "page_on_front" : "{{post:home-1:id}}",
    "nav_menus_created_posts": [],
    "amp_customizer[header_color]": "#fff",
    "amp_customizer[header_background_color]": "#0a89c0",
    "amp_customizer[color_scheme]": "light"
  },
  "wp_css": ""
}