{
  "template": "jnews",
  "mods": {
    "nav_menu_locations": {
      "navigation": "{{menu_location:main-navigation:id}}",
      "mobile_navigation": "{{menu_location:main-navigation:id}}",
      "footer_navigation": "{{menu_location:footer-navigation:id}}",
      "top_navigation": "{{menu_location:footer-navigation:id}}"
    },
    "custom_css_post_id": -1,
    "jnews_hb_element_desktop_top_left": [
      "top_bar_menu"
    ],
    "jnews_header_logo_type": "image",
    "jnews_header_logo_text": "GovernmentPress",
    "jnews_header_logo_text_font": {
      "font-family": "Oswald",
      "font-size": "44px",
      "variant": [
        "700"
      ],
      "line-height": "1",
      "color": "#3d3935",
      "show_variants": true,
      "show_subsets": true,
      "subsets": []
    },
    "jnews_hb_element_desktop_mid_right": [
      "search_form",
      "social_icon"
    ],
    "jnews_hb_element_desktop_bottom_right": [],
    "jnews_header_midbar_enable_gradient": false,
    "jnews_header_menu_search_form_style": "square",
    "jnews_header_midbar_gradient": {
      "degree": 90,
      "begincolor": "#4776e6",
      "beginlocation": 0,
      "endcolor": "#8e54e9",
      "endlocation": 100
    },
    "jnews_header_midbar_height": "102",
    "jnews_header_menu_style": "jeg_menu_style_2",
    "jnews_accent_color": "#f26932",
    "jnews_heading_color": "#3d3935",
    "jnews_header_bottombar_fitwidth": true,
    "jnews_alt_color": "#54a4ad",
    "jnews_body_color": "#3d3935",
    "jnews_header_logo_spacing": {
      "top": "0",
      "bottom": "5px",
      "left": "0px",
      "right": "0px"
    },
    "jnews_footer_bg_color": "#292725",
    "jnews_footer_text_color": "#e2e2e2",
    "jnews_footer_widget_title_color": "#f26932",
    "jnews_footer_link_color": "#e2e2e2",
    "jnews_footer_linkhover_color": "#ffffff",
    "jnews_override_container_width": true,
    "jnews_content_laptop": 1200,
    "jnews_content_desktop": 1200,
    "jnews_hb_element_desktop_mid_left": [
      "logo"
    ],
    "jnews_hb_element_desktop_mid_center": [],
    "jnews_header_midbar_scheme": "normal",
    "jnews_header_menu_search_form_width": "31",
    "jnews_header_social_icon_text_color": "",
    "jnews_body_font": {
      "font-family": "Lato",
      "font-size": "",
      "variant": [
        "regular",
        "700"
      ],
      "line-height": "",
      "color": "",
      "show_variants": true,
      "show_subsets": true,
      "subsets": []
    },
    "jnews_header_font": {
      "font-family": "",
      "font-size": "",
      "variant": [
        "regular",
        "700"
      ],
      "line-height": "",
      "color": "",
      "show_variants": true,
      "show_subsets": true,
      "subsets": []
    },
    "jnews_block_heading_font": {
      "font-family": "Lato",
      "font-size": "",
      "variant": [
        "700",
        "regular"
      ],
      "line-height": "",
      "color": "",
      "show_variants": true,
      "show_subsets": true,
      "subsets": []
    },
    "jnews_header_bottombar_scheme": "jeg_navbar_normal",
    "jnews_header_bottombar_enable_gradient": false,
    "jnews_header_midbar_border_bottom_height": "0",
    "jnews_header_bottombar_border_bottom_height": "0",
    "jnews_header_menu_hover_line_color": "",
    "jnews_header_bottombar_gradient": {
      "degree": 90,
      "begincolor": "#00e572",
      "beginlocation": 0,
      "endcolor": "#00bc8a",
      "endlocation": 100
    },
    "jnews_header_bottombar_shadow": true,
    "jnews_hb_element_desktop_bottom_left": [
      "main_menu"
    ],
    "jnews_header_social_icon": "square",
    "jnews_social_icon": [
      {
        "social_icon": "facebook",
        "social_url": "https://www.facebook.com/jegtheme/"
      },
      {
        "social_icon": "twitter",
        "social_url": "https://twitter.com/jegtheme"
      },
      {
        "social_icon": "youtube",
        "social_url": "#"
      }
    ],
    "jnews_header_topbar_scheme": "dark",
    "jnews_header_topbar_enable_gradient": false,
    "jnews_header_menu_follow": "pinned",
    "jnews_h1_font": {
      "font-family": "Work Sans",
      "font-size": "",
      "variant": [
        "regular",
        "700",
        "600"
      ],
      "line-height": "",
      "color": "",
      "show_variants": true,
      "show_subsets": true,
      "subsets": []
    },
    "jnews_header_html_mobile": "",
    "jnews_header_html_1": "<a href=\"#\">Contact Us</a>",
    "jnews_header_bottombar_border_top_height": "1",
    "jnews_hb_element_desktop_top_right": [
      "weather",
      "date"
    ],
    "jnews_header_topbar_bg_color": "#54a4ad",
    "jnews_header_menu_hover_text_color": "#f26932",
    "jnews_header_menu_text_color": "#3d3935",
    "jnews_header_menu_search_noexpand_icon_color": "#959492",
    "jnews_header_logo": "https://jnews.io/government/wp-content/uploads/sites/42/2018/05/gov_logo.png",
    "jnews_header_logo_retina": "https://jnews.io/government/wp-content/uploads/sites/42/2018/05/gov_logo2x.png",
    "jnews_p_font": {
      "font-family": "Lora",
      "font-size": "",
      "variant": [
        "regular",
        "700",
        "italic",
        "700italic"
      ],
      "line-height": "",
      "color": "",
      "show_variants": true,
      "show_subsets": true,
      "subsets": []
    },
    "jnews_single_blog_template": "3",
    "jnews_single_show_post_author_image": true,
    "jnews_single_show_category": true,
    "jnews_single_share_position": "bottom",
    "jnews_single_blog_enable_fullscreen": false,
    "jnews_single_show_post_related": true,
    "jnews_single_post_related_header": "heading_8",
    "jnews_single_post_related_template": "9",
    "jnews_single_number_post_related": "6",
    "jnews_single_show_prev_next_post": false,
    "jnews_single_show_author_box": true,
    "jnews_single_post_pagination_related": "loadmore",
    "jnews_category_page_layout": "no-sidebar",
    "jnews_category_hero_show": false,
    "jnews_category_hero": "1",
    "jnews_category_content": "23",
    "jnews_category_header": "1",
    "jnews_category_header_bg_color": "#f5f5f5",
    "jnews_category_header_bg_image": "",
    "jnews_index_page_layout": "no-sidebar",
    "jnews_index_content": "23",
    "jnews_archive_content": "23",
    "jnews_archive_page_layout": "no-sidebar",
    "jnews_search_page_layout": "no-sidebar",
    "jnews_search_content": "23",
    "jnews_author_content": "5",
    "jnews_author_sidebar": "author",
    "jnews_header_stickybar_fitwidth": true,
    "jnews_header_stickybar_border": false,
    "jnews_header_stickybar_shadow": true,
    "jnews_mobile_logo": "{{image:logo:url:full}}",
    "jnews_mobile_logo_retina": "{{image:logo2x:url:full}}",
    "jnews_header_mobile_midbar_scheme": "normal",
    "jnews_mobile_menu_follow": "fixed"
  },
  "options": {
    "nav_menus_created_posts": [],
    "amp_customizer[header_color]": "#fff",
    "amp_customizer[header_background_color]": "#0a89c0",
    "amp_customizer[color_scheme]": "light",
    "site_icon": "{{image:favicon:id}}",
    "show_on_front" : "page",
    "page_on_front" : "{{post:home-1:id}}"
  },
  "wp_css": ""
}
