{
  "default-sidebar": {
    "jnews_popular-1": {
      "title": "Popular News",
      "limit": "5",
      "order_by": "views",
      "range": "all",
      "second_title": "",
      "header_url": "",
      "header_type": "heading_7",
      "header_background": "",
      "header_text_color": ""
    },
    "jnews_weather-2": {
      "title": "",
      "location": "Denpasar, Bali",
      "location_name": "",
      "date": "l, F j, Y",
      "detail": "show",
      "item": "all",
      "count": "4",
      "background": "321",
      "second_title": "",
      "header_url": "",
      "header_type": "heading_6",
      "header_background": "",
      "header_text_color": ""
    },
    "categories-5": {
      "title": "By Categories",
      "second_title": "",
      "header_url": "",
      "header_type": "heading_7",
      "header_background": "",
      "header_text_color": ""
    }
  },
  "footer-widget-1": {
    "jnews_about-1": {
      "title": "",
      "aboutimg": "{{image:footer_logo:id}}",
      "aboutimgretina": "{{image:footer_logo2x:id}}",
      "aboutname": "",
      "aboutoccupation": "",
      "aboutdesc": "This site is a JNews WordPress theme demo for government or city news. Please also check other JNews demos from landing page: <a href=\"https://jnews.io\">http://jnews.io</a>.",
      "signature": "",
      "signatureretina": "",
      "second_title": "",
      "header_url": "",
      "header_type": "heading_6",
      "header_background": "",
      "header_text_color": ""
    }
  },
  "footer-widget-2": {
    "recent-posts-3": {
      "title": "Recent News",
      "number": "2",
      "second_title": "",
      "header_url": "",
      "header_type": "heading_6",
      "header_background": "",
      "header_text_color": ""
    }
  },
  "footer-widget-3": {
    "jnews_social-1": {
      "title": "Our Social Media",
      "widgetstyle": "square",
      "icon_color": "",
      "bg_color": "",
      "beforesocial": "",
      "aftersocial": "",
      "account": "%5B%7B%22social_icon%22%3A%22facebook%22%2C%22social_url%22%3A%22https%3A%2F%2Fwww.facebook.com%2Fjegtheme%2F%22%7D%2C%7B%22social_icon%22%3A%22twitter%22%2C%22social_url%22%3A%22https%3A%2F%2Ftwitter.com%2Fjegtheme%22%7D%2C%7B%22social_icon%22%3A%22googleplus%22%2C%22social_url%22%3A%22%23%22%7D%2C%7B%22social_icon%22%3A%22instagram%22%2C%22social_url%22%3A%22%23%22%7D%2C%7B%22social_icon%22%3A%22youtube%22%2C%22social_url%22%3A%22%23%22%7D%2C%7B%22social_icon%22%3A%22rss%22%2C%22social_url%22%3A%22%23%22%7D%5D",
      "second_title": "",
      "header_url": "",
      "header_type": "heading_6",
      "header_background": "",
      "header_text_color": ""
    }
  },
  "footer-widget-4": {
    "jnews_recent_news-1": {
      "title": "Recent News",
      "postnumber": "2",
      "header_url": "",
      "header_background": "",
      "header_text_color": ""
    }
  },
  "author": {
    "jnews_tab_post-2": {
      "title": "",
      "limit": "4",
      "range": "all",
      "second_title": "",
      "header_url": "",
      "header_type": "heading_7",
      "header_background": "",
      "header_text_color": ""
    },
    "jnews_social_counter-2": {
      "title": "Our Social Media",
      "column": "col3",
      "style": "colored",
      "fb_id": "1708153456106457",
      "fb_secret": "ae408213fb9a2e29d3ad858e03ec5a75",
      "fb_key": "1708153456106457|LBeqPdQFTJXpeFL3sPex1LQBMVY",
      "gg_key": "AIzaSyCNRPgcByJDdhhZZRZ0AEyUnZ9lqmlBrvE",
      "bh_key": "t2wwIJCdYCWCdAdPHwef3hGvcx8ztA8o",
      "twitch_key": "",
      "vk_id": "",
      "rss_count": "",
      "account": "%5B%7B%22social_icon%22%3A%22facebook%22%2C%22social_url%22%3A%22jegtheme%22%7D%2C%7B%22social_icon%22%3A%22twitter%22%2C%22social_url%22%3A%22https%3A%2F%2Ftwitter.com%2Fjegtheme%22%7D%2C%7B%22social_icon%22%3A%22google-plus%22%2C%22social_url%22%3A%22https%3A%2F%2Fplus.google.com%2F%2Benvato%22%7D%2C%7B%22social_icon%22%3A%22behance%22%2C%22social_url%22%3A%22https%3A%2F%2Fwww.behance.net%2Fjegtheme%22%7D%2C%7B%22social_icon%22%3A%22instagram%22%2C%22social_url%22%3A%22https%3A%2F%2Fwww.instagram.com%2Fenvato%2F%22%7D%2C%7B%22social_icon%22%3A%22dribbble%22%2C%22social_url%22%3A%22https%3A%2F%2Fdribbble.com%2Fenvato%22%7D%2C%7B%22social_icon%22%3A%22youtube%22%2C%22social_url%22%3A%22http%3A%2F%2Fwww.youtube.com%2Fuser%2FEnvato%22%7D%2C%7B%22social_icon%22%3A%22soundcloud%22%2C%22social_url%22%3A%22https%3A%2F%2Fsoundcloud.com%2Fdialogdinihari%22%7D%5D",
      "second_title": "",
      "header_url": "",
      "header_type": "heading_7",
      "header_background": "",
      "header_text_color": ""
    },
    "jnews_facebook_page-2": {
      "title": "Our Facebook",
      "url": "https://facebook.com/facebook",
      "appid": "1708153456106457",
      "tabs": "false",
      "height": "500",
      "cover": "false",
      "photo": "true",
      "second_title": "",
      "header_url": "",
      "header_type": "heading_7",
      "header_background": "",
      "header_text_color": ""
    },
    "categories-6": {
      "title": "",
      "second_title": "",
      "header_url": "",
      "header_type": "heading_7",
      "header_background": "",
      "header_text_color": ""
    }
  },
  "home-2": {
    "jnews_social_counter-1": {
      "title": "Social Media",
      "column": "col1",
      "style": "colored",
      "newtab": "1",
      "fb_id": "1708153456106457",
      "fb_secret": "ae408213fb9a2e29d3ad858e03ec5a75",
      "fb_key": "1708153456106457|LBeqPdQFTJXpeFL3sPex1LQBMVY",
      "gg_key": "AIzaSyCNRPgcByJDdhhZZRZ0AEyUnZ9lqmlBrvE",
      "bh_key": "t2wwIJCdYCWCdAdPHwef3hGvcx8ztA8o",
      "twitch_key": "",
      "vk_id": "",
      "rss_count": "",
      "account": "%5B%7B%22social_icon%22%3A%22facebook%22%2C%22social_url%22%3A%22jegtheme%22%7D%2C%7B%22social_icon%22%3A%22twitter%22%2C%22social_url%22%3A%22https%3A%2F%2Ftwitter.com%2Fjegtheme%22%7D%2C%7B%22social_icon%22%3A%22google-plus%22%2C%22social_url%22%3A%22https%3A%2F%2Fplus.google.com%2F%2Benvato%22%7D%2C%7B%22social_icon%22%3A%22behance%22%2C%22social_url%22%3A%22https%3A%2F%2Fwww.behance.net%2Fjegtheme%22%7D%2C%7B%22social_icon%22%3A%22instagram%22%2C%22social_url%22%3A%22https%3A%2F%2Fwww.instagram.com%2Fenvato%2F%22%7D%2C%7B%22social_icon%22%3A%22youtube%22%2C%22social_url%22%3A%22http%3A%2F%2Fwww.youtube.com%2Fuser%2FEnvato%22%7D%5D",
      "second_title": "",
      "header_url": "",
      "header_type": "heading_9",
      "header_background": "",
      "header_text_color": ""
    }
  }
}
