{
  "template": "jnews",
  "mods":
  {
    "nav_menu_locations":
    {
      "navigation": "{{menu_location:main-navigation:id}}",
      "mobile_navigation": "{{menu_location:main-navigation:id}}",
      "footer_navigation": "{{menu_location:footer-navigation:id}}"
    },
    "custom_css_post_id": 65,
    "jnews_hb_element_desktop_mid_left": ["date"],
    "jnews_hb_element_desktop_mid_right": ["button1", "search_icon"],
    "jnews_header_logo": "{{image:logo:url:full}}",
    "jnews_header_logo_retina": "{{image:logo2x:url:full}}",
    "jnews_sticky_menu_logo": "{{image:sticky_logo:url:full}}",
    "jnews_sticky_menu_logo_retina": "{{image:sticky_logo2x:url:full}}",
    "jnews_mobile_logo": "{{image:mobile_logo:url:full}}",
    "jnews_mobile_logo_retina": "{{image:mobile_logo2x:url:full}}",
    "jnews_hb_display_desktop_mid_right": "normal",
    "jnews_hb_element_desktop_mid_center": ["logo"],
    "jnews_h1_font":
    {
      "font-family": "Libre Baskerville",
      "font-size": "",
      "variant": ["regular", "italic", "700"],
      "line-height": "",
      "show_variants": true,
      "show_subsets": true,
      "subsets": []
    },
    "jnews_body_font":
    {
      "font-family": "HKGrotesk",
      "font-size": "",
      "variant": ["400regular", "700regular"],
      "line-height": "",
      "show_variants": true,
      "show_subsets": true,
      "subsets": []
    },
    "jnews_additional_font": [
      {
        "font_name": "HKGrotesk",
        "font_weight": "300",
        "font_style": "normal",
        "eot": "",
        "woff": 539,
        "ttf": "",
        "svg": ""
      },
      {
        "font_name": "HKGrotesk",
        "font_weight": "400",
        "font_style": "regular",
        "eot": "",
        "woff": 540,
        "ttf": "",
        "svg": ""
      },
      {
        "font_name": "HKGrotesk",
        "font_weight": "700",
        "font_style": "regular",
        "eot": "",
        "woff": 541,
        "ttf": "",
        "svg": ""
      },
      {
        "font_name": "HKGrotesk",
        "font_weight": "500",
        "font_style": "regular",
        "eot": "",
        "woff": "544",
        "ttf": "",
        "svg": ""
      }],
    "jnews_hb_display_desktop_mid_center": "grow",
    "jnews_hb_display_desktop_bottom_left": "normal",
    "jnews_hb_display_desktop_bottom_center": "grow",
    "jnews_hb_element_desktop_top_right": [],
    "jnews_hb_element_desktop_bottom_left": [],
    "jnews_hb_element_desktop_bottom_center": ["main_menu"],
    "jnews_header_bottombar_height": 60,
    "jnews_header_bottombar_border_top_height": 1,
    "jnews_header_social_icon": "nobg",
    "jnews_header_logo_text_font":
    {
      "font-family": "",
      "font-size": "",
      "variant": null,
      "line-height": "",
      "color": "",
      "show_variants": true,
      "show_subsets": true,
      "subsets": [],
      "letter-spacing": false,
      "text-align": false,
      "text-transform": false
    },
    "jnews_sticky_logo_text_font":
    {
      "font-family": "",
      "font-size": "",
      "variant": "",
      "line-height": "",
      "letter-spacing": false,
      "color": "",
      "text-align": false,
      "text-transform": false,
      "show_variants": true,
      "show_subsets": true,
      "subsets": []
    },
    "jnews_mobile_logo_text_font":
    {
      "font-family": "",
      "font-size": "",
      "variant": "",
      "line-height": "",
      "letter-spacing": false,
      "color": "",
      "text-align": false,
      "text-transform": false,
      "show_variants": true,
      "show_subsets": true,
      "subsets": []
    },
    "jnews_hb_preset": "",
    "jnews_accent_color": "#8e6e53",
    "jnews_body_color": "#221f20",
    "jnews_alt_color": "#8e6e53",
    "jnews_social_icon": [
      {
        "social_icon": "facebook",
        "social_url": "https:\/\/www.facebook.com\/jegtheme\/"
      },
      {
        "social_icon": "twitter",
        "social_url": "https:\/\/twitter.com\/jegtheme"
      },
      {
        "social_icon": "instagram",
        "social_url": "https:\/\/www.instagram.com\/envato\/"
      },
      {
        "social_icon": "youtube",
        "social_url": "http:\/\/www.youtube.com\/user\/Envato"
      }],
    "jnews_header_social_icon_text_color": "#999999",
    "jnews_header_social_icon_background": "#999999",
    "jnews_header_drawer_social_icon_text_color": "#999999",
    "jnews_hb_element_desktop_bottom_right": [],
    "jnews_header_button_1_text": "NEWSLETTER",
    "jnews_header_button_1_form": "outline",
    "jnews_header_button_1_icon": "fa fa-envelope",
    "jnews_header_button_1_background_color": "",
    "jnews_header_button_1_background_hover_color": "#f7f7f7",
    "jnews_header_button_1_text_color": "#363334",
    "jnews_header_button_1_border_color": "#eaeaea",
    "jnews_hb_element_desktop_top_left": [],
    "jnews_header_topbar_scheme": "dark",
    "jnews_header_topbar_bg_color": "",
    "jnews_header_topbar_border_top_height": "0",
    "jnews_header_date_text_color": "",
    "jnews_hb_element_desktop_top_center": [],
    "jnews_header_menu_style": "jeg_menu_style_5",
    "jnews_header_menu_animation": "slide",
    "jnews_hb_display_desktop_top_left": "normal",
    "jnews_hb_display_desktop_top_center": "grow",
    "jnews_single_blog_template": "5",
    "jnews_single_blog_layout": "right-sidebar",
    "jnews_single_show_post_meta": true,
    "jnews_single_sidebar": "default-sidebar",
    "jnews_footer_style": "2",
    "jnews_footer_scheme": "dark",
    "jnews_footer_nav_text_color": "#ffffff",
    "jnews_footer_social_text_color": "#ffffff",
    "jnews_footer_social_line_color": "",
    "jnews_single_blog_enable_parallax": true,
    "jnews_single_blog_enable_fullscreen": false,
    "jnews_single_show_author_box": false,
    "jnews_single_post_thumbnail_size": "crop-715",
    "jnews_single_show_post_related": true,
    "jnews_single_post_show_inline_related": true,
    "jnews_single_post_related_header": "heading_9",
    "jnews_single_post_inline_related_paragraph": "1",
    "jnews_single_post_inline_related_header": "heading_8",
    "jnews_single_post_inline_related_fullwidth": true,
    "jnews_single_post_inline_related_number": "2",
    "jnews_single_post_inline_related_template": "28",
    "jnews_single_share_position": "bottom",
    "jnews_single_show_share_counter": true,
    "jnews_single_show_view_counter": false,
    "jnews_heading_color": "#13223e",
    "jnews_category_header": "3",
    "jnews_category_header_bg_image": "{{image:news3:url:full}}",
    "jnews_category_hero_show": false,
    "jnews_category_page_layout": "no-sidebar",
    "jnews_category_content": "5",
    "jnews_category_boxed": false,
    "jnews_category_header_style": "dark",
    "jnews_category_content_pagination_show_navtext": false,
    "jnews_category_content_pagination_show_pageinfo": true,
    "jnews_hb_align_desktop_mid_center": "center",
    "jnews_hb_display_desktop_mid_left": "normal",
    "jnews_comment_login": true,
    "jnews_breadcrumb_show_post": true,
    "jnews_index_page_layout": "right-sidebar",
    "jnews_index_sidebar": "single-page-sidebar",
    "jnews_index_content": "9",
    "jnews_search_page_layout": "no-sidebar",
    "jnews_search_content": "5",
    "jnews_search_sidebar": "single-page-sidebar",
    "jnews_header_mobile_midbar_scheme": "normal",
    "jnews_header_logo_spacing":
    {
      "top": "5px",
      "bottom": "0px",
      "left": "0px",
      "right": "0px"
    },
    "jnews_header_menu_search_form_style": "square",
    "jnews_header_menu_search_form_width": "88",
    "jnews_author_sidebar": "home-layout-1",
    "jnews_author_content": "37",
    "jnews_ads_article_top_enable": false,
    "jnews_ads_article_top_type": "image",
    "jnews_ads_content_inline_2_enable": false,
    "jnews_ads_content_inline_2_type": "image",
    "jnews_ads_article_bottom_enable": false,
    "jnews_ads_article_bottom_type": "image",
    "jnews_ads_article_bottom_image": "{{image:ad_970x90:url:full}}",
    "jnews_ads_content_bottom_enable": true,
    "jnews_ads_content_bottom_type": "image",
    "jnews_ads_content_bottom_image": "{{image:ad_970x250:url:full}}",
    "jnews_header_logo_type": "image",
    "jnews_header_logo_text": "WATCH NEWS",
    "jnews_header_bottombar_border_bottom_height": "0",
    "jnews_header_bottombar_fitwidth": false,
    "jnews_header_bottombar_border_top_color": "#eeeeee",
    "jnews_header_midbar_height": "110",
    "jnews_footer_bg_color": "#13223e",
    "jnews_header_mid_text_color": "#363334",
    "jnews_header_menu_text_color": "",
    "jnews_footer_text_color": "rgba(255,255,255,0.7)",
    "jnews_footer_link_color": "#ffffff",
    "jnews_footer_linkhover_color": "#a28872",
    "jnews_footer_secondary_bg_color": "",
    "jnews_footer_copyright_color": "rgba(255,255,255,0.7)",
    "jnews_footer_widget_title_color": "#a28872",
    "jnews_footer_secondary_link_color": "#ffffff",
    "jnews_hb_display_desktop_sticky_mid_left": "grow",
    "jnews_hb_display_desktop_sticky_mid_center": "normal",
    "jnews_hb_element_desktop_sticky_mid_left": ["logo"],
    "jnews_hb_element_desktop_sticky_mid_center": ["main_menu"],
    "jnews_hb_display_desktop_sticky_mid_right": "grow",
    "jnews_single_post_inline_related_ftitle": "RELATED POST",
    "jnews_single_post_inline_related_stitle": "",
    "jnews_single_post_inline_related_float": "right",
    "jnews_single_post_inline_related_pagination": "disable",
    "jnews_single_post_related_match": "category",
    "jnews_single_post_related_template": "9",
    "jnews_single_number_post_related": "6",
    "jnews_ads_content_bottom_image_tablet": "{{image:ad_728x90:url:full}}",
    "jnews_ads_content_bottom_image_phone": "{{image:ad_728x90:url:full}}",
    "jnews_single_show_prev_next_post": false,
    "jnews_single_show_reading_progress_bar": true,
    "jnews_single_show_reading_progress_bar_position": "top",
    "jnews_single_show_reading_progress_bar_color": "#8e6e53",
    "jnews_archive_page_layout": "no-sidebar",
    "jnews_archive_content": "5",
    "jnews_author_page_layout": "no-sidebar"
  },
  "options":
  {
    "site_icon": "{{image:favicon:id}}",
    "show_on_front" : "page",
    "page_on_front" : "{{post:home-1:id}}",
    "nav_menus_created_posts": []
  },
  "wp_css": ""
}