{
  "template": "jnews",
  "mods":
  {
    "custom_css_post_id": 384,
    "jnews_hb_display_desktop_mid_left": "grow",
    "jnews_hb_display_desktop_bottom_left": "normal",
    "jnews_hb_display_desktop_bottom_center": "grow",
    "jnews_hb_display_desktop_bottom_right": "normal",
    "jnews_hb_element_desktop_top_left": ["social_icon"],
    "jnews_hb_element_desktop_mid_left": [],
    "jnews_hb_element_desktop_mid_center": ["logo"],
    "jnews_hb_element_desktop_bottom_left": [],
    "jnews_hb_element_desktop_bottom_center": ["main_menu"],
    "jnews_hb_element_desktop_bottom_right": [],
    "jnews_header_logo": "{{image:logo:url:full}}",
    "jnews_header_logo_retina": "{{image:logo@2x:url:full}}",
    "jnews_header_topbar_scheme": "normal",
    "nav_menu_locations":
    {
      "navigation": "{{menu_location:main-navigation:id}}",
      "footer_navigation": "{{menu_location:footer-navigation:id}}",
      "mobile_navigation": "{{menu_location:main-navigation:id}}"
    },
    "jnews_hb_element_desktop_top_right": ["search_form"],
    "jnews_header_logo_spacing":
    {
      "top": "32px",
      "bottom": "0px",
      "left": "0px",
      "right": "0px"
    },
    "jnews_header_midbar_height": "200",
    "jnews_header_topbar_bg_color": "#ffffff",
    "jnews_header_topbar_side_border": "",
    "jnews_alt_color": "#4fb0c6",
    "jnews_accent_color": "#4fb0c6",
    "jnews_heading_color": "#153b50",
    "jnews_body_color": "#3f5e6f",
    "jnews_body_font":
    {
      "font-family": "Libre Franklin",
      "font-size": "",
      "variant": ["regular", "600"],
      "line-height": "",
      "color": "",
      "show_variants": true,
      "show_subsets": true,
      "subsets": []
    },
    "jnews_h1_font":
    {
      "font-family": "Lora",
      "font-size": "",
      "variant": ["regular", "700"],
      "line-height": "",
      "color": "",
      "show_variants": true,
      "show_subsets": true,
      "subsets": []
    },
    "jnews_hb_display_desktop_top_right": "grow",
    "jnews_header_bottombar_border_bottom_height": "0",
    "jnews_header_menu_style": "jeg_menu_style_5",
    "jnews_header_menu_animation": "animateTransform",
    "jnews_header_menu_text_color": "#3f5e6f",
    "jnews_header_menu_hover_line_color": "#4fb0c6",
    "jnews_header_menu_hover_text_color": "#4fb0c6",
    "jnews_header_social_icon_text_color": "#3f5e6f",
    "jnews_social_icon": [
      {
        "social_icon": "facebook",
        "social_url": "https:\/\/www.facebook.com\/jegtheme\/"
      },
      {
        "social_icon": "twitter",
        "social_url": "https:\/\/twitter.com\/jegtheme"
      },
      {
        "social_icon": "pinterest",
        "social_url": "#"
      },
      {
        "social_icon": "instagram",
        "social_url": "https:\/\/instagram.com\/jegtheme"
      },
      {
        "social_icon": "youtube",
        "social_url": "#"
      }],
    "jnews_single_show_category": false,
    "jnews_single_comment": true,
    "jnews_single_share_position": "bottom",
    "jnews_single_show_author_box": true,
    "jnews_single_show_reading_progress_bar": true,
    "jnews_single_show_reading_progress_bar_color": "#4fb0c6",
    "jnews_footer_style": "custom",
    "jnews_footer_custom_layout": "{{post:footer:id}}",
    "jnews_single_post_thumbnail_size": "no-crop",
    "jnews_single_show_post_related": true,
    "jnews_single_post_related_header": "heading_8",
    "jnews_single_post_related_template": "22",
    "jnews_single_post_show_inline_related": true,
    "jnews_single_post_inline_related_ftitle": "READ ALSO",
    "jnews_single_post_inline_related_stitle": "",
    "jnews_single_post_inline_related_fullwidth": true,
    "jnews_single_post_inline_related_header": "heading_5",
    "jnews_single_post_inline_related_number": "2",
    "jnews_single_post_inline_related_template": "21",
    "jnews_single_post_inline_related_paragraph": "1",
    "jnews_single_post_inline_related_pagination": "nextprev",
    "jnews_category_hero": "8",
    "jnews_category_hero_margin": "30",
    "jnews_archive_content": "27",
    "jnews_search_content": "3",
    "jnews_search_page_layout": "right-sidebar",
    "jnews_archive_sidebar": "archive-sidebar",
    "jnews_hb_display_desktop_sticky_mid_right": "grow",
    "jnews_hb_element_desktop_sticky_mid_left": [],
    "jnews_hb_element_desktop_sticky_mid_center": ["main_menu"],
    "jnews_hb_display_desktop_sticky_mid_left": "grow",
    "jnews_hb_display_desktop_sticky_mid_center": "normal",
    "jnews_header_mobile_midbar_scheme": "normal",
    "jnews_mobile_logo": "{{image:logo:url:full}}",
    "jnews_mobile_logo_retina": "{{image:logo@2x:url:full}}",
    "jnews_header_nav_icon_mobilcolor": "#3f5e6f",
    "jnews_header_search_icon_color": "",
    "jnews_header_search_mobile_icon_color": "#3f5e6f",
    "jnews_header_menu_search_form_style": "rounded",
    "jnews_hb_element_mobile_drawer_top_center": ["search_form", "mobile_menu"],
    "jnews_hb_element_mobile_drawer_bottom_center": ["social_icon"],
    "jnews_header_drawer_social_icon_text_color": "#3f5e6f",
    "jnews_search_sidebar": "archive-sidebar"
  },
  "options":
  {
    "site_icon": "{{image:favicon:id}}",
    "show_on_front" : "page",
    "page_on_front" : "{{post:home-1:id}}",
    "nav_menus_created_posts": []
  },
  "wp_css": ""
}