{
  "default-sidebar":
  {
    "search-5":
    {
      "title": "",
      "second_title": "",
      "header_url": "",
      "header_type": "heading_1",
      "header_background": "",
      "header_text_color": "",
      "widget_shadow": "1",
      "widget_class": ""
    },
    "categories-2":
    {
      "title": "",
      "count": "on",
      "second_title": "",
      "header_url": "",
      "header_type": "heading_3",
      "header_background": "",
      "header_text_color": "",
      "widget_class": ""
    },
    "jnews_module_block_15-3":
    {
      "header_icon": "",
      "first_title": "POPULAR",
      "second_title": "",
      "url": "",
      "header_type": "heading_3",
      "header_background": "",
      "header_secondary_background": "",
      "header_text_color": "",
      "header_line_color": "",
      "header_accent_color": "",
      "header_filter_category": "",
      "header_filter_author": "",
      "header_filter_tag": "",
      "header_filter_text": "All",
      "post_type": "post",
      "content_type": "all",
      "number_post": "4",
      "post_offset": "0",
      "unique_content": "disable",
      "include_post": "",
      "exclude_post": "",
      "include_category": "",
      "exclude_category": "",
      "include_author": "",
      "include_tag": "",
      "exclude_tag": "",
      "sort_by": "popular_post",
      "date_format": "default",
      "date_format_custom": "Y\/m\/d",
      "pagination_mode": "disable",
      "pagination_number_post": "4",
      "pagination_scroll_limit": "0",
      "el_id": "",
      "el_class": "",
      "scheme": "normal",
      "column_width": "auto",
      "title_color": "",
      "accent_color": "",
      "alt_color": "",
      "excerpt_color": ""
    }
  },
  "footer-widget-1":
  {
    "search-4":
    {
      "title": "Search",
      "second_title": "",
      "header_url": "",
      "header_type": "heading_8",
      "header_background": "",
      "header_text_color": "",
      "widget_class": ""
    },
    "categories-4":
    {
      "title": "Categories",
      "second_title": "",
      "header_url": "",
      "header_type": "heading_8",
      "header_background": "",
      "header_text_color": "",
      "widget_class": ""
    }
  },
  "home-2-loop":
  {
    "jnews_about-7":
    {
      "title": "ABOUT ME",
      "aboutimg": "3604",
      "aboutimgretina": "3605",
      "aboutname": "",
      "aboutoccupation": "",
      "aboutdesc": "Hey there! Gravida arcu ac tortor dignissim convallis aenean et tortor at. Donec ac odio tempor orci dapibus ultrices in iaculis nunc. Pellentesque pulvinar pellentesque habitant morbi tristique senectus et netus et.",
      "signature": "",
      "signatureretina": "",
      "second_title": "",
      "header_url": "",
      "header_type": "heading_3",
      "header_background": "",
      "header_text_color": "",
      "widget_class": ""
    },
    "categories-5":
    {
      "title": "",
      "count": "on",
      "second_title": "",
      "header_url": "",
      "header_type": "heading_3",
      "header_background": "",
      "header_text_color": "",
      "widget_class": ""
    },
    "jnews_module_element_header-2":
    {
      "header_icon": "",
      "first_title": "POPULAR",
      "second_title": "",
      "url": "",
      "header_type": "heading_3",
      "header_align": "center",
      "header_background": "",
      "header_secondary_background": "",
      "header_text_color": "",
      "header_line_color": "",
      "header_accent_color": "",
      "el_id": "",
      "el_class": "",
      "scheme": "normal",
      "column_width": "auto"
    },
    "jnews_module_block_15-2":
    {
      "header_icon": "",
      "first_title": "",
      "second_title": "",
      "url": "",
      "header_type": "heading_6",
      "header_background": "",
      "header_secondary_background": "",
      "header_text_color": "",
      "header_line_color": "",
      "header_accent_color": "",
      "header_filter_category": "",
      "header_filter_author": "",
      "header_filter_tag": "",
      "header_filter_text": "All",
      "post_type": "post",
      "content_type": "all",
      "number_post": "4",
      "post_offset": "",
      "unique_content": "disable",
      "include_post": "",
      "exclude_post": "",
      "include_category": "",
      "exclude_category": "",
      "include_author": "",
      "include_tag": "",
      "exclude_tag": "",
      "sort_by": "latest",
      "date_format": "default",
      "date_format_custom": "Y\/m\/d",
      "pagination_mode": "disable",
      "pagination_number_post": "4",
      "pagination_scroll_limit": "0",
      "el_id": "",
      "el_class": "",
      "scheme": "normal",
      "column_width": "auto",
      "title_color": "",
      "accent_color": "",
      "alt_color": "",
      "excerpt_color": ""
    }
  },
  "archive-sidebar":
  {
    "jnews_module_block_21-2":
    {
      "header_icon": "",
      "first_title": "POPULAR",
      "second_title": "",
      "url": "",
      "header_type": "heading_3",
      "header_background": "",
      "header_secondary_background": "",
      "header_text_color": "",
      "header_line_color": "",
      "header_accent_color": "",
      "header_filter_category": "",
      "header_filter_author": "",
      "header_filter_tag": "",
      "header_filter_text": "All",
      "post_type": "post",
      "content_type": "all",
      "number_post": "5",
      "post_offset": "0",
      "unique_content": "disable",
      "include_post": "",
      "exclude_post": "",
      "include_category": "",
      "exclude_category": "",
      "include_author": "",
      "include_tag": "",
      "exclude_tag": "",
      "sort_by": "latest",
      "date_format": "default",
      "date_format_custom": "Y\/m\/d",
      "pagination_mode": "disable",
      "pagination_number_post": "6",
      "pagination_scroll_limit": "0",
      "el_id": "",
      "el_class": "",
      "scheme": "normal",
      "column_width": "auto",
      "title_color": "",
      "accent_color": "",
      "alt_color": "",
      "excerpt_color": ""
    },
    "categories-6":
    {
      "title": "",
      "count": "on",
      "second_title": "",
      "header_url": "",
      "header_type": "heading_3",
      "header_background": "",
      "header_text_color": "",
      "widget_class": ""
    }
  }
}