{
  "template": "jnews",
  "mods": {
    "0": false,
    "nav_menu_locations": {
      "navigation": "{{menu_location:main-navigation:id}}",
      "footer_navigation": "{{menu_location:main-navigation:id}}",
      "mobile_navigation": "{{menu_location:main-navigation:id}}"
    },
    "custom_css_post_id": 135,
    "jnews_accent_color": "#ef1c7b",
    "jnews_alt_color": "#ef1c7b",
    "jnews_heading_color": "#011627",
    "jnews_single_show_post_related": true,
    "jnews_single_post_show_inline_related": true,
    "jnews_single_post_inline_related_ftitle": "Recommended Post",
    "jnews_single_post_inline_related_stitle": "",
    "jnews_single_post_inline_related_fullwidth": false,
    "jnews_single_post_inline_related_float": "right",
    "jnews_single_post_inline_related_paragraph": "1",
    "jnews_single_post_inline_related_random": false,
    "jnews_single_post_inline_related_pagination": "nextprev",
    "jnews_single_post_inline_related_number": "3",
    "jnews_header_bottombar_background_color": "",
    "jnews_hb_display_desktop_bottom_right": "grow",
    "jnews_hb_element_desktop_bottom_left": [
      "button1"
    ],
    "jnews_hb_element_desktop_bottom_center": [
      "main_menu"
    ],
    "jnews_hb_element_desktop_bottom_right": [
      "search_icon"
    ],
    "jnews_header_menu_text_color": "#011627",
    "jnews_main_menu_font": {
      "font-family": "Open Sans",
      "font-size": "14px",
      "variant": [
        "700"
      ],
      "line-height": "",
      "color": "",
      "show_variants": true,
      "show_subsets": true,
      "subsets": []
    },
    "jnews_h1_font": {
      "font-family": "Martel",
      "font-size": "",
      "variant": [
        "700"
      ],
      "line-height": "",
      "color": "",
      "show_variants": true,
      "show_subsets": true,
      "subsets": []
    },
    "jnews_p_font": {
      "font-family": "Open Sans",
      "font-size": "",
      "variant": [
        "regular"
      ],
      "line-height": "",
      "color": "",
      "show_variants": true,
      "show_subsets": true,
      "subsets": []
    },
    "jnews_header_logo_type": "image",
    "jnews_header_logo_text": "",
    "jnews_header_logo_text_font": {
      "font-family": "Martel",
      "font-size": "60px",
      "variant": [
        "700"
      ],
      "line-height": "",
      "color": "",
      "show_variants": true,
      "show_subsets": true,
      "subsets": []
    },
    "jnews_header_logo": "{{image:logo:url:full}}",
    "jnews_header_logo_retina": "{{image:logo2x:url:full}}g",
    "jnews_hb_element_desktop_mid_right": [],
    "jnews_footer_bg_color": "#fed1d3",
    "jnews_footer_text_color": "",
    "jnews_footer_widget_title_color": "#011627",
    "jnews_body_font": {
      "font-family": "Open Sans",
      "font-size": "",
      "variant": "",
      "line-height": "",
      "color": "",
      "show_variants": true,
      "show_subsets": true,
      "subsets": []
    },
    "jnews_hb_display_desktop_sticky_mid_right": "grow",
    "jnews_hb_element_desktop_sticky_mid_left": [],
    "jnews_hb_element_desktop_sticky_mid_center": [
      "main_menu"
    ],
    "jnews_hb_element_desktop_sticky_mid_right": [],
    "jnews_header_stickybar_shadow": true,
    "jnews_header_stickybar_background_color": "",
    "jnews_header_stickybar_border_bottom_height": "0",
    "jnews_header_width": "normal",
    "jnews_boxed_layout": false,
    "jnews_background_color": "#f3f3f5",
    "jnews_hb_element_desktop_top_left": [],
    "jnews_hb_element_desktop_top_right": [],
    "jnews_header_social_icon_text_color": "#ebf5ee",
    "jnews_social_icon": [
      {
        "social_icon": "facebook",
        "social_url": "https://www.facebook.com/jegtheme/"
      },
      {
        "social_icon": "instagram",
        "social_url": "https://instagram.com/jegtheme"
      },
      {
        "social_icon": "twitter",
        "social_url": "https://twitter.com/jegtheme"
      },
      {
        "social_icon": "youtube",
        "social_url": "https://www.youtube.com/user/Envato"
      }
    ],
    "jnews_header_topbar_scheme": "dark",
    "jnews_header_bottombar_scheme": "jeg_navbar_normal",
    "jnews_ads_header_image": "{{image:ad_728x90:id}}",
    "jnews_footer_style": "custom",
    "jnews_header_topbar_bg_color": "#0a2342",
    "jnews_header_stickybar_scheme": "jeg_navbar_normal",
    "jnews_category_header": "4",
    "jnews_category_header_bg_image": "https://jnews.io/relationships/wp-content/uploads/sites/68/2019/06/jenna-jacobs-v6rDTYY8LIg-unsplash.jpg",
    "jnews_category_hero": "9",
    "jnews_category_content": "23",
    "jnews_category_sidebar": "home-2",
    "jnews_single_blog_layout": "right-sidebar",
    "jnews_single_sidebar": "single-post",
    "jnews_single_blog_template": "2",
    "jnews_index_page_layout": "right-sidebar",
    "jnews_index_sidebar": "archive-page",
    "jnews_index_content": "23",
    "jnews_archive_page_layout": "right-sidebar",
    "jnews_archive_sidebar": "archive-page",
    "jnews_archive_content": "23",
    "jnews_search_sidebar": "archive-page",
    "jnews_search_content": "23",
    "jnews_author_sidebar": "archive-page",
    "jnews_author_content": "23",
    "jnews_attachment_page_layout": "right-sidebar",
    "jnews_attachment_sidebar": "single-post",
    "jnews_404_page_layout": "right-sidebar",
    "jnews_404_sidebar": "home-2",
    "jnews_404_content": "23",
    "jnews_author_page_layout": "right-sidebar",
    "jnews_404_boxed": false,
    "jnews_sticky_logo_type": "text",
    "jnews_sticky_menu_logo_retina": "",
    "jnews_sticky_logo_text": "",
    "jnews_footer_button_color": "",
    "jnews_footer_tags_bg": "",
    "jnews_footer_menu_color": "",
    "jnews_mobile_logo": "{{image:logo:url:full}}",
    "jnews_mobile_logo_retina": "{{image:logo2x:url:full}}",
    "jnews_header_mobile_midbar_scheme": "normal",
    "jnews_header_mobile_drawer_background_color": "",
    "jnews_header_mobile_drawer_enable_gradient": false,
    "jnews_header_mobile_drawer_overlay_color": "",
    "jnews_header_social_icon": "nobg",
    "jnews_header_mobile_drawer_scheme": "normal",
    "jnews_hb_element_mobile_drawer_bottom_center": [
      "footer_copyright"
    ],
    "jnews_hb_display_desktop_bottom_left": "grow",
    "jnews_hb_display_desktop_bottom_center": "normal",
    "jnews_header_bottombar_fitwidth": false,
    "jnews_header_bottombar_boxed": false,
    "jnews_header_button_1_form": "default",
    "jnews_header_button_1_background_color": "",
    "jnews_header_button_1_text": "BUY JNEWS",
    "jnews_header_bottombar_border_bottom_height": "1",
    "jnews_hb_display_desktop_mid_center": "grow",
    "jnews_hb_display_desktop_mid_right": "normal",
    "jnews_hb_element_desktop_mid_left": [],
    "jnews_hb_element_desktop_mid_center": [
      "logo"
    ],
    "jnews_header_midbar_height": "119",
    "jnews_header_menu_style": "jeg_menu_style_5",
    "jnews_header_menu_hover_text_color": "#ef1c7b",
    "jnews_footer_scheme": "normal",
    "jnews_footer_show_social": false,
    "jnews_footer_force_fullwidth": true,
    "jnews_footer_show_secondary": false,
    "jnews_footer_secondary_bg_color": "#b0c4a1",
    "jnews_footer_copyright_color": "#011627",
    "jnews_footer_secondary_link_color": "#011627",
    "jnews_single_number_popup_post": "1",
    "jnews_single_post_related_header": "heading_8",
    "jnews_single_number_post_related": "6",
    "jnews_single_post_related_template": "21",
    "jnews_single_post_inline_related_header": "heading_8",
    "jnews_mobile_logo_type": "image",
    "jnews_footer_menu_separator_color": "",
    "jnews_override_container_width": false,
    "jnews_footer_custom_layout": "{{post:footer:id}}",
    "jnews_ads_header_top_enable": false,
    "jnews_ads_article_top_enable": true,
    "jnews_ads_article_top_type": "image",
    "jnews_ads_article_top_image": "{{image:ad_970x250:url:full}}",
    "jnews_ads_article_top_image_tablet": "",
    "jnews_header_bottombar_height": "60",
    "jnews_header_button_1_icon": "fa fa-shopping-cart",
    "jnews_header_button_1_link": "https://bit.ly/get-jnews"
  },
  "options": {
    "site_icon": "{{image:favicon:id}}",
    "show_on_front" : "page",
    "page_on_front" : "{{post:home-1:id}}",
    "nav_menus_created_posts": [],
    "amp_customizer[header_color]": "#fff",
    "amp_customizer[header_background_color]": "#0a89c0",
    "amp_customizer[color_scheme]": "light"
  },
  "wp_css": ""
}
