{
  "default-sidebar": {
    "search-2": {
      "title": ""
    },
    "recent-posts-2": {
      "title": "",
      "number": 5
    },
    "recent-comments-2": {
      "title": "",
      "number": 5
    },
    "archives-2": {
      "title": "",
      "count": 0,
      "dropdown": 0
    },
    "categories-2": {
      "title": "",
      "count": 0,
      "hierarchical": 0,
      "dropdown": 0
    },
    "meta-2": {
      "title": ""
    }
  },
  "footer-widget-1": {
    "jnews_module_element_header-2": {
      "header_icon": "",
      "first_title": "News & More",
      "second_title": "",
      "url": "",
      "header_type": "heading_8",
      "header_align": "center",
      "header_background": "",
      "header_secondary_background": "",
      "header_text_color": "",
      "header_line_color": "",
      "header_accent_color": "",
      "el_id": "",
      "el_class": "",
      "scheme": "normal",
      "column_width": "auto"
    },
    "jnews_module_element_ads-5": {
      "ads_type": "image",
      "ads_image": "{{image:ad_345x345:id}}",
      "ads_image_tablet": "{{image:ad_345x345:id}}",
      "ads_image_phone": "{{image:ad_345x345:id}}",
      "ads_image_link": "",
      "ads_image_alt": "",
      "google_publisher_id": "",
      "google_slot_id": "",
      "google_desktop": "auto",
      "google_tab": "auto",
      "google_phone": "auto",
      "content": "",
      "el_id": "",
      "el_class": "",
      "scheme": "normal",
      "column_width": "auto"
    }
  },
  "footer-widget-2": {
    "nav_menu-2": {
      "title": "Categories",
      "nav_menu": "{{menu_location:footer-navigation:id}}",
      "second_title": "",
      "header_url": "",
      "header_type": "heading_8",
      "header_background": "",
      "header_text_color": "",
      "widget_boxed": "0",
      "widget_shadow": "0",
      "widget_class": ""
    }
  },
  "footer-widget-3": {
    "jnews_about-2": {
      "title": "About Us",
      "aboutimg": "",
      "aboutimgretina": "",
      "aboutname": "",
      "aboutoccupation": "",
      "aboutdesc": "We bring you the best Premium WordPress Themes that perfect for news, magazine, personal blog, etc. Check our landing page for details.",
      "signature": "",
      "signatureretina": "",
      "align": "1",
      "second_title": "",
      "header_url": "",
      "header_type": "heading_6",
      "header_background": "",
      "header_text_color": "",
      "widget_boxed": "0",
      "widget_shadow": "0",
      "widget_class": ""
    },
    "jnews_social-2": {
      "title": "Connect on Social",
      "widgetstyle": "circle",
      "icon_color": "#011627",
      "bg_color": "#ffffff",
      "verticalsocial": "0",
      "align": "1",
      "beforesocial": "",
      "aftersocial": "",
      "account": "%5B%7B%22social_icon%22:%22facebook%22,%22social_url%22:%22https://www.facebook.com/jegtheme/%22%7D,%7B%22social_icon%22:%22twitter%22,%22social_url%22:%22https://twitter.com/jegtheme%22%7D,%7B%22social_icon%22:%22instagram%22,%22social_url%22:%22https://www.instagram.com/jegtheme/%22%7D,%7B%22social_icon%22:%22youtube%22,%22social_url%22:%22https://www.youtube.com/jegtheme/%22%7D%5D",
      "second_title": "",
      "header_url": "",
      "header_type": "heading_8",
      "header_background": "",
      "header_text_color": "",
      "widget_boxed": "0",
      "widget_shadow": "0",
      "widget_class": ""
    }
  },
  "footer-widget-4": {
    "tag_cloud-2": {
      "title": "Tags",
      "taxonomy": "post_tag",
      "second_title": "",
      "header_url": "",
      "header_type": "heading_6",
      "header_background": "",
      "header_text_color": "",
      "widget_class": ""
    }
  },
  "sidebar": {
    "jnews_facebook_page-2": {
      "title": "Like Our Page",
      "url": "https://www.facebook.com/passionandlove/",
      "appid": "",
      "tabs": "timeline",
      "height": "440",
      "cover": "false",
      "photo": "false",
      "second_title": "",
      "header_url": "",
      "header_type": "heading_8",
      "header_background": "",
      "header_text_color": "",
      "widget_class": ""
    },
    "categories-6": {
      "title": "Find on Categories",
      "count": "on",
      "second_title": "",
      "header_url": "",
      "header_type": "heading_8",
      "header_background": "",
      "header_text_color": "",
      "widget_class": ""
    },
    "jnews_module_element_ads-2": {
      "ads_type": "image",
      "ads_image": "{{image:ad_345x345:id}}",
      "ads_image_tablet": "{{image:ad_345x345:id}}",
      "ads_image_phone": "",
      "ads_image_link": "",
      "ads_image_alt": "",
      "google_publisher_id": "",
      "google_slot_id": "",
      "google_desktop": "auto",
      "google_tab": "auto",
      "google_phone": "auto",
      "content": "",
      "el_id": "",
      "el_class": "",
      "scheme": "normal",
      "column_width": "auto"
    }
  },
  "home-2": {
    "jnews_social_counter-2": {
      "title": "Follow Us",
      "column": "col1",
      "style": "light",
      "fb_id": "",
      "fb_secret": "",
      "fb_key": "",
      "tw_consumer_key": "",
      "tw_consumer_secret": "",
      "tw_access_token": "",
      "tw_access_token_secret": "",
      "gg_key": "",
      "bh_key": "",
      "twitch_key": "",
      "vk_id": "",
      "rss_count": "",
      "account": "%5B%7B%22social_icon%22:%22facebook%22,%22social_url%22:%22https://www.facebook.com/jegtheme/%22%7D,%7B%22social_icon%22:%22twitter%22,%22social_url%22:%22https://twitter.com/jegtheme%22%7D,%7B%22social_icon%22:%22instagram%22,%22social_url%22:%22https://www.instagram.com/jegtheme/%22%7D,%7B%22social_icon%22:%22youtube%22,%22social_url%22:%22https://www.youtube.com/user/Envato%22%7D,%7B%22social_icon%22:%22%22,%22social_url%22:%22%22%7D%5D",
      "second_title": "",
      "header_url": "",
      "header_type": "heading_8",
      "header_background": "",
      "header_text_color": "",
      "widget_class": ""
    },
    "categories-5": {
      "title": "",
      "count": "on",
      "second_title": "",
      "header_url": "",
      "header_type": "heading_8",
      "header_background": "",
      "header_text_color": "",
      "widget_class": ""
    },
    "jnews_module_element_ads-3": {
      "ads_type": "image",
      "ads_image": "{{image:ad_345x345:id}}",
      "ads_image_tablet": "{{image:ad_345x345:id}}",
      "ads_image_phone": "",
      "ads_image_link": "",
      "ads_image_alt": "",
      "google_publisher_id": "",
      "google_slot_id": "",
      "google_desktop": "auto",
      "google_tab": "auto",
      "google_phone": "auto",
      "content": "",
      "el_id": "",
      "el_class": "",
      "scheme": "normal",
      "column_width": "auto"
    }
  },
  "single-post": {
    "jnews_module_block_21-2": {
      "header_icon": "",
      "first_title": "Top Stories",
      "second_title": "",
      "url": "",
      "header_type": "heading_8",
      "header_background": "",
      "header_secondary_background": "",
      "header_text_color": "",
      "header_line_color": "",
      "header_accent_color": "",
      "header_filter_category": "",
      "header_filter_author": "",
      "header_filter_tag": "",
      "header_filter_text": "All",
      "post_type": "post",
      "content_type": "all",
      "number_post": "3",
      "post_offset": "0",
      "unique_content": "unique1",
      "include_post": "",
      "exclude_post": "",
      "include_category": "",
      "exclude_category": "",
      "include_author": "",
      "include_tag": "",
      "exclude_tag": "",
      "sort_by": "latest",
      "date_format": "default",
      "date_format_custom": "Y/m/d",
      "pagination_mode": "disable",
      "pagination_number_post": "6",
      "pagination_scroll_limit": "0",
      "el_id": "",
      "el_class": "",
      "scheme": "normal",
      "column_width": "auto",
      "title_color": "",
      "accent_color": "",
      "alt_color": "",
      "excerpt_color": ""
    },
    "jnews_module_element_ads-4": {
      "ads_type": "image",
      "ads_image": "{{image:ad_300x600:id}}",
      "ads_image_tablet": "{{image:ad_300x600:id}}",
      "ads_image_phone": "",
      "ads_image_link": "",
      "ads_image_alt": "",
      "google_publisher_id": "",
      "google_slot_id": "",
      "google_desktop": "auto",
      "google_tab": "auto",
      "google_phone": "auto",
      "content": "",
      "el_id": "",
      "el_class": "",
      "scheme": "normal",
      "column_width": "auto"
    }
  },
  "home-3": {
    "jnews_facebook_page-3": {
      "title": "Like Our Page",
      "url": "https://www.facebook.com/jegtheme/",
      "appid": "",
      "tabs": "false",
      "height": "300",
      "cover": "false",
      "photo": "false",
      "second_title": "",
      "header_url": "",
      "header_type": "heading_8",
      "header_background": "",
      "header_text_color": "",
      "widget_class": ""
    },
    "categories-3": {
      "title": "Find on Categories",
      "count": "on",
      "second_title": "",
      "header_url": "",
      "header_type": "heading_8",
      "header_background": "",
      "header_text_color": "",
      "widget_class": ""
    }
  },
  "home-1": {
    "categories-8": {
      "title": "Find on Categories",
      "count": "on",
      "second_title": "",
      "header_url": "",
      "header_type": "heading_7",
      "header_background": "",
      "header_text_color": "",
      "widget_class": ""
    },
    "jnews_module_element_ads-7": {
      "ads_type": "image",
      "ads_image": "{{image:ad_345x345:id}}",
      "ads_image_tablet": "{{image:ad_345x345:id}}",
      "ads_image_phone": "",
      "ads_image_link": "",
      "ads_image_alt": "",
      "google_publisher_id": "",
      "google_slot_id": "",
      "google_desktop": "auto",
      "google_tab": "auto",
      "google_phone": "auto",
      "content": "",
      "el_id": "",
      "el_class": "",
      "scheme": "normal",
      "column_width": "auto"
    }
  },
  "page-loop": {
    "jnews_module_block_21-3": {
      "header_icon": "",
      "first_title": "You Must See",
      "second_title": "",
      "url": "",
      "header_type": "heading_7",
      "header_background": "",
      "header_secondary_background": "",
      "header_text_color": "",
      "header_line_color": "",
      "header_accent_color": "",
      "header_filter_category": "",
      "header_filter_author": "",
      "header_filter_tag": "",
      "header_filter_text": "All",
      "post_type": "post",
      "content_type": "all",
      "number_post": "6",
      "post_offset": "0",
      "unique_content": "unique1",
      "include_post": "",
      "exclude_post": "",
      "include_category": "",
      "exclude_category": "",
      "include_author": "",
      "include_tag": "",
      "exclude_tag": "",
      "sort_by": "latest",
      "date_format": "default",
      "date_format_custom": "Y/m/d",
      "pagination_mode": "disable",
      "pagination_number_post": "6",
      "pagination_scroll_limit": "0",
      "el_id": "",
      "el_class": "",
      "scheme": "normal",
      "column_width": "auto",
      "title_color": "",
      "accent_color": "",
      "alt_color": "",
      "excerpt_color": ""
    }
  },
  "archive-page": {
    "jnews_social_counter-3": {
      "title": "Follow Us",
      "column": "col1",
      "style": "light",
      "fb_id": "",
      "fb_secret": "",
      "fb_key": "",
      "tw_consumer_key": "",
      "tw_consumer_secret": "",
      "tw_access_token": "",
      "tw_access_token_secret": "",
      "gg_key": "",
      "bh_key": "",
      "twitch_key": "",
      "vk_id": "",
      "rss_count": "",
      "account": "%5B%7B%22social_icon%22:%22facebook%22,%22social_url%22:%22https://www.facebook.com/jegtheme/%22%7D,%7B%22social_icon%22:%22twitter%22,%22social_url%22:%22https://twitter.com/jegtheme%22%7D,%7B%22social_icon%22:%22instagram%22,%22social_url%22:%22https://www.instagram.com/jegtheme/%22%7D,%7B%22social_icon%22:%22youtube%22,%22social_url%22:%22https://www.youtube.com/user/Envato%22%7D,%7B%22social_icon%22:%22%22,%22social_url%22:%22%22%7D%5D",
      "second_title": "",
      "header_url": "",
      "header_type": "heading_8",
      "header_background": "",
      "header_text_color": "",
      "widget_class": ""
    },
    "categories-9": {
      "title": "",
      "count": "on",
      "second_title": "",
      "header_url": "",
      "header_type": "heading_8",
      "header_background": "",
      "header_text_color": "",
      "widget_class": ""
    },
    "jnews_module_block_21-4": {
      "header_icon": "",
      "first_title": "Latest Post",
      "second_title": "",
      "url": "",
      "header_type": "heading_8",
      "header_background": "",
      "header_secondary_background": "",
      "header_text_color": "",
      "header_line_color": "",
      "header_accent_color": "",
      "header_filter_category": "",
      "header_filter_author": "",
      "header_filter_tag": "",
      "header_filter_text": "All",
      "post_type": "post",
      "content_type": "all",
      "number_post": "4",
      "post_offset": "0",
      "unique_content": "unique1",
      "include_post": "",
      "exclude_post": "",
      "include_category": "",
      "exclude_category": "",
      "include_author": "",
      "include_tag": "",
      "exclude_tag": "",
      "sort_by": "latest",
      "date_format": "default",
      "date_format_custom": "Y/m/d",
      "pagination_mode": "disable",
      "pagination_number_post": "6",
      "pagination_scroll_limit": "0",
      "el_id": "",
      "el_class": "",
      "scheme": "normal",
      "column_width": "auto",
      "title_color": "",
      "accent_color": "",
      "alt_color": "",
      "excerpt_color": ""
    },
    "jnews_module_element_ads-8": {
      "ads_type": "image",
      "ads_image": "{{image:ad_345x345:id}}",
      "ads_image_tablet": "{{image:ad_345x345:id}}",
      "ads_image_phone": "",
      "ads_image_link": "",
      "ads_image_alt": "",
      "google_publisher_id": "",
      "google_slot_id": "",
      "google_desktop": "auto",
      "google_tab": "auto",
      "google_phone": "auto",
      "content": "",
      "el_id": "",
      "el_class": "",
      "scheme": "normal",
      "column_width": "auto"
    }
  }
}
