{
  "template": "jnews",
  "mods": {
    "0": false,
    "nav_menu_locations": {
      "navigation": "{{menu_location:main-navigation:id}}",
      "top_navigation": "{{menu_location:top-navigation:id}}",
      "footer_navigation": "{{menu_location:footer-navigation:id}}",
      "mobile_navigation": "{{menu_location:mobile-navigation:id}}"
    },
    "custom_css_post_id": -1,
    "jnews_accent_color": "#fd4f18",
    "jnews_body_color": "#403d39",
    "jnews_heading_color": "#252422",
    "jnews_header_logo_type": "image",
    "jnews_header_logo_text": "SPOTLIGHT",
    "jnews_header_logo_text_font": {
      "font-family": "Montserrat",
      "font-size": "36px",
      "variant": [
        "700"
      ],
      "line-height": "",
      "color": "#fd4f18",
      "show_variants": true,
      "show_subsets": true,
      "subsets": []
    },
    "jnews_hb_align_desktop_mid_center": "left",
    "jnews_hb_display_desktop_mid_center": "grow",
    "jnews_hb_element_desktop_mid_center": [
      "html1",
      "search_form"
    ],
    "jnews_header_menu_search_form_width": "71",
    "jnews_header_menu_search_form_style": "square",
    "jnews_hb_element_desktop_top_left": [
      "top_bar_menu",
      "date"
    ],
    "jnews_hb_element_desktop_mid_right": [
      "login",
      "nav_icon"
    ],
    "jnews_hb_display_desktop_mid_right": "normal",
    "jnews_header_midbar_height": "80",
    "jnews_header_menu_style": "jeg_menu_style_1",
    "jnews_header_menu_animation": "slide",
    "jnews_header_bottombar_shadow": true,
    "jnews_hb_element_desktop_top_right": [
      "social_icon"
    ],
    "jnews_header_topbar_bg_color": "#fd4f18",
    "jnews_header_topbar_enable_gradient": true,
    "jnews_header_topbar_gradient": {
      "degree": 90,
      "begincolor": "#fd4f18",
      "beginlocation": 0,
      "endcolor": "#f79d16",
      "endlocation": 100
    },
    "jnews_header_social_icon": "nobg",
    "jnews_header_social_icon_text_color": "#ffffff",
    "jnews_social_icon": [
      {
        "social_icon": "facebook",
        "social_url": "https:\/\/www.facebook.com\/jegtheme\/"
      },
      {
        "social_icon": "twitter",
        "social_url": "https:\/\/twitter.com\/jegtheme"
      },
      {
        "social_icon": "youtube",
        "social_url": "#"
      },
      {
        "social_icon": "rss",
        "social_url": "#"
      }
    ],
    "jnews_hb_element_desktop_bottom_right": [],
    "jnews_header_bottombar_fitwidth": false,
    "jnews_body_font": {
      "font-family": "Fira Sans",
      "font-size": "",
      "variant": [
        "regular",
        "700"
      ],
      "line-height": "",
      "color": "",
      "show_variants": true,
      "show_subsets": true,
      "subsets": []
    },
    "jnews_h1_font": {
      "font-family": "",
      "font-size": "",
      "variant": [
        "regular",
        "700"
      ],
      "line-height": "",
      "color": "",
      "show_variants": true,
      "show_subsets": true,
      "subsets": []
    },
    "jnews_footer_style": "3",
    "jnews_footer_text_color": "rgba(255,255,255,0.75)",
    "jnews_footer_widget_title_color": "#ff5722",
    "jnews_footer_link_color": "#fffcf2",
    "jnews_footer_menu_position": "right",
    "jnews_footer_social_position": "hide",
    "jnews_header_logo": "{{image:logo:url:full}}",
    "jnews_header_logo_retina": "{{image:logo2x:url:full}}",
    "jnews_header_font": {
      "font-family": "",
      "font-size": "",
      "variant": [
        "regular",
        "700"
      ],
      "line-height": "",
      "color": "",
      "show_variants": true,
      "show_subsets": true,
      "subsets": []
    },
    "jnews_single_show_prev_next_post": false,
    "jnews_single_show_author_box": false,
    "jnews_single_show_post_related": true,
    "jnews_single_post_show_inline_related": true,
    "jnews_single_post_inline_related_stitle": "",
    "jnews_single_post_inline_related_ftitle": "READ ALSO",
    "jnews_single_post_inline_related_fullwidth": true,
    "jnews_single_post_inline_related_float": "left",
    "jnews_single_post_inline_related_random": false,
    "jnews_single_post_inline_related_header": "heading_8",
    "jnews_single_post_inline_related_pagination": "disable",
    "jnews_single_post_inline_related_number": "2",
    "jnews_single_post_related_header": "heading_9",
    "jnews_single_number_post_related": "6",
    "jnews_ads_article_top_enable": true,
    "jnews_ads_article_top_type": "image",
    "jnews_ads_article_top_image": "{{image:ad_970x90:url:full}}",
    "jnews_ads_article_top_image_tablet": "{{image:ad_970x90:url:full}}",
    "jnews_ads_article_top_link": "#",
    "jnews_ads_article_top_text": "",
    "jnews_single_post_thumbnail_size": "no-crop",
    "jnews_category_header": "2",
    "jnews_category_hero_show": true,
    "jnews_category_hero": "13",
    "jnews_category_content": "3",
    "jnews_category_hero_style": "jeg_hero_style_1",
    "jnews_category_hero_margin": "2",
    "jnews_index_content": "3",
    "jnews_archive_content": "3",
    "jnews_search_page_layout": "right-sidebar",
    "jnews_author_page_layout": "right-sidebar",
    "jnews_attachment_page_layout": "no-sidebar",
    "jnews_404_content": "9",
    "jnews_header_mobile_midbar_scheme": "normal",
    "jnews_sticky_menu_logo": "{{image:logo:url:full}}",
    "jnews_sticky_menu_logo_retina": "{{image:logo2x:url:full}}",
    "jnews_mobile_logo": "{{image:logo:url:full}}",
    "jnews_mobile_logo_retina": "{{image:logo2x:url:full}}",
    "jnews_mobile_logo_alt": "Morning News",
    "jnews_category_boxed": false
  },
  "options": {
    "site_icon": "{{image:favicon:id}}",
    "show_on_front": "page",
    "page_on_front": "{{post:home-1:id}}",
    "nav_menus_created_posts": [],
    "amp_customizer[header_color]": "#fff",
    "amp_customizer[header_background_color]": "#0a89c0",
    "amp_customizer[color_scheme]": "light"
  },
  "wp_css": ""
}