{
  "template": "jnews",
  "mods": {
    "nav_menu_locations": {
      "mobile_navigation": "{{menu_location:mobile-navigation:id}}",
      "navigation": "{{menu_location:main-navigation:id}}",
      "top_navigation": "{{menu_location:footer-navigation:id}}",
      "footer_navigation": "{{menu_location:footer-navigation:id}}"
    },
    "custom_css_post_id": -1,
    "jnews_override_container_width": true,
    "jnews_content_desktop": "1370",
    "jnews_content_laptop": "1340",
    "jnews_hb_element_desktop_top_left": [
      "social_icon",
      "date"
    ],
    "jnews_hb_element_desktop_mid_left": [],
    "jnews_hb_element_desktop_bottom_left": [
      "logo",
      "main_menu"
    ],
    "jnews_hb_display_desktop_mid_left": "normal",
    "jnews_hb_element_desktop_mid_center": [],
    "jnews_hb_element_desktop_mid_right": [],
    "jnews_hb_element_desktop_bottom_right": [
      "login",
      "separator5",
      "search_icon"
    ],
    "jnews_hb_display_desktop_bottom_left": "grow",
    "jnews_hb_display_desktop_bottom_center": "normal",
    "jnews_hb_element_desktop_top_right": [
      "top_bar_menu"
    ],
    "jnews_hb_element_desktop_bottom_center": [],
    "jnews_header_bottombar_fitwidth": false,
    "jnews_header_social_icon": "nobg",
    "jnews_header_button_1_text": "NEWSLETTER",
    "jnews_header_button_1_form": "outline",
    "jnews_social_icon": [
      {
        "social_icon": "facebook",
        "social_url": "https:\/\/www.facebook.com\/jegtheme\/"
      },
      {
        "social_icon": "twitter",
        "social_url": "https:\/\/twitter.com\/jegtheme"
      },
      {
        "social_icon": "googleplus",
        "social_url": "#"
      },
      {
        "social_icon": "youtube",
        "social_url": "#"
      },
      {
        "social_icon": "rss",
        "social_url": "#"
      }
    ],
    "jnews_hb_display_desktop_top_right": "grow",
    "jnews_header_social_icon_text_color": "#ffffff",
    "jnews_header_menu_search_form_width": "78",
    "jnews_header_bottombar_height": "62",
    "jnews_header_bottombar_scheme": "jeg_navbar_dark",
    "jnews_header_logo": "{{image:logo:url:full}}",
    "jnews_header_logo_retina": "{{image:logo2x:url:full}}",
    "jnews_header_bottombar_background_color": "#0a3d62",
    "jnews_header_bottombar_border_bottom_height": "0",
    "jnews_header_topbar_bg_color": "#082d48",
    "jnews_header_topbar_border_bottom": "#dd3333",
    "jnews_accent_color": "#0c2461",
    "jnews_body_color": "#171717",
    "jnews_heading_color": "#171717",
    "jnews_header_menu_style": "jeg_menu_style_5",
    "jnews_hb_align_desktop_mid_center": "left",
    "jnews_hb_display_desktop_mid_center": "grow",
    "jnews_header_midbar_scheme": "dark",
    "jnews_header_midbar_background": "#09395b",
    "jnews_header_menu_search_form_style": "rounded",
    "jnews_header_logo_spacing": {
      "top": "0px",
      "bottom": "4px",
      "left": "0px",
      "right": "0px"
    },
    "jnews_header_midbar_height": "74",
    "jnews_body_font": {
      "font-family": "Roboto",
      "font-size": "",
      "variant": [
        "regular",
        "700"
      ],
      "line-height": "",
      "color": "",
      "show_variants": true,
      "show_subsets": true,
      "subsets": []
    },
    "jnews_h1_font": {
      "font-family": "Source Sans Pro",
      "font-size": "",
      "variant": [
        "regular",
        "600"
      ],
      "line-height": "",
      "color": "",
      "show_variants": true,
      "show_subsets": true,
      "subsets": []
    },
    "jnews_header_topbar_side_border": "rgba(255,255,255,0)",
    "jnews_header_menu_follow": "normal",
    "jnews_p_font": {
      "font-family": "",
      "font-size": "",
      "variant": [
        "regular",
        "700"
      ],
      "line-height": "",
      "color": "",
      "show_variants": true,
      "show_subsets": true,
      "subsets": []
    },
    "jnews_block_heading_font": {
      "font-family": "Source Sans Pro",
      "font-size": "",
      "variant": [
        "600"
      ],
      "line-height": "",
      "color": "",
      "show_variants": true,
      "show_subsets": true,
      "subsets": []
    },
    "jnews_footer_style": "3",
    "jnews_footer_scheme": "normal",
    "jnews_footer_bg_color": "#f7f7f7",
    "jnews_footer_secondary_bg_color": "#171717",
    "jnews_footer_text_color": "#343840",
    "jnews_footer_widget_title_color": "#0a3d62",
    "jnews_footer_form_color": "#ffffff",
    "jnews_footer_copyright_color": "rgba(255,255,255,0.7)",
    "jnews_footer_secondary_link_color": "#ffffff",
    "jnews_footer_menu_separator_color": "rgba(255,255,255,0.5)",
    "jnews_footer_button_color": "#ffffff",
    "jnews_header_width": "normal",
    "jnews_single_blog_layout": "double-sidebar",
    "jnews_single_sidebar": "single-left",
    "jnews_ads_content_inline_enable": false,
    "jnews_ads_content_inline_type": "image",
    "jnews_ads_content_inline_paragraph": "0",
    "jnews_ads_content_inline_align": "center",
    "jnews_ads_content_inline_image": "{{image:ad_vertical:url:full}}",
    "jnews_ads_content_inline_link": "#",
    "jnews_category_page_layout": "double-right-sidebar",
    "jnews_category_sidebar": "archive-left",
    "jnews_category_hero": "13",
    "jnews_category_hero_margin": "30",
    "jnews_category_hero_style": "jeg_hero_style_1",
    "jnews_archive_page_layout": "double-sidebar",
    "jnews_archive_sidebar": "archive-left",
    "jnews_search_page_layout": "right-sidebar-narrow",
    "jnews_search_content_excerpt": "30",
    "jnews_search_content_pagination_align": "left",
    "jnews_search_content_pagination_show_navtext": true,
    "jnews_search_content_pagination_show_pageinfo": true,
    "jnews_author_page_layout": "right-sidebar-narrow",
    "jnews_author_content": "5",
    "jnews_author_content_excerpt": "30",
    "jnews_attachment_page_layout": "right-sidebar-narrow",
    "jnews_attachment_sticky_sidebar": false,
    "jnews_404_page_layout": "right-sidebar-narrow",
    "jnews_404_sticky_sidebar": false,
    "jnews_category_content": "3",
    "jnews_single_post_show_inline_related": true,
    "jnews_single_post_inline_related_ftitle": "Related posts",
    "jnews_single_post_inline_related_stitle": "",
    "jnews_single_post_inline_related_fullwidth": true,
    "jnews_single_post_inline_related_template": "21",
    "jnews_single_post_inline_related_pagination": "nextprev",
    "jnews_single_post_inline_related_number": "2",
    "jnews_single_post_inline_related_header": "heading_5",
    "jnews_ads_article_top_enable": false,
    "jnews_ads_article_top_type": "image",
    "jnews_ads_article_top_image": "{{image:ad_970x90:url:full}}",
    "jnews_ads_article_top_link": "#",
    "jnews_ads_content_bottom_enable": false,
    "jnews_ads_content_bottom_type": "image",
    "jnews_ads_content_bottom_image": "",
    "jnews_author_sidebar": "author",
    "jnews_category_second_sidebar": "archive-right",
    "jnews_archive_second_sidebar": "archive-right",
    "jnews_index_page_layout": "right-sidebar-narrow",
    "jnews_index_content": "3",
    "jnews_search_sidebar": "default-sidebar",
    "jnews_search_content": "3",
    "jnews_hb_display_mobile_mid_left": "grow",
    "jnews_hb_display_mobile_mid_center": "normal",
    "jnews_hb_element_mobile_mid_left": [
      "nav_icon",
      "logo"
    ],
    "jnews_hb_element_mobile_mid_center": [],
    "jnews_hb_element_mobile_mid_right": [],
    "jnews_mobile_logo": "{{image:footer_logo:url:full}}",
    "jnews_mobile_logo_retina": "{{image:footer_logo2x:url:full}}",
    "jnews_header_mobile_midbar_background_color": "#0a3d62"
  },
  "options": {
    "site_icon": "{{image:favicon:id}}",
    "show_on_front": "page",
    "page_on_front": "{{post:home-1:id}}",
    "nav_menus_created_posts": [],
    "amp_customizer[header_color]": "#fff",
    "amp_customizer[header_background_color]": "#0a89c0",
    "amp_customizer[color_scheme]": "light"
  },
  "wp_css": ""
}