{
  "home-3-loop": {
    "jnews_social_counter-1": {
      "title": "Follow Us",
      "column": "col3",
      "style": "light",
      "newtab": "1",
      "fb_id": "1708153456106457",
      "fb_secret": "ae408213fb9a2e29d3ad858e03ec5a75",
      "fb_key": "1708153456106457|LBeqPdQFTJXpeFL3sPex1LQBMVY",
      "gg_key": "AIzaSyCNRPgcByJDdhhZZRZ0AEyUnZ9lqmlBrvE",
      "bh_key": "t2wwIJCdYCWCdAdPHwef3hGvcx8ztA8o",
      "twitch_key": "",
      "linkedin_id": "",
      "linkedin_secret": "",
      "linkedin_code": "",
      "linkedin_key": "",
      "vk_id": "",
      "rss_count": "",
      "account": "%5B%7B%22social_icon%22%3A%22facebook%22%2C%22social_url%22%3A%22jegtheme%22%7D%2C%7B%22social_icon%22%3A%22twitter%22%2C%22social_url%22%3A%22https%3A%2F%2Ftwitter.com%2Fjegtheme%22%7D%2C%7B%22social_icon%22%3A%22google-plus%22%2C%22social_url%22%3A%22https%3A%2F%2Fplus.google.com%2F%2Benvato%22%7D%2C%7B%22social_icon%22%3A%22behance%22%2C%22social_url%22%3A%22https%3A%2F%2Fwww.behance.net%2Fjegtheme%22%7D%2C%7B%22social_icon%22%3A%22instagram%22%2C%22social_url%22%3A%22https%3A%2F%2Fwww.instagram.com%2Fenvato%2F%22%7D%2C%7B%22social_icon%22%3A%22youtube%22%2C%22social_url%22%3A%22http%3A%2F%2Fwww.youtube.com%2Fuser%2FEnvato%22%7D%5D",
      "second_title": "",
      "header_url": "",
      "header_type": "heading_5",
      "header_background": "",
      "header_text_color": ""
    },
    "jnews_module_block_9-1": {
      "first_title": "Business",
      "second_title": "",
      "url": "",
      "header_type": "heading_5",
      "header_background": "",
      "header_text_color": "",
      "header_filter_category": "",
      "header_filter_author": "",
      "header_filter_tag": "",
      "header_filter_text": "",
      "post_type": "post",
      "content_type": "all",
      "number_post": "3",
      "post_offset": "",
      "unique_content": "disable",
      "include_post": "",
      "exclude_post": "",
      "include_category": "2",
      "exclude_category": "",
      "include_author": "",
      "include_tag": "",
      "exclude_tag": "",
      "sort_by": "latest",
      "date_format": "ago",
      "date_format_custom": "",
      "pagination_mode": "disable",
      "pagination_number_post": "16",
      "pagination_scroll_limit": "",
      "scheme": "normal",
      "column_width": "auto"
    },
    "jnews_module_block_9-2": {
      "first_title": "Entertainment",
      "second_title": "",
      "url": "",
      "header_type": "heading_5",
      "header_background": "",
      "header_text_color": "",
      "header_filter_category": "",
      "header_filter_author": "",
      "header_filter_tag": "",
      "header_filter_text": "",
      "post_type": "post",
      "content_type": "all",
      "number_post": "3",
      "post_offset": "",
      "unique_content": "disable",
      "include_post": "",
      "exclude_post": "",
      "include_category": "3",
      "exclude_category": "",
      "include_author": "",
      "include_tag": "",
      "exclude_tag": "",
      "sort_by": "latest",
      "date_format": "ago",
      "date_format_custom": "",
      "pagination_mode": "disable",
      "pagination_number_post": "16",
      "pagination_scroll_limit": "",
      "scheme": "normal",
      "column_width": "auto"
    }
  },
  "home-3": {
    "jnews_popular-2": {
      "title": "Popular News",
      "limit": "5",
      "order_by": "comments",
      "range": "all",
      "second_title": "",
      "header_url": "",
      "header_type": "heading_5",
      "header_background": "",
      "header_text_color": ""
    },
    "jnews_tab_post-1": {
      "title": "",
      "limit": "4",
      "range": "all",
      "second_title": "",
      "header_url": "",
      "header_type": "heading_5",
      "header_background": "",
      "header_text_color": ""
    }
  },
  "home-5": {
    "jnews_tab_post-2": {
      "header_background": "",
      "header_text_color": "",
      "header_type": "heading_6",
      "header_url": "",
      "limit": "4",
      "range": "all",
      "title": ""
    },
    "jnews_popular-3": {
      "header_background": "",
      "header_text_color": "",
      "header_type": "heading_6",
      "header_url": "",
      "limit": "5",
      "order_by": "views",
      "range": "all",
      "title": "Popular Stories"
    }
  },
  "default-sidebar": {
    "jnews_module_element_ads-1": {
      "ads_type": "image",
      "ads_image": "{{image:ad_300x600:id}}",
      "ads_image_link": "http:\/\/bit.ly\/jnewsio",
      "ads_image_alt": "",
      "ads_image_new_tab": "1",
      "google_publisher_id": "",
      "google_slot_id": "",
      "google_desktop": "auto",
      "google_tab": "auto",
      "google_phone": "auto",
      "content": "",
      "scheme": "normal",
      "column_width": "auto"
    },
    "jnews_popular-1": {
      "title": "POPULAR NEWS",
      "limit": "5",
      "order_by": "views",
      "range": "all",
      "second_title": "",
      "header_url": "",
      "header_type": "heading_9",
      "header_background": "",
      "header_text_color": "#0a3d61"
    }
  },
  "footer-widget-1": {
    "jnews_about-2": {
      "title": "",
      "aboutimg": "{{image:footer_logo:id}}",
      "aboutimgretina": "{{image:footer_logo2x:id}}",
      "aboutname": "",
      "aboutoccupation": "",
      "aboutdesc": "We bring you the best Premium WordPress Themes that perfect for news, magazine, personal blog, etc. ",
      "signature": "",
      "signatureretina": "",
      "second_title": "",
      "header_url": "",
      "header_type": "heading_6",
      "header_background": "",
      "header_text_color": ""
    },
    "jnews_social-2": {
      "title": "",
      "widgetstyle": "nobg",
      "icon_color": "#0c2461",
      "bg_color": "",
      "beforesocial": "Follow us on social media:",
      "aftersocial": "",
      "account": "%5B%7B%22social_icon%22%3A%22facebook%22%2C%22social_url%22%3A%22https%3A%2F%2Fwww.facebook.com%2Fjegtheme%2F%22%7D%2C%7B%22social_icon%22%3A%22twitter%22%2C%22social_url%22%3A%22https%3A%2F%2Ftwitter.com%2Fjegtheme%22%7D%2C%7B%22social_icon%22%3A%22googleplus%22%2C%22social_url%22%3A%22%23%22%7D%2C%7B%22social_icon%22%3A%22instagram%22%2C%22social_url%22%3A%22%23%22%7D%2C%7B%22social_icon%22%3A%22youtube%22%2C%22social_url%22%3A%22%23%22%7D%2C%7B%22social_icon%22%3A%22rss%22%2C%22social_url%22%3A%22%23%22%7D%5D",
      "second_title": "",
      "header_url": "",
      "header_type": "heading_6",
      "header_background": "",
      "header_text_color": ""
    }
  },
  "footer-widget-2": {
    "recent-posts-3": {
      "title": "Recent News",
      "number": "3",
      "second_title": "",
      "header_url": "",
      "header_type": "heading_6",
      "header_background": "",
      "header_text_color": ""
    }
  },
  "footer-widget-3": {
    "categories-3": {
      "title": "Category",
      "second_title": "",
      "header_url": "",
      "header_background": "",
      "header_text_color": ""
    }
  },
  "footer-widget-4": {
    "jnews_recent_news-2": {
      "title": "Recent News",
      "postnumber": "2",
      "header_url": "",
      "header_background": "",
      "header_text_color": ""
    }
  },
  "author": {
    "jnews_module_element_ads-4": {
      "ads_type": "image",
      "ads_image": "{{image:ad_300x250:id}}",
      "ads_image_link": "http:\/\/bit.ly\/jnewswp",
      "ads_image_alt": "",
      "ads_image_new_tab": "1",
      "google_publisher_id": "",
      "google_slot_id": "",
      "google_desktop": "auto",
      "google_tab": "auto",
      "google_phone": "auto",
      "content": "",
      "scheme": "normal",
      "column_width": "auto"
    },
    "jnews_social_counter-3": {
      "title": "FOLLOW ME",
      "column": "col1",
      "style": "light",
      "fb_id": "1708153456106457",
      "fb_secret": "ae408213fb9a2e29d3ad858e03ec5a75",
      "fb_key": "1708153456106457|LBeqPdQFTJXpeFL3sPex1LQBMVY",
      "gg_key": "AIzaSyCNRPgcByJDdhhZZRZ0AEyUnZ9lqmlBrvE",
      "bh_key": "t2wwIJCdYCWCdAdPHwef3hGvcx8ztA8o",
      "twitch_key": "",
      "vk_id": "",
      "rss_count": "",
      "account": "%5B%7B%22social_icon%22%3A%22facebook%22%2C%22social_url%22%3A%22jegtheme%22%7D%2C%7B%22social_icon%22%3A%22twitter%22%2C%22social_url%22%3A%22https%3A%2F%2Ftwitter.com%2Fjegtheme%22%7D%2C%7B%22social_icon%22%3A%22google-plus%22%2C%22social_url%22%3A%22https%3A%2F%2Fplus.google.com%2F%2Benvato%22%7D%2C%7B%22social_icon%22%3A%22behance%22%2C%22social_url%22%3A%22https%3A%2F%2Fwww.behance.net%2Fjegtheme%22%7D%2C%7B%22social_icon%22%3A%22instagram%22%2C%22social_url%22%3A%22https%3A%2F%2Fwww.instagram.com%2Fenvato%2F%22%7D%2C%7B%22social_icon%22%3A%22dribbble%22%2C%22social_url%22%3A%22https%3A%2F%2Fdribbble.com%2Fenvato%22%7D%2C%7B%22social_icon%22%3A%22youtube%22%2C%22social_url%22%3A%22http%3A%2F%2Fwww.youtube.com%2Fuser%2FEnvato%22%7D%2C%7B%22social_icon%22%3A%22soundcloud%22%2C%22social_url%22%3A%22https%3A%2F%2Fsoundcloud.com%2Fdialogdinihari%22%7D%5D",
      "second_title": "",
      "header_url": "",
      "header_type": "heading_9",
      "header_background": "",
      "header_text_color": "#0c2461"
    },
    "jnews_instagram-1": {
      "title": "INSTAGRAM PHOTOS",
      "username": "natgeo",
      "column": "3",
      "row": "3",
      "hover": "like",
      "sort": "most_recent",
      "button": "",
      "newtab": "1",
      "second_title": "",
      "header_url": "",
      "header_type": "heading_9",
      "header_background": "",
      "header_text_color": "#0c2461"
    }
  },
  "single-left": {
    "jnews_module_block_21-1": {
      "first_title": "RECOMMENDED NEWS",
      "second_title": "",
      "url": "",
      "header_type": "heading_9",
      "header_background": "",
      "header_secondary_background": "",
      "header_text_color": "#0a3d61",
      "header_line_color": "",
      "header_accent_color": "",
      "header_filter_category": "",
      "header_filter_author": "",
      "header_filter_tag": "",
      "header_filter_text": "",
      "post_type": "post",
      "content_type": "all",
      "number_post": "4",
      "post_offset": "",
      "unique_content": "disable",
      "include_post": "",
      "exclude_post": "",
      "include_category": "",
      "exclude_category": "",
      "include_author": "",
      "include_tag": "",
      "exclude_tag": "",
      "sort_by": "random",
      "date_format": "ago",
      "date_format_custom": "",
      "pagination_mode": "disable",
      "pagination_number_post": "1",
      "pagination_scroll_limit": "",
      "scheme": "normal",
      "column_width": "auto",
      "title_color": "",
      "accent_color": "",
      "alt_color": "",
      "excerpt_color": ""
    },
    "jnews_social_counter-4": {
      "title": "FOLLOW US",
      "column": "col3",
      "style": "light",
      "fb_id": "1708153456106457",
      "fb_secret": "ae408213fb9a2e29d3ad858e03ec5a75",
      "fb_key": "1708153456106457|LBeqPdQFTJXpeFL3sPex1LQBMVY",
      "gg_key": "AIzaSyCNRPgcByJDdhhZZRZ0AEyUnZ9lqmlBrvE",
      "bh_key": "t2wwIJCdYCWCdAdPHwef3hGvcx8ztA8o",
      "twitch_key": "",
      "vk_id": "210700286",
      "rss_count": "",
      "account": "%5B%7B%22social_icon%22%3A%22facebook%22%2C%22social_url%22%3A%22jegtheme%22%7D%2C%7B%22social_icon%22%3A%22twitter%22%2C%22social_url%22%3A%22https%3A%2F%2Ftwitter.com%2Fjegtheme%22%7D%2C%7B%22social_icon%22%3A%22google-plus%22%2C%22social_url%22%3A%22https%3A%2F%2Fplus.google.com%2F%2Benvato%22%7D%2C%7B%22social_icon%22%3A%22behance%22%2C%22social_url%22%3A%22https%3A%2F%2Fwww.behance.net%2Fjegtheme%22%7D%2C%7B%22social_icon%22%3A%22instagram%22%2C%22social_url%22%3A%22https%3A%2F%2Fwww.instagram.com%2Fenvato%2F%22%7D%2C%7B%22social_icon%22%3A%22youtube%22%2C%22social_url%22%3A%22http%3A%2F%2Fwww.youtube.com%2Fuser%2FEnvato%22%7D%5D",
      "second_title": "",
      "header_url": "",
      "header_type": "heading_9",
      "header_background": "",
      "header_text_color": "#0a3d61"
    },
    "categories-4": {
      "title": "BROWSE BY CATEGORIES",
      "second_title": "",
      "header_url": "",
      "header_type": "heading_9",
      "header_background": "",
      "header_text_color": "#0a3d61"
    },
    "jnews_module_element_ads-3": {
      "ads_type": "image",
      "ads_image": "{{image:ad_300x250:id}}",
      "ads_image_link": "http:\/\/bit.ly\/jnewswp",
      "ads_image_alt": "",
      "ads_image_new_tab": "1",
      "google_publisher_id": "",
      "google_slot_id": "",
      "google_desktop": "auto",
      "google_tab": "auto",
      "google_phone": "auto",
      "content": "",
      "scheme": "normal",
      "column_width": "auto"
    },
    "tag_cloud-2": {
      "title": "BROWSE BY TOPICS",
      "taxonomy": "post_tag",
      "second_title": "",
      "header_url": "",
      "header_type": "heading_9",
      "header_background": "",
      "header_text_color": "#0a3d61"
    }
  },
  "archive-left": {
    "jnews_social_counter-5": {
      "title": "FOLLOW US",
      "column": "col3",
      "style": "light",
      "fb_id": "1708153456106457",
      "fb_secret": "ae408213fb9a2e29d3ad858e03ec5a75",
      "fb_key": "1708153456106457|LBeqPdQFTJXpeFL3sPex1LQBMVY",
      "gg_key": "AIzaSyCNRPgcByJDdhhZZRZ0AEyUnZ9lqmlBrvE",
      "bh_key": "t2wwIJCdYCWCdAdPHwef3hGvcx8ztA8o",
      "twitch_key": "",
      "vk_id": "210700286",
      "rss_count": "",
      "account": "%5B%7B%22social_icon%22%3A%22facebook%22%2C%22social_url%22%3A%22jegtheme%22%7D%2C%7B%22social_icon%22%3A%22twitter%22%2C%22social_url%22%3A%22https%3A%2F%2Ftwitter.com%2Fjegtheme%22%7D%2C%7B%22social_icon%22%3A%22google-plus%22%2C%22social_url%22%3A%22https%3A%2F%2Fplus.google.com%2F%2Benvato%22%7D%2C%7B%22social_icon%22%3A%22behance%22%2C%22social_url%22%3A%22https%3A%2F%2Fwww.behance.net%2Fjegtheme%22%7D%2C%7B%22social_icon%22%3A%22instagram%22%2C%22social_url%22%3A%22https%3A%2F%2Fwww.instagram.com%2Fenvato%2F%22%7D%2C%7B%22social_icon%22%3A%22youtube%22%2C%22social_url%22%3A%22http%3A%2F%2Fwww.youtube.com%2Fuser%2FEnvato%22%7D%5D",
      "second_title": "",
      "header_url": "",
      "header_type": "heading_8",
      "header_background": "",
      "header_text_color": "#0a3d61"
    },
    "categories-5": {
      "title": "BROWSE BY CATEGORIES",
      "second_title": "",
      "header_url": "",
      "header_type": "heading_8",
      "header_background": "",
      "header_text_color": "#0a3d61"
    },
    "tag_cloud-3": {
      "title": "BROWSE BY TOPICS",
      "taxonomy": "post_tag",
      "second_title": "",
      "header_url": "",
      "header_type": "heading_8",
      "header_background": "",
      "header_text_color": "#0a3d61"
    }
  },
  "archive-right": {
    "jnews_popular-5": {
      "title": "POPULAR NEWS",
      "limit": "5",
      "order_by": "views",
      "range": "all",
      "second_title": "",
      "header_url": "",
      "header_type": "heading_8",
      "header_background": "",
      "header_text_color": "#0a3d61"
    },
    "jnews_module_element_ads-5": {
      "ads_type": "image",
      "ads_image": "{{image:ad_300x250:id}}",
      "ads_image_link": "http:\/\/bit.ly\/jnewswp",
      "ads_image_alt": "",
      "ads_image_new_tab": "1",
      "google_publisher_id": "",
      "google_slot_id": "",
      "google_desktop": "auto",
      "google_tab": "auto",
      "google_phone": "auto",
      "content": "",
      "scheme": "normal",
      "column_width": "auto"
    }
  }
}