{
  "template": "jnews",
  "mods": {
    "nav_menu_locations":{
      "mobile_navigation": "{{menu_location:main-navigation:id}}",
      "navigation": "{{menu_location:main-navigation:id}}",
      "top_navigation": "{{menu_location:footer-navigation:id}}",
      "footer_navigation": "{{menu_location:footer-navigation:id}}"
    },
    "jnews_social_icon":[
      {
        "social_icon":"facebook",
        "social_url":"http:\/\/facebook.com"
      },
      {
        "social_icon":"twitter",
        "social_url":"http:\/\/twitter.com"
      },
      {
        "social_icon":"pinterest",
        "social_url":"http:\/\/pinterest.com"
      },
      {
        "social_icon":"rss",
        "social_url":"#"
      }
    ],
    "custom_css_post_id":-1,
    "jnews_single_blog_template":"9",
    "jnews_header_midbar_scheme":"dark",
    "jnews_header_bottombar_scheme":"jeg_navbar_dark",
    "jnews_header_bottombar_border_bottom_height":"0",
    "jnews_hb_element_desktop_top_left":[

    ],
    "jnews_hb_element_desktop_top_right":[

    ],
    "jnews_hb_element_desktop_mid_right":[

    ],
    "jnews_hb_element_desktop_mid_left":[

    ],
    "jnews_hb_element_desktop_bottom_left":[
      "logo",
      "main_menu"
    ],
    "jnews_hb_element_desktop_bottom_right":[
      "button1",
      "login"
    ],
    "jnews_header_width":"full",
    "jnews_header_button_1_text":"UPLOAD",
    "jnews_header_button_1_icon":"fa fa-play",
    "jnews_header_logo": "{{image:logo:url:full}}",
    "jnews_header_logo_retina": "{{image:logo2x:url:full}}",
    "jnews_hb_display_desktop_bottom_left":"grow",
    "jnews_hb_display_desktop_bottom_center":"grow",
    "jnews_hb_element_desktop_bottom_center":[
      "search_form"
    ],
    "jnews_header_bottombar_height":"70",
    "jnews_heading_color":"#1e1926",
    "jnews_body_color":"#666666",
    "jnews_accent_color":"#e91e63",
    "jnews_header_topbar_bg_color":"",
    "jnews_header_bottombar_background_color":"#0e0e0e",
    "jnews_body_font":{
      "font-family":"Montserrat",
      "font-size":"",
      "variant":[
        "regular",
        "700"
      ],
      "line-height":"",
      "color":"",
      "show_variants":true,
      "show_subsets":true,
      "subsets":[

      ]
    },
    "jnews_h1_font":{
      "font-family":"Work Sans",
      "font-size":"",
      "variant":[
        "regular",
        "600"
      ],
      "line-height":"",
      "color":"",
      "show_variants":true,
      "show_subsets":true,
      "subsets":[

      ]
    },
    "jnews_header_font":{
      "font-family":"Work Sans",
      "font-size":"",
      "variant":[
        "regular",
        "600"
      ],
      "line-height":"",
      "color":"",
      "show_variants":true,
      "show_subsets":true,
      "subsets":[

      ]
    },
    "jnews_alt_color":"#832161",
    "jnews_hb_display_desktop_bottom_right":"grow",
    "jnews_header_menu_style":"jeg_menu_style_5",
    "jnews_header_menu_follow":"scroll",
    "jnews_header_stickybar_scheme":"jeg_navbar_dark",
    "jnews_header_stickybar_border_bottom_height":"0",
    "jnews_block_heading_font":{
      "font-family":"Montserrat",
      "font-size":"",
      "variant":[
        "700"
      ],
      "line-height":"",
      "color":"",
      "show_variants":true,
      "show_subsets":true,
      "subsets":[

      ]
    },
    "jnews_category_override_color_{{category:food:id}}": true,
    "jnews_category_color_{{category:food:id}}": "#00bf58",
    "jnews_category_override_color_{{category:music:id}}": true,
    "jnews_category_color_{{category:music:id}}": "#ffd75e",
    "jnews_category_override_color_{{category:sports:id}}": true,
    "jnews_category_override_color_{{category:tech:id}}": true,
    "jnews_category_color_{{category:tech:id}}": "#3454ff",
    "jnews_category_override_color_{{category:movie:id}}": true,
    "jnews_category_color_{{category:sports:id}}": "#ff3a4c",
    "jnews_category_color_{{category:movie:id}}": "#8237d3",
    "jnews_category_override_color_{{category:travel:id}}": false,
    "jnews_category_color_{{category:travel:id}}": "",
    "jnews_header_menu_search_form_width":"80",
    "jnews_header_menu_search_form_style":"square",
    "jnews_boxed_layout":false,
    "jnews_background_color":"#ffffff",
    "jnews_single_show_category":false,
    "jnews_single_share_position":"top",
    "jnews_single_show_prev_next_post":false,
    "jnews_single_show_popup_post":false,
    "jnews_single_show_author_box":true,
    "jnews_single_post_related_header":"heading_8",
    "jnews_ads_content_bottom_enable":true,
    "jnews_ads_content_bottom_type":"image",
    "jnews_ads_content_bottom_image": "{{image:ad_728x90:url:full}}",
    "jnews_ads_content_bottom_link":"#",
    "jnews_author_content":"9",
    "jnews_author_show_sidebar":false,
    "jnews_author_content_pagination":"nav_1",
    "jnews_author_content_pagination_show_navtext":true,
    "jnews_author_content_pagination_show_pageinfo":false,
    "jnews_search_content":"22",
    "jnews_search_show_sidebar":false,
    "jnews_search_sidebar":"default-sidebar",
    "jnews_archive_content":"15",
    "jnews_archive_show_sidebar":false,
    "jnews_404_content":"15",
    "jnews_hb_display_desktop_sticky_mid_center":"grow",
    "jnews_hb_display_desktop_sticky_mid_right":"grow",
    "jnews_hb_element_desktop_sticky_mid_left":[
      "logo",
      "main_menu"
    ],
    "jnews_header_stickybar_background_color":"#151515",
    "jnews_hb_element_desktop_sticky_mid_right":[
      "login"
    ],
    "jnews_sticky_menu_logo": "{{image:logo:url:full}}",
    "jnews_sticky_menu_logo_retina": "{{image:logo2x:url:full}}",
    "jnews_mobile_logo": "{{image:logo:url:full}}",
    "jnews_mobile_logo_retina": "{{image:logo2x:url:full}}",
    "jnews_hb_element_desktop_sticky_mid_center":[
      "search_form"
    ],
    "jnews_header_sticky_width":"full",
    "jnews_category_global_bg_color":"#fe1743",
    "jnews_category_hero_style":"jeg_hero_style_2",
    "jnews_category_header":"3",
    "jnews_category_header_bg_image": "{{image:video_bg:url:full}}",
    "jnews_category_show_sidebar":false,
    "jnews_category_hero_show":false,
    "jnews_category_content":"9",
    "jnews_p_font":{
      "font-family":"Source Sans Pro",
      "font-size":"",
      "variant":[
        "regular",
        "600",
        "700"
      ],
      "line-height":"",
      "color":"",
      "show_variants":true,
      "show_subsets":true,
      "subsets":[

      ]
    },
    "jnews_footer_bg_color":"#231e2b",
    "jnews_footer_widget_title_color":"#fe1743",
    "jnews_footer_style":"4",
    "jnews_footer_secondary_bg_color":"",
    "jnews_footer_secondary_link_color":"#d5d0dd",
    "jnews_footer_copyright_color":"#aaa5b2",
    "jnews_footer_text":"Call us: +123 4567 890",
    "jnews_footer_scheme":"dark",
    "jnews_footer_copyright":"\u00a9 2017 <a href=\"http:\/\/jegtheme.com\" title=\"Premium WordPress news, magazine & blog theme theme\">JNews<\/a> - Download WordPress news, magazine & blog theme theme by <a href=\"http:\/\/jegtheme.com\" title=\"Jegtheme\">Jegtheme<\/a>.",
    "jnews_single_post_related_template":"9",
    "jnews_single_post_pagination_related":"disable",
    "jnews_category_override_color_{{category:gaming:id}}": false,
    "jnews_hb_display_mobile_mid_left":"grow",
    "jnews_hb_display_mobile_mid_center":"normal",
    "jnews_hb_element_mobile_mid_left":[
      "logo"
    ],
    "jnews_hb_element_mobile_mid_center":[

    ],
    "jnews_hb_element_mobile_mid_right":[
      "nav_icon"
    ],
    "jnews_footer_text_color":"#aaa5b2",
    "jnews_footer_menu_color":"#d5d0dd",
    "jnews_footer_line_separator_color":"#443f4c",
    "jnews_footer_menu_hover_text_color":"#ffffff",
    "jnews_footer_menu_separator_color":"#443f4c",
    "jnews_single_number_post_related":"6",
    "jnews_mobile_browser_color":"#ba276b",
    "jnews_ads_header_text":"Advertisement Banner",
    "jnews_ads_content_bottom_text":"Advertisement Banner"
  },
  "options": {
    "site_icon": "{{image:favicon:id}}",
    "show_on_front" : "page",
    "page_on_front" : "{{post:home-1:id}}",
    "nav_menus_created_posts": [],
    "jnews_option[single_show_like]": "both",
    "jnews_option[social_login_alert]": "info",
    "jnews_option[social_login_show]": "hide",
    "jnews_option[social_login_user_role]": "subscriber",
    "jnews_option[social_login_style]": "normal",
    "jnews_option[social_login_enable_facebook]": "",
    "jnews_option[social_login_facebook_id]": "",
    "jnews_option[social_login_facebook_secret]": "",
    "jnews_option[social_login_enable_google]": "",
    "jnews_option[social_login_google_app_name]": "",
    "jnews_option[social_login_google_id]": "",
    "jnews_option[social_login_google_secret]": "",
    "jnews_option[social_login_enable_twitter]": "",
    "jnews_option[social_login_twitter_consumer_key]": "",
    "jnews_option[social_login_twitter_consumer_secret]": "",
    "jnews_option[social_login_enable_linkedin]": "",
    "jnews_option[social_login_linkedin_id]": "",
    "jnews_option[social_login_linkedin_secret]": "",
    "jnews_option[single_view_option]": "jnews",
    "jnews_option[single_social_share_main]": [
      {
        "social_share": "facebook",
        "social_text": "Share on Facebook"
      },
      {
        "social_share": "twitter",
        "social_text": "Share on Twitter"
      },
      {
        "social_share": "googleplus",
        "social_text": ""
      }
    ],
    "jnews_option[single_social_share_secondary]": [
      {
        "social_share": "linkedin"
      },
      {
        "social_share": "pinterest"
      }
    ],
    "jnews_option[single_social_share_threshold]": 0,
    "jnews_option[single_social_share_via_twitter]": "",
    "jnews_option[single_view_initial_value]": "2490",
    "jnews_option[single_social_share_view_percentage]": "22",
    "jnews_option[single_like_view_percentage]": "16"
  }
}