{
  "template": "jnews",
  "mods": {
    "nav_menu_locations": {
      "mobile_navigation": "{{menu_location:mobile-navigation:id}}",
      "navigation": "{{menu_location:main-navigation:id}}",
      "top_navigation": "{{menu_location:footer-navigation:id}}",
      "footer_navigation": "{{menu_location:footer-navigation:id}}"
    },
    "jnews_sticky_menu_logo": "{{image:mobile_logo:url:full}}",
    "jnews_sticky_menu_logo_retina": "{{image:mobile_logo2x:url:full}}",
    "jnews_header_menu_search_style": "jeg_search_fullwidth_expand",
    "jnews_header7_logo_spacing": {
      "bottom": "0",
      "left": "20px",
      "right": "20px",
      "top": "0"
    },
    "jnews_header_logo": "{{image:logo:url:full}}",
    "jnews_header_logo_retina": "{{image:logo2x:url:full}}",
    "jnews_header_menu_border": "1",
    "jnews_header_menu_follow": "scroll",
    "jnews_header_menu_shadow": false,
    "jnews_header_menu_style": "jeg_menu_style_5",
    "jnews_header_style": "7",
    "jnews_footer_7_logo": "{{image:mobile_logo:url:full}}",
    "jnews_footer_7_logo_retina": "{{image:mobile_logo2x:url:full}}",
    "jnews_footer_7_menu_title": "Navigate Site",
    "jnews_footer_7_scheme": "normal",
    "jnews_footer_copyright": "© 2017 <a href=\"http://jegtheme.com\" title=\"Premium WordPress news & magazine theme\">JNews</a> - Premium WordPress news & magazine theme by <a href=\"http://jegtheme.com\" title=\"Jegtheme\">Jegtheme</a>.",
    "jnews_footer_style": "2",
    "jnews_archive_content": "3",
    "jnews_body_font": {
      "font-family": "Roboto",
      "font-size": "15px",
      "variant": [
        "regular",
        "700"
      ],
      "line-height": "",
      "color": "",
      "show_variants": "1",
      "show_subsets": "1",
      "subsets": []
    },
    "jnews_h1_font": {
      "font-family": "Libre Baskerville",
      "font-size": "",
      "variant": [
        "regular",
        "700"
      ],
      "line-height": "",
      "color": "",
      "show_variants": "1",
      "show_subsets": "1",
      "subsets": []
    },
    "jnews_p_font": {
      "font-family": "",
      "font-size": "",
      "variant": [
        "regular",
        "italic",
        "700",
        "700italic"
      ],
      "line-height": "",
      "color": "",
      "show_variants": "1",
      "show_subsets": "1",
      "subsets": []
    },
    "jnews_sidefeed_enable": false,
    "jnews_sidefeed_main_position": "left",
    "jnews_sidefeed_show_trending": "1",
    "jnews_sidefeed_show_category": "1",
    "jnews_sidefeed_category": [
      "16",
      "17",
      "18",
      "19",
      "20",
      "21",
      "26"
    ],
    "jnews_ads_sidefeed_enable": "1",
    "jnews_ads_sidefeed_image": "{{image:ad_300x250:url:full}}",
    "jnews_ads_sidefeed_type": "image",
    "jnews_social_icon": [
      {
        "social_icon": "facebook",
        "social_url": "http://facebook.com"
      },
      {
        "social_icon": "twitter",
        "social_url": "http://twitter.com"
      },
      {
        "social_icon": "googleplus",
        "social_url": "http://plus.google.com"
      },
      {
        "social_icon": "youtube",
        "social_url": "http://youtube.com"
      }
    ],
    "custom_css_post_id": 205,
    "jnews_single_blog_template": "2",
    "jnews_single_blog_layout": "right-sidebar",
    "jnews_single_show_post_author_image": false,
    "jnews_accent_color": "#044389",
    "jnews_btnhover_color": "#ea1313",
    "jnews_alt_color": "#666666",
    "jnews_heading_color": "#020202",
    "jnews_body_color": "#353531",
    "jnews_single_post_related_header": "heading_5",
    "jnews_single_post_pagination_related": "disable",
    "jnews_single_post_related_template": "4",
    "jnews_single_number_post_related": "3",
    "jnews_single_share_position": "float",
    "jnews_archive_show_sidebar": true,
    "jnews_archive_content_excerpt": "30",
    "jnews_search_content": "3",
    "jnews_search_show_sidebar": true,
    "jnews_search_content_excerpt": "30",
    "jnews_archive_content_pagination_show_navtext": true,
    "jnews_search_content_pagination_align": "left",
    "jnews_search_content_pagination_show_navtext": true,
    "jnews_search_content_pagination_show_pageinfo": true,
    "jnews_archive_content_pagination_align": "left",
    "jnews_archive_content_pagination_show_pageinfo": true,
    "jnews_author_sidebar": "default-sidebar",
    "jnews_author_content": "7",
    "jnews_author_content_pagination_align": "left",
    "jnews_author_content_pagination_show_navtext": true,
    "jnews_author_content_pagination_show_pageinfo": true,
    "jnews_single_popup_script": "photoswipe",
    "jnews_header_topbar_social_position": "hide",
    "jnews_header_topbar_account_show": "right",
    "jnews_header_topbar_scheme": "normal",
    "jnews_header_menu_show_search": true,
    "jnews_category_header": "4",
    "jnews_category_hero": "7",
    "jnews_category_show_sidebar": true,
    "jnews_category_content_excerpt": "20",
    "jnews_category_content_pagination_align": "left",
    "jnews_category_content_pagination_show_navtext": true,
    "jnews_category_content_pagination_show_pageinfo": true,
    "jnews_category_content": "4",
    "jnews_ads_article_top_enable": false,
    "jnews_ads_article_top_type": "image",
    "jnews_ads_article_top_image": "{{image:ad_728x90:url:full}}",
    "jnews_ads_content_top_enable": false,
    "jnews_ads_content_top_type": "image",
    "jnews_ads_content_top_image": "{{image:ad_728x90:url:full}}",
    "jnews_ads_content_bottom_enable": true,
    "jnews_ads_content_bottom_type": "image",
    "jnews_ads_content_bottom_image": "{{image:ad_728x90:url:full}}",
    "jnews_ads_content_bottom_link": "#",
    "jnews_ads_content_bottom_open_tab": true,
    "jnews_ads_article_bottom_enable": false,
    "jnews_ads_mobile_sticky_enable": false,
    "jnews_ads_mobile_sticky_type": "image",
    "jnews_header_topbar_date_position": "right",
    "jnews_header_topbar_menu_position": "left",
    "jnews_header_topbar_search_show": "hide",
    "jnews_header_width": "full",
    "jnews_hb_element_desktop_top_right": [],
    "jnews_hb_element_desktop_mid_left": [
      "logo"
    ],
    "jnews_hb_element_desktop_mid_right": [
      "social_icon",
      "button1"
    ],
    "jnews_hb_element_desktop_bottom_left": [
      "main_menu",
      "search_form"
    ],
    "jnews_hb_element_desktop_bottom_right": [],
    "jnews_header_topbar_height": "36",
    "jnews_header_bottombar_height": "58",
    "jnews_header_bottombar_boxed": false,
    "jnews_header_bottombar_border": false,
    "jnews_header_bottombar_border_bottom_height": "1",
    "jnews_hb_element_desktop_top_left": [],
    "jnews_header_social_icon": "nobg",
    "jnews_hb_display_desktop_top_left": "normal",
    "jnews_hb_display_desktop_top_center": "grow",
    "jnews_hb_display_desktop_mid_left": "grow",
    "jnews_hb_element_desktop_top_center": [],
    "jnews_hb_element_desktop_mid_center": [],
    "jnews_header_topbar_bg_color": "",
    "jnews_header_bottombar_border_top_height": "0",
    "jnews_header_bottombar_border_top_color": "",
    "jnews_hb_display_desktop_bottom_left": "grow",
    "jnews_hb_display_desktop_bottom_center": "normal",
    "jnews_hb_element_desktop_bottom_center": [],
    "jnews_header_button_1_text": "Subscribe",
    "jnews_header_button_1_form": "outline",
    "jnews_header_button_1_text_color": "#ffffff",
    "jnews_header_button_1_border_color": "#ffffff",
    "jnews_header_font": {
      "font-family": "Roboto",
      "font-size": "14px",
      "variant": [],
      "line-height": "",
      "color": "",
      "show_variants": true,
      "show_subsets": true,
      "subsets": []
    },
    "jnews_footer_1_scheme": "custom",
    "jnews_footer_1_bg_color": "#093969",
    "jnews_footer_1_text_color": "#ffffff",
    "jnews_footer_1_menu_separator_color": "",
    "jnews_footer_1_line_separator_color": "rgba(204,204,204,0.33)",
    "jnews_footer_1_copyright_color": "#e5e5e5",
    "jnews_footer_1_menu_color": "#e5e5e5",
    "jnews_single_show_post_author": true,
    "jnews_single_number_popup_post": "3",
    "jnews_single_show_author_box": false,
    "jnews_single_sidebar": "single-post",
    "jnews_hb_element_desktop_sticky_mid_left": [
      "logo"
    ],
    "jnews_hb_element_desktop_sticky_mid_center": [
      "main_menu"
    ],
    "jnews_header_stickybar_height": "60",
    "jnews_hb_display_desktop_sticky_mid_center": "normal",
    "jnews_hb_align_desktop_sticky_mid_center": "center",
    "jnews_hb_display_desktop_sticky_mid_left": "grow",
    "jnews_hb_align_desktop_sticky_mid_left": "left",
    "jnews_single_show_prev_next_post": false,
    "jnews_header_social_icon_text_color": "#ffffff",
    "jnews_header_social_icon_background": "#044389",
    "jnews_hb_element_desktop_sticky_mid_right": [
      "search_icon"
    ],
    "jnews_footer_3_scheme": "custom",
    "jnews_footer_3_bg_color": "#093969",
    "jnews_footer_3_secondary_bg_color": "#002651",
    "jnews_footer_3_menu_position": "right",
    "jnews_footer_3_menu_color": "#eeeeee",
    "jnews_footer_3_menu_separator_color": "#707070",
    "jnews_footer_3_social_icon_color": "#dbdbdb",
    "jnews_footer_3_social_icon_hover_color": "#aaaaaa",
    "jnews_footer_3_secondary_link_color": "#ffffff",
    "jnews_footer_3_copyright_color": "#d1d1d1",
    "jnews_footer_3_heading_color": "rgba(247,247,247,0.93)",
    "jnews_footer_3_text_color": "#ffffff",
    "jnews_footer_3_link_color": "#ffffff",
    "jnews_footer_3_tags_bg": "rgba(255,255,255,0.24)",
    "jnews_footer_3_tags_color": "#ffffff",
    "jnews_footer_2_scheme": "dark",
    "jnews_footer_2_bg_color": "",
    "jnews_footer_2_menu_separator_color": "",
    "jnews_footer_2_line_separator_color": "",
    "jnews_footer_2_copyright_color": "",
    "jnews_footer_2_menu_color": "",
    "jnews_category_header_style": "dark",
    "jnews_category_header_bg_color": "#093969",
    "jnews_footer_bg_color": "#020202",
    "jnews_footer_text_color": "#999999",
    "jnews_footer_widget_title_color": "#ffffff",
    "jnews_category_content_pagination": "nav_3",
    "jnews_archive_content_pagination": "nav_3",
    "jnews_search_content_pagination": "nav_3",
    "jnews_search_only_post": true,
    "jnews_author_content_pagination": "nav_3",
    "jnews_attachment_show_sidebar": false,
    "jnews_404_show_sidebar": true,
    "jnews_ads_header_image": "{{image:ad_728x90:url:full}}",
    "jnews_header_mobile_topbar_scheme": "normal",
    "jnews_header_mobile_midbar_scheme": "normal",
    "jnews_mobile_logo": "{{image:mobile_logo:url:full}}",
    "jnews_mobile_logo_retina": "{{image:mobile_logo2x:url:full}}",
    "jnews_mobile_browser_color": "#093969",
    "jnews_ads_header_text": "Advertisement Banner",
    "jnews_ads_content_bottom_text": "Advertisement Banner",
    "jnews_header_mobile_drawer_scheme": "dark",
    "jnews_header_mobile_drawer_background_color": "#002066",
    "jnews_hb_element_mobile_drawer_top_center": [
      "search_form",
      "mobile_menu"
    ],
    "jnews_mobile_menu_follow": "pinned",
    "jnews_hb_arrange_bar": [
      "top",
      "mid",
      "bottom"
    ],
    "jnews_header_midbar_border_bottom_height": "0",
    "jnews_header_bottombar_scheme": "jeg_navbar_normal",
    "jnews_header_bottombar_background_color": "",
    "jnews_header_stickybar_scheme": "jeg_navbar_normal",
    "jnews_header_stickybar_border_bottom_height": "1",
    "jnews_hb_display_desktop_mid_right": "normal",
    "jnews_header_midbar_height": "68",
    "jnews_header_menu_search_form_width": "20",
    "jnews_header_menu_search_form_style": "square",
    "jnews_header_menu_search_noexpand_input_border_color": "",
    "jnews_header_menu_search_noexpand_icon_color": "",
    "jnews_header_midbar_background": "#044389",
    "jnews_header_menu_hover_text_color": "#044389",
    "jnews_header_logo_spacing": {
      "top": "0px",
      "bottom": "0px",
      "left": "15px",
      "right": "0px"
    },
    "jnews_hb_display_desktop_bottom_right": "normal",
    "jnews_header_html_mobile": "",
    "jnews_header_html_1": "<a href=\"#\"><i class=\"fa fa-envelope\"></i> Subscribe</a>",
    "jnews_header_mid_text_color": "",
    "jnews_header_mid_link_color_hover": "#ffffff",
    "jnews_header_midbar_border_bottom_color": "",
    "jnews_header_button_1_background_color": "",
    "jnews_header_button_1_background_hover_color": "",
    "jnews_header_sticky_width": "full",
    "jnews_hb_display_desktop_sticky_mid_right": "grow"
  },
  "options": {
    "site_icon": "{{image:favicon:id}}",
    "show_on_front": "page",
    "page_on_front": "{{post:home-1:id}}",
    "nav_menus_created_posts": [],
    "jnews_option[enable_schema]": true,
    "jnews_option[main_schema_type]": "organization",
    "jnews_option[main_schema_type_header_person]": "",
    "jnews_option[main_schema_person_name]": "",
    "jnews_option[main_scheme_person_address]": "",
    "jnews_option[main_schema_organization_name]": "Jegtheme",
    "jnews_option[main_schema_logo]": "{{image:logo:url:full}}",
    "jnews_option[main_scheme_telp]": "+1-880-555-1212",
    "jnews_option[main_scheme_contact_type]": "customer_service",
    "jnews_option[main_scheme_area]": "Worldwide",
    "jnews_option[article_schema_type]": "article",
    "jnews_option[social_meta_fb_app_id]": "",
    "jnews_option[social_login_alert]": "info",
    "jnews_option[social_login_show]": "both",
    "jnews_option[social_login_user_role]": "subscriber",
    "jnews_option[social_login_style]": "normal",
    "jnews_option[social_login_enable_facebook]": true,
    "jnews_option[social_login_facebook_id]": "1723271634571136",
    "jnews_option[social_login_facebook_secret]": "7b1763dba64daa9a75cfd6330492e5d4",
    "jnews_option[social_login_enable_google]": true,
    "jnews_option[social_login_google_app_name]": "JNews",
    "jnews_option[social_login_google_id]": "270008145002-o715fttvtjhhncc9rlor4efdkjc73usj.apps.googleusercontent.com",
    "jnews_option[social_login_google_secret]": "jecFRDyXlC0HvzwoJPPgQxI-",
    "jnews_option[social_login_enable_linkedin]": true,
    "jnews_option[social_login_linkedin_id]": "77c00m3nomtawu",
    "jnews_option[social_login_linkedin_secret]": "z63gwOHYICog1azG",
    "jnews_option[single_view_option]": "jnews",
    "jnews_option[single_social_share_main]": [
      {
        "social_share": "facebook",
        "social_text": "Share on Facebook"
      },
      {
        "social_share": "twitter",
        "social_text": "Share on Twitter"
      },
      {
        "social_share": "googleplus",
        "social_text": ""
      },
      {
        "social_share": "email",
        "social_text": ""
      },
      {
        "social_share": "qrcode",
        "social_text": ""
      }
    ],
    "jnews_option[single_social_share_secondary]": [
      {
        "social_share": "linkedin"
      },
      {
        "social_share": "pinterest"
      },
      {
        "social_share": "whatsapp"
      },
      {
        "social_share": "wechat"
      },
      {
        "social_share": "vk"
      }
    ],
    "jnews_option[single_social_share_threshold]": 0,
    "jnews_option[single_social_share_via_twitter]": "",
    "jnews_option[single_view_initial_value]": "1402",
    "jnews_option[single_social_share_view_percentage]": "35",
    "jnews_option[single_like_view_percentage]": "18",
    "jnews_option[enable_logged_user]": "disable",
    "jnews_option[bottom_script]": "enable",
    "jnews_option[concat_script]": "enable",
    "jnews_option[above_the_fold_script]": "enable",
    "jnews_option[minify_html]": "enable",
    "jnews_option[amp_ads_above_header_enable]": "",
    "jnews_option[amp_ads_above_header_google_publisher]": "",
    "jnews_option[amp_ads_above_header_google_id]": "",
    "jnews_option[amp_ads_above_header_size]": "auto",
    "jnews_option[amp_ads_above_article_enable]": "",
    "jnews_option[amp_ads_above_article_google_publisher]": "",
    "jnews_option[amp_ads_above_article_google_id]": "",
    "jnews_option[amp_ads_above_article_size]": "auto",
    "jnews_option[amp_ads_above_content_enable]": "",
    "jnews_option[amp_ads_above_content_google_publisher]": "",
    "jnews_option[amp_ads_above_content_google_id]": "",
    "jnews_option[amp_ads_above_content_size]": "auto",
    "jnews_option[amp_ads_inline_content_enable]": "",
    "jnews_option[amp_ads_inline_content_paragraph_random]": "",
    "jnews_option[amp_ads_inline_content_paragraph]": "3",
    "jnews_option[amp_ads_inline_content_google_publisher]": "",
    "jnews_option[amp_ads_inline_content_google_id]": "",
    "jnews_option[amp_ads_inline_content_size]": "auto",
    "jnews_option[amp_ads_below_content_enable]": "",
    "jnews_option[amp_ads_below_content_google_publisher]": "",
    "jnews_option[amp_ads_below_content_google_id]": "",
    "jnews_option[amp_ads_below_content_size]": "auto",
    "jnews_option[amp_ads_below_article_enable]": "",
    "jnews_option[amp_ads_below_article_google_publisher]": "",
    "jnews_option[amp_ads_below_article_google_id]": "",
    "jnews_option[amp_ads_below_article_size]": "auto",
    "amp_customizer[header_color]": "#fff",
    "amp_customizer[header_background_color]": "#0a89c0",
    "amp_customizer[color_scheme]": "light"
 }
}