{
  "template": "jnews",
  "mods": {
    "custom_css_post_id": -1,
    "nav_menu_locations": {
      "mobile_navigation": "{{menu_location:mobile-navigation:id}}",
      "navigation": "{{menu_location:main-navigation:id}}",
      "top_navigation": "{{menu_location:footer-navigation:id}}",
      "footer_navigation": "{{menu_location:footer-navigation:id}}"
    },
    "jnews_sticky_menu_logo": "",
    "jnews_sticky_menu_logo_retina": "",
    "jnews_social_icon": [
      {
        "social_icon": "facebook",
        "social_url": "http://facebook.com"
      },
      {
        "social_icon": "twitter",
        "social_url": "http://twitter.com"
      },
      {
        "social_icon": "googleplus",
        "social_url": "http://plus.google.com"
      },
      {
        "social_icon": "pinterest",
        "social_url": "http://pinterest.com"
      },
      {
        "social_icon": "vk",
        "social_url": "#"
      },
      {
        "social_icon": "rss",
        "social_url": "#"
      }
    ],
    "jnews_body_color": "#39434d",
    "jnews_accent_color": "#4886ff",
    "jnews_btnhover_color": "#4ca0ff",
    "jnews_heading_color": "#47515a",
    "jnews_header_style": "3",
    "jnews_header_logo": "https://jnews.io/tech/wp-content/uploads/sites/4/2017/02/logo.png",
    "jnews_header_logo_retina": "https://jnews.io/tech/wp-content/uploads/sites/4/2017/02/logo@2x.png",
    "jnews_header_logo_alt": "Tech News, Magazine & Review WordPress Theme 2017",
    "jnews_mobile_logo": "https://jnews.io/tech/wp-content/uploads/sites/4/2017/02/logo.png",
    "jnews_mobile_logo_retina": "https://jnews.io/tech/wp-content/uploads/sites/4/2017/02/logo@2x.png",
    "jnews_header_topbar_scheme": "dark",
    "jnews_header_topbar_bg_color": "#3b6ed1",
    "jnews_header_topbar_text_color": "#f5f5f5",
    "jnews_header_topbar_border_bottom": "rgba(255,255,255,0)",
    "jnews_header_topbar_side_border": "rgba(255,255,255,0)",
    "jnews_header_menu_scheme": "jeg_navbar_custom",
    "jnews_header_menu_background_color": "#4886ff",
    "jnews_header_menu_text_color": "#ffffff",
    "jnews_header_submenu_icon_color": "rgba(255,255,255,0.4)",
    "jnews_header_mobile_midbar_background_color": "#4886ff",
    "jnews_header3_logo_spacing": {
      "top": "17px",
      "bottom": "0px",
      "left": "0px",
      "right": "0px"
    },
    "jnews_header3_height": "60",
    "jnews_header_topbar_date_position": "right",
    "jnews_header_topbar_account_show": "hide",
    "jnews_header_menu_search_style": "jeg_search_fullwidth_expand",
    "jnews_footer_style": "3",
    "jnews_footer_menu_position": "right",
    "jnews_footer_social_position": "hide",
    "jnews_footer_scheme": "normal",
    "jnews_footer_widget_title_color": "#4886ff",
    "jnews_header_menu_shadow": true,
    "jnews_header_menu_border_color": "rgba(69,125,235,0)",
    "jnews_body_font": {
      "font-family": "Poppins",
      "font-size": "",
      "variant": [
        "regular",
        "500",
        "600"
      ],
      "line-height": "",
      "color": "",
      "show_variants": true,
      "show_subsets": true,
      "subsets": []
    },
    "jnews_h1_font": {
      "font-family": "",
      "font-size": "",
      "variant": null,
      "line-height": "",
      "color": "",
      "show_variants": true,
      "show_subsets": true,
      "subsets": []
    },
    "jnews_p_font": {
      "font-family": "Open Sans",
      "font-size": "",
      "variant": [
        "regular",
        "600",
        "700"
      ],
      "line-height": "",
      "color": "",
      "show_variants": true,
      "show_subsets": true,
      "subsets": []
    },
    "jnews_single_blog_template": "5",
    "jnews_single_show_category": false,
    "jnews_single_comment": false,
    "jnews_single_share_position": "float",
    "jnews_single_show_view_counter": true,
    "jnews_single_post_related_template": "15",
    "jnews_single_number_post_related": "4",
    "jnews_ads_content_bottom_enable": true,
    "jnews_single_show_prev_next_post": false,
    "jnews_single_show_author_box": true,
    "jnews_ads_content_bottom_type": "image",
    "jnews_ads_content_bottom_image": "{{image:ad_728x90:url:full}}",
    "jnews_ads_content_bottom_link": "#",
    "jnews_single_share_float_style": "share-normal",
    "jnews_category_header": "4",
    "jnews_category_header_bg_image": "{{image:tech2:url:full}}",
    "jnews_category_show_sidebar": false,
    "jnews_category_hero_show": false,
    "jnews_category_content_excerpt": "30",
    "jnews_author_sidebar": "author",
    "jnews_header_menu_hover_background_color": "rgba(255,255,255,0.1)",
    "jnews_header_menu_style": "jeg_menu_style_4",
    "jnews_header_submenu_background": "#39434d",
    "jnews_header_submenu_text_color": "#e1e3e7",
    "jnews_header_submenu_border_color": "#47515a",
    "jnews_header_submenu_hover_background_color": "#47515a",
    "jnews_header_mega_menu_subcat_newsfeed_bg_color": "#323a42",
    "jnews_header_mega_menu_subcat_newsfeed_border_color": "#323a42",
    "jnews_header_mega_menu_subcat_newsfeed_hover_bg_color": "#39434d",
    "jnews_header_mega_menu_newsfeed_bg_color": "#39434d",
    "jnews_header_mega_menu_newsfeed_text_color": "#f6f7fb",
    "jnews_header_mega_menu_newsfeed_arrow_bg_color": "rgba(255,255,255,0.15)",
    "jnews_header_mega_menu_newsfeed_arrow_border_color": "rgba(80,185,255,0)",
    "jnews_header_mega_menu_newsfeed_arrow_hover_bg_color": "#4886ff",
    "jnews_header_mega_menu_newsfeed_arrow_color": "#ffffff",
    "jnews_header_mega_menu_subcat_newsfeed_text_color": "#ced3dc",
    "jnews_header_mega_menu_subcat_newsfeed_hover_text_color": "#ffffff",
    "jnews_header_mega_menu_newsfeed_tags_border_color": "rgba(255,255,255,0.07)",
    "jnews_header_mega_menu_newsfeed_tags_heading_color": "#f6f7fb",
    "jnews_header_mega_menu_newsfeed_overlay_bg_color": "rgba(255,255,255,0.05)",
    "jnews_header_mega_menu_newsfeed_tags_list_color": "#b5d5ff",
    "jnews_mobile_backgrond_color": "#4886ff",
    "jnews_mobile_button_color": "",
    "jnews_mobile_button_background": "#3f77e4",
    "jnews_mobile_menu_background": "#39434d",
    "jnews_mobile_text_background": "#e1e3e7",
    "jnews_mobile_menu_text_hover_color": "#ffffff",
    "jnews_mobile_social_background": "#3fb2ff",
    "jnews_mobile_social_icon_color": "#ffffff",
    "jnews_mobile_social_icon_hover_color": "#457deb",
    "jnews_category_color_{{category:applications:id}}": "#ab47bc",
    "jnews_category_color_{{category:microsoft:id}}": "#2962ff",
    "jnews_category_content": "9",
    "jnews_category_color_{{category:apple:id}}": "#42a5f5",
    "jnews_category_color_{{category:laptop:id}}": "#ffab40",
    "jnews_category_color_{{category:audio:id}}": "#ec407a",
    "jnews_category_color_{{category:computers:id}}": "#26a69a",
    "jnews_category_color_{{category:gaming:id}}": "#ef5350",
    "jnews_category_color_{{category:gear:id}}": "#ffa726",
    "jnews_category_color_{{category:camera:id}}": "#00bcd4",
    "jnews_category_color_{{category:smartphone:id}}": "#4caf50",
    "jnews_category_color_{{category:photography:id}}": "#f9a825",
    "jnews_category_color_{{category:review:id}}": "#ffc107",
    "jnews_category_color_{{category:security:id}}": "#7c4dff",
    "jnews_category_override_color_{{category:apple:id}}": true,
    "jnews_category_override_color_{{category:applications:id}}": true,
    "jnews_category_override_color_{{category:audio:id}}": true,
    "jnews_category_override_color_{{category:camera:id}}": true,
    "jnews_category_override_color_{{category:computers:id}}": true,
    "jnews_category_override_color_{{category:gaming:id}}": true,
    "jnews_category_override_color_{{category:gear:id}}": true,
    "jnews_category_override_color_{{category:laptop:id}}": true,
    "jnews_category_override_color_{{category:microsoft:id}}": true,
    "jnews_category_override_color_{{category:smartphone:id}}": true,
    "jnews_category_override_color_{{category:photography:id}}": true,
    "jnews_category_override_color_{{category:review:id}}": true,
    "jnews_category_override_color_{{category:security:id}}": true,
    "jnews_hb_element_desktop_mid_left": [],
    "jnews_hb_element_desktop_bottom_left": [
      "logo",
      "main_menu"
    ],
    "jnews_hb_element_desktop_mid_right": [],
    "jnews_header_bottombar_height": "61",
    "jnews_header_bottombar_scheme": "jeg_navbar_dark",
    "jnews_header_bottombar_background_color": "#4886ff",
    "jnews_header_social_icon_text_color": "#ffffff",
    "jnews_header_bottombar_border_bottom_height": "0",
    "jnews_hb_element_desktop_bottom_right": [
      "search_icon"
    ],
    "jnews_header_menu_search_form_width": "100",
    "jnews_header_menu_search_form_style": "square",
    "jnews_hb_display_desktop_bottom_left": "normal",
    "jnews_hb_display_desktop_bottom_right": "grow",
    "jnews_hb_element_desktop_top_right": [
      "social_icon"
    ],
    "jnews_hb_element_desktop_sticky_mid_left": [
      "main_menu"
    ],
    "jnews_header_menu_follow": "fixed",
    "jnews_header_search_icon_color": "",
    "jnews_hb_element_desktop_sticky_mid_right": [
      "social_icon",
      "separator4",
      "search_icon"
    ],
    "jnews_header_stickybar_background_color": "",
    "jnews_header_search_popup_bg_color": "#39434d",
    "jnews_header_search_popup_border_color": "#39434d",
    "jnews_header_search_popup_input_border_color": "#ffffff",
    "jnews_header_search_popup_input_color": "",
    "jnews_header_menu_search_noexpand_result_text_color": "",
    "jnews_hb_element_desktop_top_left": [
      "top_bar_menu"
    ],
    "jnews_header_menu_search_noexpand_input_result_background_color": "",
    "jnews_header_search_popup_result_input_bg_color": "",
    "jnews_header_search_popup_result_input_border_color": "",
    "jnews_header_search_popup_result_text_color": "#ffffff",
    "jnews_header_stickybar_scheme": "jeg_navbar_dark",
    "jnews_header_sticky_width": "normal",
    "jnews_header_stickybar_fitwidth": false,
    "jnews_header_stickybar_border": false,
    "jnews_header_stickybar_shadow": false,
    "jnews_header_stickybar_border_bottom_height": "0",
    "jnews_hb_display_desktop_mid_left": "grow",
    "jnews_hb_element_desktop_mid_center": [],
    "jnews_ads_header_enable": true,
    "jnews_ads_header_type": "image",
    "jnews_ads_header_image": "{{image:ad_728x90:url:full}}"
  },
  "options": {
    "site_icon": "{{image:favicon:id}}",
    "show_on_front" : "page",
    "page_on_front" : "{{post:home-1:id}}",
    "nav_menus_created_posts": [],
    "jnews_option[preview_slider_toggle]": false,
    "jnews_option[preview_slider_desc]": false,
    "jnews_option[preview_slider_ads]": false,
    "jnews_option[preview_slider_loader]": "dot",
    "jnews_option[ads_preview_slider_type]": "image",
    "jnews_option[ads_preview_slider_image]": "{{image:ad_300x250:url:full}}",
    "jnews_option[ads_preview_slider_link]": "#",
    "jnews_option[ads_preview_slider_text]": "",
    "jnews_option[ads_preview_slider_google_publisher]": "",
    "jnews_option[ads_preview_slider_google_id]": "",
    "jnews_option[ads_preview_slider_google_desktop]": "auto",
    "jnews_option[ads_preview_slider_code]": "",
    "jnews_option[ads_preview_slider_shortcode]": "",
    "jnews_option[instagram_feed_enable]": "hide",
    "jnews_option[footer_instagram_username]": "",
    "jnews_option[footer_instagram_row]": 1,
    "jnews_option[footer_instagram_column]": 8,
    "jnews_option[footer_instagram_sort_type]": "most_recent",
    "jnews_option[footer_instagram_hover_style]": "zoom",
    "jnews_option[footer_instagram_follow_button]": "",
    "jnews_option[footer_instagram_newtab]": "",
    "jnews_option[price_front]": "$",
    "jnews_option[price_behind]": "",
    "jnews_option[price_float_position]": "right",
    "jnews_option[single_view_option]": "jnews",
    "jnews_option[single_social_share_main]": [
      {
        "social_share": "facebook",
        "social_text": "Share on Facebook"
      },
      {
        "social_share": "twitter",
        "social_text": "Share on Twitter"
      },
      {
        "social_share": "googleplus",
        "social_text": ""
      }
    ],
    "jnews_option[single_social_share_secondary]": [
      {
        "social_share": "linkedin"
      },
      {
        "social_share": "pinterest"
      }
    ],
    "jnews_option[single_social_share_threshold]": 0,
    "jnews_option[single_social_share_via_twitter]": "@jegtheme",
    "jnews_option[single_view_initial_value]": "1500",
    "jnews_option[single_social_share_view_percentage]": "31",
    "jnews_option[single_like_view_percentage]": "10",
    "jnews_option[split_loader]": "dot"
  }
}