{
  "template": "jnews",
  "mods": {
    "nav_menu_locations": {
      "navigation": "{{menu_location:main-navigation:id}}",
      "mobile_navigation": "{{menu_location:mobile-navigation:id}}",
      "footer_navigation": "{{menu_location:footer-navigation:id}}"
    },
    "custom_css_post_id": -1,
    "jnews_hb_display_desktop_mid_left": "grow",
    "jnews_hb_display_desktop_mid_right": "normal",
    "jnews_hb_element_desktop_top_left": [],
    "jnews_hb_element_desktop_mid_left": [
      "logo"
    ],
    "jnews_hb_element_desktop_mid_right": [
      "date",
      "separator4",
      "login"
    ],
    "jnews_hb_element_desktop_bottom_left": [
      "main_menu"
    ],
    "jnews_hb_element_desktop_bottom_right": [
      "search_icon",
      "nav_icon"
    ],
    "jnews_header_bottombar_height": "50",
    "jnews_body_color": "#666666",
    "jnews_accent_color": "#045973",
    "jnews_body_font": {
      "font-family": "Open Sans",
      "font-size": "",
      "variant": [
        "regular",
        "700"
      ],
      "line-height": "",
      "color": "",
      "show_variants": true,
      "show_subsets": true,
      "subsets": []
    },
    "jnews_header_font": {
      "font-family": "",
      "font-size": "",
      "variant": [
        "regular",
        "700"
      ],
      "line-height": "",
      "color": "",
      "show_variants": true,
      "show_subsets": true,
      "subsets": []
    },
    "jnews_h1_font": {
      "font-family": "Lora",
      "font-size": "",
      "variant": [
        "regular",
        "700"
      ],
      "line-height": "",
      "color": "",
      "show_variants": true,
      "show_subsets": true,
      "subsets": []
    },
    "jnews_block_heading_font": {
      "font-family": "",
      "font-size": "",
      "variant": null,
      "line-height": "",
      "color": "",
      "show_variants": true,
      "show_subsets": true,
      "subsets": []
    },
    "jnews_hb_element_desktop_bottom_center": [],
    "jnews_header_logo": "{{image:logo:url:full}}",
    "jnews_header_logo_retina": "{{image:logo2x:url:full}}",
    "jnews_header_midbar_height": "75",
    "jnews_header_menu_search_form_style": "square",
    "jnews_header_topbar_scheme": "normal",
    "jnews_header_topbar_bg_color": "#ffffff",
    "jnews_header_menu_style": "jeg_menu_style_1",
    "jnews_override_container_width": true,
    "jnews_content_laptop": 1170,
    "jnews_content_desktop": 1263,
    "jnews_header_logo_spacing": {
      "top": "0px",
      "bottom": "0px",
      "left": "0px",
      "right": "0px"
    },
    "jnews_boxed_layout": true,
    "jnews_background_color": "#e7ecef",
    "jnews_container_desktop": 1346,
    "jnews_header_menu_search_form_width": "100",
    "jnews_header_social_icon": "square",
    "jnews_header_search_style": "jeg_search_popup_expand",
    "jnews_heading_color": "#0c120c",
    "jnews_footer_bg_color": "#272932",
    "jnews_footer_widget_title_color": "#ffffff",
    "jnews_footer_text_color": "rgba(255,255,255,0.6)",
    "jnews_hb_element_desktop_top_right": [],
    "jnews_header_topbar_border_top_height": "5",
    "jnews_header_topbar_border_top_color": "#0a120d",
    "jnews_hb_arrange_bar": [
      "top",
      "mid",
      "bottom"
    ],
    "jnews_footer_style": "3",
    "jnews_footer_link_color": "rgba(255,255,255,0.8)",
    "jnews_footer_secondary_bg_color": "#1c1e26",
    "jnews_footer_form_bg": "rgba(255,255,255,0.12)",
    "jnews_footer_linkhover_color": "#ffffff",
    "jnews_mobile_logo": "{{image:mobile_logo:url:full}}",
    "jnews_mobile_logo_retina": "{{image:mobile_logo2x:url:full}}",
    "jnews_header_mobile_midbar_scheme": "dark",
    "jnews_header_mobile_midbar_background_color": "#0c120c",
    "jnews_header_bottombar_scheme": "",
    "jnews_header_bottombar_background_color": "",
    "jnews_header_bottombar_enable_gradient": false,
    "jnews_header_bottombar_border_bottom_height": "",
    "jnews_header_bottombar_height": "",
    "jnews_single_blog_template": "2",
    "jnews_single_blog_enable_parallax": true,
    "jnews_single_blog_enable_fullscreen": false,
    "jnews_single_blog_layout": "right-sidebar",
    "jnews_single_post_show_inline_related": true,
    "jnews_single_post_inline_related_ftitle": "RELATED POSTS",
    "jnews_single_post_inline_related_stitle": "",
    "jnews_single_post_inline_related_float": "left",
    "jnews_single_post_inline_related_header": "heading_5",
    "jnews_single_post_inline_related_number": "2",
    "jnews_single_post_inline_related_pagination": "disable",
    "jnews_single_show_post_related": true,
    "jnews_single_post_related_template": "4",
    "jnews_single_show_prev_next_post": false,
    "jnews_single_number_popup_post": "2",
    "jnews_single_show_author_box": true,
    "jnews_single_post_pagination_related": "disable",
    "jnews_single_share_position": "topbottom",
    "jnews_single_share_float_style": "share-normal",
    "jnews_single_show_tag": true,
    "jnews_single_show_post_author_image": true,
    "jnews_single_post_thumbnail_size": "no-crop",
    "jnews_single_post_related_header": "heading_9",
    "jnews_single_number_post_related": "5",
    "jnews_mobile_truncate": true,
    "jnews_mobile_truncate_btn_bg": "#045973",
    "jnews_category_page_layout": "double-sidebar",
    "jnews_category_hero_show": true,
    "jnews_category_hero": "7",
    "jnews_category_hero_style": "jeg_hero_style_4",
    "jnews_category_sidebar": "archive-left",
    "jnews_category_second_sidebar": "archive-right",
    "jnews_category_content": "4",
    "jnews_category_hero_margin": "1",
    "jnews_author_page_layout": "right-sidebar-narrow",
    "jnews_index_page_layout": "double-sidebar",
    "jnews_index_sidebar": "archive-left",
    "jnews_index_second_sidebar": "archive-right",
    "jnews_archive_page_layout": "double-sidebar",
    "jnews_archive_sidebar": "archive-left",
    "jnews_search_page_layout": "right-sidebar-narrow",
    "jnews_attachment_page_layout": "right-sidebar",
    "jnews_404_page_layout": "right-sidebar-narrow",
    "jnews_404_content": "5",
    "jnews_archive_second_sidebar": "archive-right",
    "jnews_404_content_excerpt": "28",
    "jnews_ads_content_bottom_enable": true,
    "jnews_ads_content_bottom_type": "image",
    "jnews_ads_content_bottom_image": "{{image:ad_728x90:url:full}}"
  },
  "options": {
    "site_icon": "{{image:favicon:id}}",
    "show_on_front" : "page",
    "page_on_front" : "{{post:home-1:id}}",
    "nav_menus_created_posts": [],
    "amp_customizer[header_color]": "#fff",
    "amp_customizer[header_background_color]": "#0a89c0",
    "amp_customizer[color_scheme]": "light"
  },
  "wp_css": ""
}