{
  "mods": {
    "custom_css_post_id": -1,
    "jnews_404_sidebar": "archives",
    "jnews_accent_color": "#8789c0",
    "jnews_ads_article_bottom_enable": false,
    "jnews_ads_article_bottom_image": "{{image:ad_970x90:url:full}}",
    "jnews_ads_article_bottom_link": "#",
    "jnews_ads_article_bottom_type": "image",
    "jnews_ads_content_bottom_enable": false,
    "jnews_ads_content_bottom_image": "",
    "jnews_ads_content_bottom_type": "image",
    "jnews_ads_content_inline_enable": false,
    "jnews_ads_content_inline_image": "{{image:ad_728x90:url:full}}",
    "jnews_ads_content_inline_paragraph": "0",
    "jnews_ads_content_inline_type": "image",
    "jnews_alt_color": "#5dfdcb",
    "jnews_archive_content": "3",
    "jnews_archive_sidebar": "archives",
    "jnews_author_sidebar": "archives",
    "jnews_block_heading_font": {
      "color": "",
      "font-family": "",
      "font-size": "",
      "line-height": "",
      "show_subsets": true,
      "show_variants": true,
      "subsets": [],
      "variant": ""
    },
    "jnews_body_color": "#343536",
    "jnews_body_font": {
      "color": "",
      "font-family": "Raleway",
      "font-size": "",
      "line-height": "",
      "show_subsets": true,
      "show_variants": true,
      "subsets": [],
      "variant": [
        "regular",
        "700"
      ]
    },
    "jnews_category_content": "3",
    "jnews_category_global_bg_color": "#8789c0",
    "jnews_category_global_text_color": "#ffffff",
    "jnews_category_header": "2",
    "jnews_category_hero": "9",
    "jnews_category_hero_margin": "5",
    "jnews_category_sidebar": "archives",
    "jnews_footer_bg_color": "#f7f7fa",
    "jnews_footer_copyright_position": "right",
    "jnews_footer_custom_layout": "45",
    "jnews_footer_menu_position": "left",
    "jnews_footer_scheme": "normal",
    "jnews_footer_style": "6",
    "jnews_h1_font": {
      "color": "",
      "font-family": "Lora",
      "font-size": "",
      "line-height": "",
      "show_subsets": true,
      "show_variants": true,
      "subsets": [],
      "variant": [
        "regular",
        "700",
        "italic",
        "700italic"
      ]
    },
    "jnews_hb_align_desktop_mid_center": "center",
    "jnews_hb_display_desktop_bottom_center": "normal",
    "jnews_hb_display_desktop_bottom_left": "grow",
    "jnews_hb_display_desktop_bottom_right": "grow",
    "jnews_hb_display_desktop_mid_center": "normal",
    "jnews_hb_display_desktop_mid_left": "grow",
    "jnews_hb_display_desktop_mid_right": "grow",
    "jnews_hb_display_desktop_sticky_mid_left": "grow",
    "jnews_hb_display_desktop_sticky_mid_right": "grow",
    "jnews_hb_element_desktop_bottom_center": [
      "main_menu"
    ],
    "jnews_hb_element_desktop_bottom_left": [
      "nav_icon"
    ],
    "jnews_hb_element_desktop_bottom_right": [
      "html1",
      "search_icon"
    ],
    "jnews_hb_element_desktop_mid_center": [
      "logo"
    ],
    "jnews_hb_element_desktop_mid_left": [],
    "jnews_hb_element_desktop_mid_right": [],
    "jnews_hb_element_desktop_sticky_mid_center": [
      "main_menu"
    ],
    "jnews_hb_element_desktop_sticky_mid_left": [
      "nav_icon"
    ],
    "jnews_hb_element_desktop_sticky_mid_right": [
      "html1",
      "search_icon"
    ],
    "jnews_hb_element_desktop_top_left": [
      "top_bar_menu"
    ],
    "jnews_hb_element_desktop_top_right": [
      "social_icon"
    ],
    "jnews_hb_element_mobile_drawer_bottom_center": [
      "social_icon",
      "footer_copyright"
    ],
    "jnews_hb_element_mobile_drawer_top_center": [
      "search_form",
      "mobile_menu"
    ],
    "jnews_hb_element_mobile_mid_left": [
      "nav_icon"
    ],
    "jnews_hb_element_mobile_mid_right": [
      "search_icon"
    ],
    "jnews_header_bottombar_background_color": "#e7ecff",
    "jnews_header_bottombar_border_bottom_height": "0",
    "jnews_header_bottombar_fitwidth": false,
    "jnews_header_bottombar_height": "50",
    "jnews_header_bottombar_link_color": "#606389",
    "jnews_header_bottombar_scheme": "jeg_navbar_normal",
    "jnews_header_button_1_form": "default",
    "jnews_header_button_1_text": "SUBSCRIBE",
    "jnews_header_drawer_social_icon_text_color": "#161925",
    "jnews_header_font": {
      "color": "",
      "font-family": "Work Sans",
      "font-size": "",
      "line-height": "",
      "show_subsets": true,
      "show_variants": true,
      "subsets": [],
      "variant": [
        "regular",
        "600"
      ]
    },
    "jnews_header_html_1": "<a href=\"#\" class=\"subscribe-link\">Subscribe</a>",
    "jnews_header_html_mobile": "",
    "jnews_header_logo": "{{image:logo:url:full}}",
    "jnews_header_logo_retina": "{{image:logo2x:url:full}}",
    "jnews_header_logo_spacing": {
      "bottom": "40px",
      "left": "0px",
      "right": "0px",
      "top": "0px"
    },
    "jnews_header_logo_text": "Yoga Sparks",
    "jnews_header_logo_text_font": {
      "color": "#161925",
      "font-family": "Lora",
      "font-size": "78px",
      "line-height": "",
      "show_subsets": true,
      "show_variants": true,
      "subsets": [],
      "variant": [
        "regular"
      ]
    },
    "jnews_header_logo_type": "image",
    "jnews_header_menu_hover_line_color": "rgba(255,255,255,0.25)",
    "jnews_header_menu_hover_text_color": "",
    "jnews_header_menu_search_form_style": "square",
    "jnews_header_menu_search_form_width": "64",
    "jnews_header_menu_search_noexpand_input_border_color": "",
    "jnews_header_menu_search_noexpand_result_text_color": "#041d28",
    "jnews_header_menu_style": "jeg_menu_style_2",
    "jnews_header_menu_text_color": "#161925",
    "jnews_header_mid_link_color_hover": "",
    "jnews_header_midbar_background": "#ffffff",
    "jnews_header_midbar_height": "130",
    "jnews_header_midbar_scheme": "normal",
    "jnews_header_mobile_midbar_background_color": "#e7ecff",
    "jnews_header_mobile_midbar_scheme": "normal",
    "jnews_header_nav_icon_color": "#161925",
    "jnews_header_nav_icon_mobilcolor": "#161925",
    "jnews_header_search_icon_color": "#161925",
    "jnews_header_search_mobile_icon_color": "#161925",
    "jnews_header_search_popup_result_text_color": "#161925",
    "jnews_header_social_icon": "nobg",
    "jnews_header_social_icon_text_color": "#161925",
    "jnews_header_sticky_width": "full",
    "jnews_header_stickybar_border_bottom_height": "0",
    "jnews_header_stickybar_scheme": "jeg_navbar_dark",
    "jnews_header_topbar_bg_color": "#ffffff",
    "jnews_header_topbar_border_bottom": "#ffffff",
    "jnews_header_topbar_height": "48",
    "jnews_header_topbar_scheme": "normal",
    "jnews_header_topbar_side_border": "#ffffff",
    "jnews_header_width": "full",
    "jnews_heading_color": "#161925",
    "jnews_index_content_date": "ago",
    "jnews_main_menu_font": {
      "color": "",
      "font-family": "Work Sans",
      "font-size": "16px",
      "line-height": "",
      "show_subsets": true,
      "show_variants": true,
      "subsets": [],
      "variant": [
        "500"
      ]
    },
    "jnews_mobile_logo": "{{image:mobile_logo:url:full}}",
    "jnews_mobile_logo_retina": "{{image:mobiole_logo2x:url:full}}",
    "jnews_mobile_logo_text": "yoga sparks",
    "jnews_mobile_logo_text_font": {
      "color": "#161925",
      "font-family": "Playfair Display",
      "font-size": "",
      "line-height": "",
      "show_subsets": true,
      "show_variants": true,
      "subsets": [],
      "variant": [
        "700"
      ]
    },
    "jnews_mobile_logo_type": "image",
    "jnews_p_font": {
      "color": "",
      "font-family": "",
      "font-size": "",
      "line-height": "",
      "show_subsets": true,
      "show_variants": true,
      "subsets": [],
      "variant": null
    },
    "jnews_search_content": "3",
    "jnews_search_sidebar": "archives",
    "jnews_single_blog_enable_fullscreen": false,
    "jnews_single_blog_template": "2",
    "jnews_single_number_popup_post": "3",
    "jnews_single_number_post_related": "5",
    "jnews_single_post_date_format": "default",
    "jnews_single_post_date_format_custom": "F j, Y g:i a",
    "jnews_single_post_inline_related_ftitle": "Related articles",
    "jnews_single_post_inline_related_fullwidth": true,
    "jnews_single_post_inline_related_header": "heading_8",
    "jnews_single_post_inline_related_number": "2",
    "jnews_single_post_inline_related_pagination": "disable",
    "jnews_single_post_inline_related_paragraph": "2",
    "jnews_single_post_inline_related_stitle": "",
    "jnews_single_post_inline_related_template": "28",
    "jnews_single_post_pagination_related": "disable",
    "jnews_single_post_related_excerpt": "26",
    "jnews_single_post_related_header": "heading_8",
    "jnews_single_post_related_template": "3",
    "jnews_single_post_show_inline_related": true,
    "jnews_single_share_float_style": "share-normal",
    "jnews_single_share_position": "top",
    "jnews_single_show_author_box": true,
    "jnews_single_show_popup_post": true,
    "jnews_single_show_post_author": true,
    "jnews_single_show_post_author_image": true,
    "jnews_single_show_post_meta": true,
    "jnews_single_show_post_related": true,
    "jnews_single_show_prev_next_post": false,
    "jnews_single_show_share_counter": false,
    "jnews_single_show_view_counter": false,
    "jnews_social_icon": [
      {
        "social_icon": "facebook",
        "social_url": "http://facebook.com"
      },
      {
        "social_icon": "twitter",
        "social_url": "http://twitter.com"
      },
      {
        "social_icon": "instagram",
        "social_url": "#"
      },
      {
        "social_icon": "googleplus",
        "social_url": "#"
      },
      {
        "social_icon": "youtube",
        "social_url": "http://youtube.com"
      }
    ],
    "jnews_sticky_logo_type": "text",
    "nav_menu_locations": {
      "navigation": "{{menu_location:main-navigation:id}}",
      "top_navigation": "{{menu_location:top-navigation:id}}",
      "footer_navigation":"{{menu_location:footer-navigation:id}}",
      "mobile_navigation": "{{menu_location:mobile-navigation:id}}"
    }
  },
  "options": {
    "amp_customizer[color_scheme]": "light",
    "amp_customizer[header_background_color]": "#0a89c0",
    "amp_customizer[header_color]": "#fff",
    "nav_menus_created_posts": [],
    "site_icon": "{{image:favicon:id}}",
    "show_on_front" : "page",
    "page_on_front" : "{{post:home-1:id}}"
  },
  "template": "jnews",
  "wp_css": ""
}