{
  "archives": {
    "jnews_module_block_27-3": {
      "accent_color": "",
      "alt_color": "",
      "column_width": "auto",
      "content_type": "all",
      "date_format": "default",
      "date_format_custom": "Y/m/d",
      "excerpt_color": "",
      "excerpt_ellipsis": "...",
      "excerpt_length": "20",
      "exclude_category": "",
      "exclude_post": "",
      "exclude_tag": "",
      "first_title": "POPULAR POSTS",
      "header_accent_color": "",
      "header_background": "",
      "header_filter_author": "",
      "header_filter_category": "",
      "header_filter_tag": "",
      "header_filter_text": "All",
      "header_line_color": "",
      "header_secondary_background": "",
      "header_text_color": "",
      "header_type": "heading_8",
      "include_author": "",
      "include_category": "",
      "include_post": "",
      "include_tag": "",
      "number_post": "2",
      "pagination_mode": "disable",
      "pagination_number_post": "6",
      "pagination_scroll_limit": "0",
      "post_offset": "0",
      "post_type": "post",
      "scheme": "normal",
      "second_title": "",
      "sort_by": "latest",
      "title_color": "",
      "unique_content": "disable",
      "url": ""
    },
    "jnews_module_element_ads-3": {
      "ads_image": "{{image:ad_300x250:id}}",
      "ads_image_alt": "",
      "ads_image_link": "#",
      "ads_image_new_tab": "1",
      "ads_image_phone": "{{image:ad_300x250:id}}",
      "ads_image_tablet": "{{image:ad_300x250:id}}",
      "ads_type": "image",
      "column_width": "auto",
      "content": "",
      "el_class": "",
      "el_id": "",
      "google_desktop": "auto",
      "google_phone": "auto",
      "google_publisher_id": "",
      "google_slot_id": "",
      "google_tab": "auto",
      "scheme": "normal"
    },
    "tag_cloud-2": {
      "header_background": "",
      "header_text_color": "",
      "header_type": "heading_8",
      "header_url": "",
      "second_title": "",
      "taxonomy": "post_tag",
      "title": "TOPICS"
    }
  },
  "contact": {
    "jnews_facebook_page-2": {
      "appid": "1708153456106457",
      "cover": "false",
      "header_background": "",
      "header_text_color": "",
      "header_type": "heading_8",
      "header_url": "",
      "height": "500",
      "photo": "true",
      "second_title": "",
      "tabs": "false",
      "title": "LIKE US ON",
      "url": "https://facebook.com/facebook"
    },
    "jnews_social_counter-2": {
      "account": "%5B%7B%22social_icon%22%3A%22facebook%22%2C%22social_url%22%3A%22jegtheme%22%7D%2C%7B%22social_icon%22%3A%22twitter%22%2C%22social_url%22%3A%22https%3A%2F%2Ftwitter.com%2Fjegtheme%22%7D%2C%7B%22social_icon%22%3A%22google-plus%22%2C%22social_url%22%3A%22https%3A%2F%2Fplus.google.com%2F%2Benvato%22%7D%2C%7B%22social_icon%22%3A%22behance%22%2C%22social_url%22%3A%22https%3A%2F%2Fwww.behance.net%2Fjegtheme%22%7D%2C%7B%22social_icon%22%3A%22instagram%22%2C%22social_url%22%3A%22https%3A%2F%2Fwww.instagram.com%2Fenvato%2F%22%7D%2C%7B%22social_icon%22%3A%22dribbble%22%2C%22social_url%22%3A%22https%3A%2F%2Fdribbble.com%2Fenvato%22%7D%2C%7B%22social_icon%22%3A%22youtube%22%2C%22social_url%22%3A%22http%3A%2F%2Fwww.youtube.com%2Fuser%2FEnvato%22%7D%2C%7B%22social_icon%22%3A%22soundcloud%22%2C%22social_url%22%3A%22https%3A%2F%2Fsoundcloud.com%2Fdialogdinihari%22%7D%5D",
      "bh_key": "t2wwIJCdYCWCdAdPHwef3hGvcx8ztA8o",
      "column": "col2",
      "fb_id": "1708153456106457",
      "fb_key": "1708153456106457|LBeqPdQFTJXpeFL3sPex1LQBMVY",
      "fb_secret": "ae408213fb9a2e29d3ad858e03ec5a75",
      "gg_key": "AIzaSyCNRPgcByJDdhhZZRZ0AEyUnZ9lqmlBrvE",
      "header_background": "",
      "header_text_color": "",
      "header_type": "heading_8",
      "header_url": "",
      "rss_count": "",
      "second_title": "",
      "style": "light",
      "title": "OUR SOCIAL MEDIA",
      "twitch_key": "",
      "vk_id": ""
    },
    "mc4wp_form_widget-3": {
      "header_background": "",
      "header_text_color": "",
      "header_type": "heading_8",
      "header_url": "",
      "second_title": "",
      "title": ""
    },
    "text-2": {
      "filter": "on",
      "header_background": "",
      "header_text_color": "",
      "header_type": "heading_6",
      "header_url": "",
      "second_title": "",
      "text": "",
      "title": "",
      "visual": "on"
    }
  },
  "default-sidebar": {
    "categories-5": {
      "header_background": "",
      "header_text_color": "",
      "header_type": "heading_8",
      "header_url": "",
      "second_title": "",
      "title": "CATEGORIES"
    },
    "jnews_module_block_27-2": {
      "accent_color": "",
      "alt_color": "",
      "column_width": "auto",
      "content_type": "all",
      "date_format": "default",
      "date_format_custom": "Y/m/d",
      "excerpt_color": "",
      "excerpt_ellipsis": "...",
      "excerpt_length": "20",
      "exclude_category": "",
      "exclude_post": "",
      "exclude_tag": "",
      "first_title": "RECOMMENDED",
      "header_accent_color": "",
      "header_background": "",
      "header_filter_author": "",
      "header_filter_category": "",
      "header_filter_tag": "",
      "header_filter_text": "All",
      "header_line_color": "",
      "header_secondary_background": "",
      "header_text_color": "",
      "header_type": "heading_8",
      "include_author": "",
      "include_category": "",
      "include_post": "",
      "include_tag": "",
      "number_post": "2",
      "pagination_mode": "disable",
      "pagination_number_post": "6",
      "pagination_scroll_limit": "0",
      "post_offset": "0",
      "post_type": "post",
      "scheme": "normal",
      "second_title": "",
      "sort_by": "random",
      "title_color": "",
      "unique_content": "disable",
      "url": ""
    },
    "mc4wp_form_widget-2": {
      "header_background": "",
      "header_text_color": "",
      "header_type": "heading_8",
      "header_url": "",
      "second_title": "",
      "title": ""
    },
    "tag_cloud-4": {
      "header_background": "",
      "header_text_color": "",
      "header_type": "heading_8",
      "header_url": "",
      "second_title": "",
      "taxonomy": "post_tag",
      "title": "TAGS"
    }
  },
  "footer-widget-1": {
    "jnews_about-2": {
      "aboutdesc": "Far far away, behind the word mountains, far from the countries Vokalia and Consonantia, there live the blind texts.",
      "aboutimg": "{{image:logo:id}}",
      "aboutimgretina": "{{image:logo2x:id}}",
      "aboutname": "",
      "aboutoccupation": "",
      "align": "1",
      "header_background": "",
      "header_text_color": "",
      "header_type": "heading_6",
      "header_url": "",
      "second_title": "",
      "signature": "",
      "signatureretina": "",
      "title": ""
    },
    "jnews_social-2": {
      "account": "%5B%7B%22social_icon%22%3A%22facebook%22%2C%22social_url%22%3A%22https%3A%2F%2Fwww.facebook.com%2Fjegtheme%2F%22%7D%2C%7B%22social_icon%22%3A%22twitter%22%2C%22social_url%22%3A%22https%3A%2F%2Ftwitter.com%2Fjegtheme%22%7D%2C%7B%22social_icon%22%3A%22instagram%22%2C%22social_url%22%3A%22%23%22%7D%2C%7B%22social_icon%22%3A%22googleplus%22%2C%22social_url%22%3A%22%23%22%7D%2C%7B%22social_icon%22%3A%22youtube%22%2C%22social_url%22%3A%22%23%22%7D%5D",
      "aftersocial": "",
      "beforesocial": "",
      "bg_color": "",
      "header_background": "",
      "header_text_color": "",
      "header_type": "heading_6",
      "header_url": "",
      "icon_color": "#161a26",
      "second_title": "",
      "title": "",
      "widgetstyle": "nobg"
    }
  },
  "home-loop": {
    "categories-3": {
      "count": "on",
      "header_background": "#ffffff",
      "header_text_color": "#161925",
      "header_type": "heading_3",
      "header_url": "",
      "second_title": "",
      "title": "Browse by Categories"
    },
    "jnews_instagram-2": {
      "access_token": "",
      "button": "",
      "clientid": "",
      "column": "3",
      "header_background": "#ffffff",
      "header_text_color": "#161925",
      "header_type": "heading_3",
      "header_url": "",
      "hover": "normal",
      "method": "username",
      "row": "3",
      "second_title": "",
      "sort": "most_recent",
      "title": "Instagram",
      "username": "bryceyoga",
      "widget_class": ""
    },
    "jnews_popular-2": {
      "header_background": "#ffffff",
      "header_text_color": "#161925",
      "header_type": "heading_3",
      "header_url": "",
      "limit": "5",
      "order_by": "views",
      "range": "all",
      "second_title": "",
      "title": "Popular Post"
    },
    "tag_cloud-1": {
      "header_background": "#ffffff",
      "header_text_color": "#161925",
      "header_type": "heading_3",
      "header_url": "",
      "second_title": "",
      "taxonomy": "post_tag",
      "title": "Browse by Tags"
    }
  }
}
