{
  "default-sidebar": {
    "jnews_about-6": {
      "title": "About Me",
      "aboutimg": "{{image:about:id}}",
      "aboutimgretina": "{{image:about:id}}",
      "aboutname": "Horrison Rose",
      "aboutoccupation": "Passionate Blogger",
      "aboutdesc": "Hello & welcome to my blog! My name is Mocha Rose and I'm a 20-year-old independent blogger with a passion for sharing about fashion and lifestyle.",
      "signature": "",
      "signatureretina": "",
      "align": "1",
      "second_title": "",
      "header_url": "",
      "header_type": "heading_7",
      "header_background": "",
      "header_text_color": ""
    },
    "mc4wp_form_widget-5": {
      "title": "",
      "second_title": "",
      "header_url": "",
      "header_type": "heading_7",
      "header_background": "",
      "header_text_color": ""
    },
    "jnews_module_element_ads-2": {
      "ads_type": "image",
      "ads_image": "{{image:ad_300x250:id}}",
      "ads_image_link": "#",
      "ads_image_alt": "",
      "ads_image_new_tab": "1",
      "google_publisher_id": "",
      "google_slot_id": "",
      "google_desktop": "auto",
      "google_tab": "auto",
      "google_phone": "auto",
      "ads_code": "",
      "column_width": "auto"
    },
    "jnews_instagram-4": {
      "title": "Instagram",
      "username": "josieldn",
      "column": "3",
      "row": "3",
      "hover": "",
      "sort": "most_recent",
      "button": "",
      "second_title": "",
      "header_url": "",
      "header_type": "heading_7",
      "header_background": "",
      "header_text_color": ""
    },
    "jnews_module_block_21-5": {
      "first_title": "Popular",
      "second_title": "",
      "url": "",
      "header_type": "heading_7",
      "header_background": "",
      "header_text_color": "",
      "header_filter_category": "",
      "header_filter_author": "",
      "header_filter_tag": "",
      "header_filter_text": "",
      "post_type": "post",
      "content_type": "all",
      "number_post": "4",
      "post_offset": "",
      "unique_content": "disable",
      "include_post": "",
      "exclude_post": "",
      "include_category": "",
      "exclude_category": "",
      "include_author": "",
      "include_tag": "",
      "exclude_tag": "",
      "sort_by": "latest",
      "date_format": "ago",
      "date_format_custom": "",
      "pagination_mode": "disable",
      "pagination_number_post": "16",
      "pagination_scroll_limit": "",
      "column_width": "auto"
    }
  },
  "footer-widget-1": {
    "jnews_about-2": {
      "title": "",
      "aboutimg": "{{image:logo:id}}",
      "aboutimgretina": "{{image:logo2x:id}}",
      "aboutname": "",
      "aboutoccupation": "",
      "aboutdesc": "We bring you the best Premium WordPress Themes that perfect for news, magazine, personal blog, etc. Check our landing page for details.\r\n\r\n<a href=\"#\" class=\"readmore\">Read more</a>",
      "signature": "",
      "signatureretina": "",
      "header_url": "",
      "header_type": "heading_6",
      "header_background": "",
      "header_text_color": ""
    }
  },
  "footer-widget-2": {
    "categories-5": {
      "header_background": "",
      "header_text_color": "",
      "header_type": "heading_6",
      "header_url": "",
      "title": "Categories"
    }
  },
  "footer-widget-3": {
    "tag_cloud-2": {
      "header_background": "",
      "header_text_color": "",
      "header_type": "heading_6",
      "header_url": "",
      "taxonomy": "post_tag",
      "title": "Tags"
    }
  },
  "footer-widget-4": {
    "mc4wp_form_widget-2": {
      "title": "Newsletter",
      "header_url": "",
      "header_type": "heading_6",
      "header_background": "",
      "header_text_color": ""
    }
  },
  "home": {
    "jnews_about-3": {
      "title": "About Me",
      "aboutimg": "{{image:about:id}}",
      "aboutimgretina": "{{image:about:id}}",
      "aboutname": "Horrison Rose",
      "aboutoccupation": "Passionate Blogger",
      "aboutdesc": "Hello & welcome to my blog! My name is Mocha Rose and I'm a 20-year-old independent blogger with a passion for sharing about fashion and lifestyle.",
      "signature": "",
      "signatureretina": "",
      "align": "1",
      "second_title": "",
      "header_url": "",
      "header_type": "heading_7",
      "header_background": "",
      "header_text_color": ""
    },
    "jnews_social-2": {
      "title": "Follow Me",
      "widgetstyle": "nobg",
      "icon_color": "#111111",
      "bg_color": "",
      "align": "1",
      "beforesocial": "",
      "aftersocial": "",
      "account": "%5B%7B%22social_icon%22%3A%22facebook%22%2C%22social_url%22%3A%22%23%22%7D%2C%7B%22social_icon%22%3A%22twitter%22%2C%22social_url%22%3A%22%23%22%7D%2C%7B%22social_icon%22%3A%22instagram%22%2C%22social_url%22%3A%22%23%22%7D%2C%7B%22social_icon%22%3A%22tumblr%22%2C%22social_url%22%3A%22%23%22%7D%2C%7B%22social_icon%22%3A%22youtube%22%2C%22social_url%22%3A%22%23%22%7D%5D",
      "second_title": "",
      "header_url": "",
      "header_type": "heading_7",
      "header_background": "",
      "header_text_color": ""
    },
    "mc4wp_form_widget-3": {
      "title": "",
      "header_url": "",
      "header_type": "heading_7",
      "header_background": "",
      "header_text_color": ""
    },
    "jnews_module_block_21-3": {
      "first_title": "Trending",
      "second_title": "",
      "url": "",
      "header_type": "heading_7",
      "header_background": "",
      "header_text_color": "",
      "header_filter_category": "",
      "header_filter_author": "",
      "header_filter_tag": "",
      "header_filter_text": "",
      "post_type": "post",
      "content_type": "all",
      "number_post": "4",
      "post_offset": "",
      "unique_content": "disable",
      "include_post": "",
      "exclude_post": "",
      "include_category": "",
      "exclude_category": "",
      "include_author": "",
      "include_tag": "",
      "exclude_tag": "",
      "sort_by": "popular_post_week",
      "date_format": "ago",
      "date_format_custom": "",
      "pagination_mode": "disable",
      "pagination_number_post": "16",
      "pagination_scroll_limit": "",
      "column_width": "auto"
    },
    "jnews_instagram-3": {
      "title": "Instagram",
      "username": "josieldn",
      "column": "3",
      "row": "3",
      "hover": "",
      "sort": "most_recent",
      "button": "",
      "header_url": "",
      "header_type": "heading_7",
      "header_background": "",
      "header_text_color": ""
    }
  },
  "home-1": {
    "jnews_about-4": {
      "title": "About Me",
      "aboutimg": "{{image:about:id}}",
      "aboutimgretina": "{{image:about:id}}",
      "aboutname": "Horrison Rose",
      "aboutoccupation": "Passionate Blogger",
      "aboutdesc": "Hello & welcome to my blog! My name is Mocha Rose and I'm a 20-year-old independent blogger with a passion for sharing about fashion and lifestyle.",
      "signature": "",
      "signatureretina": "",
      "align": "1",
      "second_title": "",
      "header_url": "",
      "header_type": "heading_7",
      "header_background": "",
      "header_text_color": ""
    },
    "jnews_module_element_ads-3": {
      "ads_type": "image",
      "ads_image": "{{image:ad_300x250:id}}",
      "ads_image_link": "#",
      "ads_image_alt": "",
      "google_publisher_id": "",
      "google_slot_id": "",
      "google_desktop": "auto",
      "google_tab": "auto",
      "google_phone": "auto",
      "ads_code": "",
      "column_width": "auto"
    }
  },
  "home-1-loop": {
    "jnews_module_block_21-2": {
      "first_title": "Popular",
      "second_title": "",
      "url": "",
      "header_type": "heading_7",
      "header_background": "",
      "header_text_color": "",
      "header_filter_category": "",
      "header_filter_author": "",
      "header_filter_tag": "",
      "header_filter_text": "",
      "post_type": "post",
      "content_type": "all",
      "number_post": "4",
      "post_offset": "",
      "unique_content": "disable",
      "include_post": "",
      "exclude_post": "",
      "include_category": "",
      "exclude_category": "",
      "include_author": "",
      "include_tag": "",
      "exclude_tag": "",
      "sort_by": "latest",
      "date_format": "ago",
      "date_format_custom": "",
      "pagination_mode": "disable",
      "pagination_number_post": "16",
      "pagination_scroll_limit": "",
      "column_width": "auto"
    },
    "jnews_instagram-2": {
      "title": "Instagram",
      "username": "josieldn",
      "column": "3",
      "row": "3",
      "hover": "",
      "sort": "most_recent",
      "button": "",
      "header_url": "",
      "header_type": "heading_7",
      "header_background": "",
      "header_text_color": ""
    },
    "jnews_popular-2": {
      "title": "Popular Post",
      "limit": "5",
      "order_by": "comments",
      "range": "daily",
      "header_url": "",
      "header_type": "heading_7",
      "header_background": "",
      "header_text_color": ""
    }
  },
  "home-5": {
    "jnews_about-5": {
      "title": "About Me",
      "aboutimg": "{{image:about:id}}",
      "aboutimgretina": "{{image:about:id}}",
      "aboutname": "Mocca Rose",
      "aboutoccupation": "Blogger",
      "aboutdesc": "Hello & welcome to my blog! My name is Mocha Rose and I'm a 20-year-old independent blogger with a passion for sharing about fashion and lifestyle.",
      "signature": "",
      "signatureretina": "",
      "align": "1",
      "second_title": "",
      "header_url": "",
      "header_type": "heading_7",
      "header_background": "",
      "header_text_color": ""
    },
    "jnews_social-3": {
      "title": "Follow Me",
      "widgetstyle": "nobg",
      "icon_color": "#111111",
      "bg_color": "",
      "align": "1",
      "beforesocial": "",
      "aftersocial": "",
      "account": "%5B%7B%22social_icon%22%3A%22facebook%22%2C%22social_url%22%3A%22%23%22%7D%2C%7B%22social_icon%22%3A%22twitter%22%2C%22social_url%22%3A%22%23%22%7D%2C%7B%22social_icon%22%3A%22instagram%22%2C%22social_url%22%3A%22%23%22%7D%2C%7B%22social_icon%22%3A%22tumblr%22%2C%22social_url%22%3A%22%23%22%7D%2C%7B%22social_icon%22%3A%22youtube%22%2C%22social_url%22%3A%22%23%22%7D%5D",
      "second_title": "",
      "header_url": "",
      "header_type": "heading_7",
      "header_background": "",
      "header_text_color": ""
    },
    "jnews_module_element_ads-4": {
      "ads_type": "image",
      "ads_image": "{{image:ad_300x600:id}}",
      "ads_image_link": "#",
      "ads_image_alt": "",
      "google_publisher_id": "",
      "google_slot_id": "",
      "google_desktop": "auto",
      "google_tab": "auto",
      "google_phone": "auto",
      "ads_code": "",
      "column_width": "auto"
    },
    "jnews_module_block_21-4": {
      "first_title": "Trending",
      "second_title": "",
      "url": "",
      "header_type": "heading_7",
      "header_background": "",
      "header_text_color": "",
      "header_filter_category": "",
      "header_filter_author": "",
      "header_filter_tag": "",
      "header_filter_text": "",
      "post_type": "post",
      "content_type": "all",
      "number_post": "4",
      "post_offset": "",
      "unique_content": "disable",
      "include_post": "",
      "exclude_post": "",
      "include_category": "",
      "exclude_category": "",
      "include_author": "",
      "include_tag": "",
      "exclude_tag": "",
      "sort_by": "popular_post_week",
      "date_format": "ago",
      "date_format_custom": "",
      "pagination_mode": "disable",
      "pagination_number_post": "16",
      "pagination_scroll_limit": "",
      "column_width": "auto"
    },
    "mc4wp_form_widget-4": {
      "title": "",
      "second_title": "",
      "header_url": "",
      "header_type": "heading_7",
      "header_background": "",
      "header_text_color": ""
    }
  },
  "shop": {
    "woocommerce_product_categories-2": {
      "title": "Categories",
      "orderby": "name",
      "hierarchical": "1",
      "second_title": "",
      "header_url": "",
      "header_type": "heading_7",
      "header_background": "",
      "header_text_color": ""
    },
    "woocommerce_widget_cart-2": {
      "title": "Cart",
      "second_title": "",
      "header_url": "",
      "header_type": "heading_7",
      "header_background": "",
      "header_text_color": ""
    },
    "woocommerce_product_search-2": {
      "title": "",
      "second_title": "",
      "header_url": "",
      "header_type": "heading_7",
      "header_background": "",
      "header_text_color": ""
    },
    "woocommerce_price_filter-2": {
      "title": "Filter by price",
      "second_title": "",
      "header_url": "",
      "header_type": "heading_7",
      "header_background": "",
      "header_text_color": ""
    },
    "jnews_module_element_ads-5": {
      "ads_type": "image",
      "ads_image": "{{image:ad_300x600:id}}",
      "ads_image_link": "#",
      "ads_image_alt": "",
      "google_publisher_id": "",
      "google_slot_id": "",
      "google_desktop": "auto",
      "google_tab": "auto",
      "google_phone": "auto",
      "ads_code": "",
      "column_width": "auto"
    }
  }
}