{
  "template": "jnews",
  "mods": {
    "0": false,
    "nav_menu_locations": {
      "mobile_navigation": "{{menu_location:mobile-navigation:id}}",
      "navigation": "{{menu_location:main-navigation:id}}",
      "top_navigation": "{{menu_location:top-navigation:id}}",
      "footer_navigation": "{{menu_location:mobile-navigation:id}}"
    },
    "custom_css_post_id": 269,
    "jnews_hb_align_desktop_bottom_center": "center",
    "jnews_hb_display_desktop_mid_center": "normal",
    "jnews_hb_display_desktop_mid_right": "normal",
    "jnews_hb_display_desktop_bottom_left": "grow",
    "jnews_hb_display_desktop_bottom_center": "normal",
    "jnews_hb_element_desktop_top_left": [],
    "jnews_hb_element_desktop_mid_left": [
      "logo",
      "main_menu"
    ],
    "jnews_hb_element_desktop_mid_center": [],
    "jnews_hb_element_desktop_bottom_left": [],
    "jnews_hb_element_desktop_bottom_center": "",
    "jnews_hb_preset": "",
    "jnews_hb_element_desktop_top_right": [],
    "jnews_hb_element_desktop_mid_right": [
      "date",
      "social_icon",
      "search_icon"
    ],
    "jnews_header_menu_follow": "scroll",
    "jnews_header_sticky_width": "normal",
    "jnews_header_logo_text_font": {
      "font-family": "",
      "font-size": "",
      "variant": [],
      "line-height": "",
      "letter-spacing": false,
      "color": "",
      "text-align": false,
      "text-transform": false,
      "show_variants": true,
      "show_subsets": true,
      "subsets": []
    },
    "jnews_sticky_logo_text_font": {
      "font-family": "",
      "font-size": "",
      "variant": [],
      "line-height": "",
      "letter-spacing": false,
      "color": "",
      "text-align": false,
      "text-transform": false,
      "show_variants": true,
      "show_subsets": true,
      "subsets": []
    },
    "jnews_mobile_logo_text_font": {
      "font-family": "",
      "font-size": "",
      "variant": [],
      "line-height": "",
      "letter-spacing": false,
      "color": "",
      "text-align": false,
      "text-transform": false,
      "show_variants": true,
      "show_subsets": true,
      "subsets": []
    },
    "jnews_header_social_icon_text_color": "#f4f4f4",
    "jnews_header_vertical_menu_1": "",
    "jnews_header_topbar_scheme": "dark",
    "jnews_header_social_icon_background": "",
    "jnews_header_midbar_border_bottom_height": "0",
    "jnews_header_midbar_border_bottom_color": "",
    "jnews_sidefeed_enable": false,
    "jnews_boxed_layout": false,
    "jnews_container_background": "#ffffff",
    "jnews_override_container_width": true,
    "jnews_body_font": {
      "font-family": "Cantarell",
      "font-size": "",
      "variant": [
        "regular"
      ],
      "line-height": "",
      "color": "",
      "show_variants": true,
      "show_subsets": true,
      "subsets": []
    },
    "jnews_type_kit": [],
    "jnews_hb_display_desktop_mid_left": "grow",
    "jnews_hb_element_desktop_bottom_right": [],
    "jnews_header_width": "normal",
    "jnews_header_midbar_height": "120",
    "jnews_header_font": {
      "font-family": "Fjalla One",
      "font-size": "",
      "variant": [],
      "line-height": "",
      "color": "",
      "show_variants": true,
      "show_subsets": true,
      "subsets": []
    },
    "jnews_accent_color": "#0ab6d8",
    "jnews_mobile_browser_color": "#0ab6d8",
    "jnews_header_menu_style": "jeg_menu_style_1",
    "jnews_header_topbar_height": "36",
    "jnews_hb_element_desktop_top_center": [],
    "jnews_header_topbar_bg_color": "#000000",
    "jnews_header_logo": "{{image:logo:url:full}}",
    "jnews_header_logo_retina": "{{image:logo2x:url:full}}",
    "jnews_mobile_logo": "{{image:logo:url:full}}",
    "jnews_sticky_menu_logo": "{{image:logo:url:full}}",
    "jnews_sticky_menu_logo_retina": "{{image:logo2x:url:full}}",
    "jnews_mobile_logo_retina": "{{image:logo2x:url:full}}",
    "jnews_header_midbar_background": "#000000",
    "jnews_header_menu_text_color": "#f9f9f9",
    "jnews_header_menu_hover_line_color": "#ffffff",
    "jnews_header_menu_hover_text_color": "#ffffff",
    "jnews_ads_content_top_enable": true,
    "jnews_ads_content_top_type": "image",
    "jnews_ads_content_top_image": "{{image:ad_728x90:url:full}}",
    "jnews_ads_content_inline_enable": true,
    "jnews_ads_content_inline_type": "image",
    "jnews_ads_content_inline_image": "{{image:ad_728x90:url:full}}",
    "jnews_ads_content_inline_2_enable": false,
    "jnews_ads_content_inline_2_type": "image",
    "jnews_ads_content_inline_2_image": "{{image:ad_728x90:url:full}}",
    "jnews_ads_above_footer_enable": true,
    "jnews_ads_above_footer_type": "image",
    "jnews_ads_above_footer_image": "{{image:ad_970x90:url:full}}",
    "jnews_header_stickybar_scheme": "jeg_navbar_normal",
    "jnews_header_search_icon_color": "#f4f4f4",
    "jnews_header_stickybar_text_color": "#f4f4f4",
    "jnews_header_stickybar_background_color": "#000000",
    "jnews_header_stickybar_link_color": "#f4f4f4",
    "jnews_header_stickybar_border_bottom_height": "1",
    "jnews_header_date_text_color": "#f4f4f4",
    "jnews_sidefeed_main_position": "left",
    "jnews_sidefeed_show_category": true,
    "jnews_sidefeed_category": [
      "{{category:entertainment:id}}",
      "{{category:lifestyle:id}}",
      "{{category:mobile:id}}",
      "{{category:tech:id}}"
    ],
    "jnews_footer_style": "1",
    "jnews_footer_custom_layout": "263",
    "jnews_footer_menu_position": "hide",
    "jnews_footer_social_position": "right",
    "jnews_footer_bg_color": "#000000",
    "jnews_footer_widget_title_color": "#0ab6d8"
  },
  "options": {
    "site_icon": "{{image:favicon:id}}",
    "show_on_front": "page",
    "page_on_front": "{{post:home-1:id}}",
    "nav_menus_created_posts": [],
    "amp_customizer[header_color]": "#fff",
    "amp_customizer[header_background_color]": "#0a89c0",
    "amp_customizer[color_scheme]": "light"
  },
  "wp_css": ""
}