{
  "default-sidebar": {
    "jnews_module_block_21-4": {
      "first_title": "Recommended",
      "second_title": "",
      "url": "",
      "header_type": "heading_8",
      "header_background": "",
      "header_text_color": "",
      "header_filter_category": "",
      "header_filter_author": "",
      "header_filter_tag": "",
      "header_filter_text": "",
      "post_type": "post",
      "content_type": "all",
      "number_post": "2",
      "post_offset": "",
      "unique_content": "unique1",
      "include_post": "",
      "exclude_post": "",
      "include_category": "",
      "exclude_category": "",
      "include_author": "",
      "include_tag": "",
      "exclude_tag": "",
      "sort_by": "latest",
      "date_format": "ago",
      "date_format_custom": "",
      "pagination_mode": "disable",
      "pagination_number_post": "16",
      "pagination_scroll_limit": "",
      "column_width": "auto"
    },
    "mc4wp_form_widget-3": {
      "title": "",
      "second_title": "",
      "header_url": "",
      "header_background": "",
      "header_text_color": ""
    },
    "jnews_module_block_21-3": {
      "first_title": "Trending",
      "second_title": "",
      "url": "",
      "header_type": "heading_8",
      "header_background": "",
      "header_text_color": "",
      "header_filter_category": "",
      "header_filter_author": "",
      "header_filter_tag": "",
      "header_filter_text": "",
      "post_type": "post",
      "content_type": "all",
      "number_post": "2",
      "post_offset": "",
      "unique_content": "unique1",
      "include_post": "",
      "exclude_post": "",
      "include_category": "",
      "exclude_category": "",
      "include_author": "",
      "include_tag": "",
      "exclude_tag": "",
      "sort_by": "popular_post_week",
      "date_format": "ago",
      "date_format_custom": "",
      "pagination_mode": "disable",
      "pagination_number_post": "16",
      "pagination_scroll_limit": "",
      "column_width": "auto"
    },
    "jnews_module_element_ads-9": {
      "ads_type": "image",
      "ads_image": "{{image:ad_300x250:id}}",
      "ads_image_link": "#",
      "ads_image_alt": "",
      "google_publisher_id": "",
      "google_slot_id": "",
      "google_desktop": "auto",
      "google_tab": "auto",
      "google_phone": "auto",
      "ads_code": "",
      "column_width": "auto"
    },
    "jnews_module_block_21-5": {
      "first_title": "Popular",
      "second_title": "",
      "url": "",
      "header_type": "heading_8",
      "header_background": "",
      "header_text_color": "",
      "header_filter_category": "",
      "header_filter_author": "",
      "header_filter_tag": "",
      "header_filter_text": "",
      "post_type": "post",
      "content_type": "all",
      "number_post": "5",
      "post_offset": "",
      "unique_content": "disable",
      "include_post": "",
      "exclude_post": "",
      "include_category": "",
      "exclude_category": "",
      "include_author": "",
      "include_tag": "",
      "exclude_tag": "",
      "sort_by": "popular_post_month",
      "date_format": "ago",
      "date_format_custom": "",
      "pagination_mode": "disable",
      "pagination_number_post": "16",
      "pagination_scroll_limit": "",
      "column_width": "auto"
    }
  },
  "footer-widget-1": {
    "jnews_about-2": {
      "title": "",
      "aboutimg": "{{image:logo:id}}",
      "aboutimgretina": "{{image:logo2x:id}}",
      "aboutname": "",
      "aboutoccupation": "",
      "aboutdesc": "We bring you the best Premium WordPress Themes that perfect for news, magazine, personal blog, etc. Check our landing page for details.",
      "signature": "",
      "signatureretina": "",
      "second_title": "",
      "header_url": "",
      "header_background": "",
      "header_text_color": ""
    }
  },
  "footer-widget-2": {
    "categories-8": {
      "title": "Category",
      "second_title": "",
      "header_url": "",
      "header_background": "",
      "header_text_color": ""
    }
  },
  "footer-widget-3": {
    "jnews_social-2": {
      "title": "Follow Us",
      "widgetstyle": "circle",
      "icon_color": "",
      "bg_color": "",
      "beforesocial": "",
      "aftersocial": "",
      "account": "%5B%7B%22social_icon%22%3A%22facebook%22%2C%22social_url%22%3A%22https%3A%2F%2Fwww.facebook.com%2Fjegtheme%22%7D%2C%7B%22social_icon%22%3A%22twitter%22%2C%22social_url%22%3A%22https%3A%2F%2Ftwitter.com%2Fjegtheme%22%7D%2C%7B%22social_icon%22%3A%22instagram%22%2C%22social_url%22%3A%22https%3A%2F%2Fwww.instagram.com%2Fenvato%2F%22%7D%2C%7B%22social_icon%22%3A%22youtube%22%2C%22social_url%22%3A%22http%3A%2F%2Fwww.youtube.com%2Fuser%2FEnvato%22%7D%2C%7B%22social_icon%22%3A%22rss%22%2C%22social_url%22%3A%22%23%22%7D%5D",
      "second_title": "",
      "header_url": "",
      "header_background": "",
      "header_text_color": ""
    }
  },
  "footer-widget-4": {
    "recent-posts-5": {
      "title": "Recent Posts",
      "number": "3",
      "show_date": "on",
      "header_url": "",
      "header_background": "",
      "header_text_color": ""
    }
  },
  "home": {
    "categories-9": {
      "title": "",
      "count": "on",
      "second_title": "",
      "header_url": "",
      "header_type": "heading_6",
      "header_background": "",
      "header_text_color": ""
    },
    "jnews_social_counter-2": {
      "title": "",
      "column": "col4",
      "style": "colored",
      "fb_id": "1708153456106457",
      "fb_secret": "ae408213fb9a2e29d3ad858e03ec5a75",
      "fb_key": "1708153456106457|LBeqPdQFTJXpeFL3sPex1LQBMVY",
      "gg_key": "AIzaSyCNRPgcByJDdhhZZRZ0AEyUnZ9lqmlBrvE",
      "bh_key": "t2wwIJCdYCWCdAdPHwef3hGvcx8ztA8o",
      "twitch_key": "",
      "linkedin_id": "",
      "linkedin_secret": "",
      "linkedin_code": "",
      "linkedin_key": "",
      "vk_id": "",
      "rss_count": "",
      "account": "%5B%7B%22social_icon%22%3A%22facebook%22%2C%22social_url%22%3A%22https%3A%2F%2Fwww.facebook.com%2Fjegtheme%22%7D%2C%7B%22social_icon%22%3A%22twitter%22%2C%22social_url%22%3A%22https%3A%2F%2Ftwitter.com%2Fjegtheme%22%7D%2C%7B%22social_icon%22%3A%22instagram%22%2C%22social_url%22%3A%22https%3A%2F%2Fwww.instagram.com%2Fenvato%2F%22%7D%2C%7B%22social_icon%22%3A%22youtube%22%2C%22social_url%22%3A%22http%3A%2F%2Fwww.youtube.com%2Fuser%2FEnvato%22%7D%5D",
      "second_title": "",
      "header_url": "",
      "header_background": "",
      "header_text_color": ""
    },
    "jnews_module_element_ads-7": {
      "ads_type": "image",
      "ads_image": "{{image:ad_345x345:id}}",
      "ads_image_link": "#",
      "ads_image_alt": "",
      "google_publisher_id": "",
      "google_slot_id": "",
      "google_desktop": "auto",
      "google_tab": "auto",
      "google_phone": "auto",
      "ads_code": "",
      "column_width": "auto"
    },
    "jnews_popular-5": {
      "title": "Popular News",
      "limit": "5",
      "order_by": "comments",
      "range": "daily",
      "second_title": "",
      "header_url": "",
      "header_type": "heading_6",
      "header_background": "",
      "header_text_color": ""
    },
    "jnews_module_block_19-3": {
      "first_title": "Don't Miss",
      "second_title": "",
      "url": "",
      "header_type": "heading_6",
      "header_background": "",
      "header_text_color": "",
      "header_filter_category": "",
      "header_filter_author": "",
      "header_filter_tag": "",
      "header_filter_text": "",
      "post_type": "post",
      "content_type": "all",
      "number_post": "4",
      "post_offset": "",
      "unique_content": "unique1",
      "include_post": "",
      "exclude_post": "",
      "include_category": "{{category:parenting:id}}",
      "exclude_category": "",
      "include_author": "",
      "include_tag": "",
      "exclude_tag": "",
      "sort_by": "latest",
      "date_format": "ago",
      "date_format_custom": "",
      "pagination_mode": "disable",
      "pagination_number_post": "16",
      "pagination_scroll_limit": "",
      "column_width": "auto"
    }
  },
  "home-4": {
    "jnews_tab_post-5": {
      "title": "",
      "limit": "4",
      "range": "daily",
      "header_url": "",
      "header_background": "",
      "header_text_color": ""
    },
    "jnews_module_element_ads-5": {
      "ads_type": "image",
      "ads_image": "",
      "ads_image_link": "#",
      "ads_image_alt": "",
      "google_publisher_id": "",
      "google_slot_id": "",
      "google_desktop": "auto",
      "google_tab": "auto",
      "google_phone": "auto",
      "ads_code": "",
      "column_width": "auto"
    },
    "jnews_popular-3": {
      "title": "Popular",
      "limit": "5",
      "order_by": "comments",
      "range": "daily",
      "header_url": "",
      "header_type": "heading_5",
      "header_background": "",
      "header_text_color": ""
    },
    "jnews_module_block_21-2": {
      "first_title": "Most Popular",
      "second_title": "",
      "url": "",
      "header_type": "heading_5",
      "header_background": "",
      "header_text_color": "",
      "header_filter_category": "",
      "header_filter_author": "",
      "header_filter_tag": "",
      "header_filter_text": "",
      "post_type": "post",
      "number_post": "4",
      "post_offset": "",
      "unique_content": "disable",
      "include_post": "",
      "exclude_post": "",
      "include_category": "",
      "exclude_category": "",
      "include_author": "",
      "include_tag": "",
      "exclude_tag": "",
      "sort_by": "latest",
      "date_format": "ago",
      "date_format_custom": "",
      "pagination_mode": "disable",
      "pagination_number_post": "16",
      "pagination_scroll_limit": "",
      "column_width": "auto"
    },
    "jnews_facebook_page-4": {
      "title": "Facebook",
      "url": "http://facebook.com/facebook",
      "appid": "1708153456106457",
      "tabs": "false",
      "height": "",
      "cover": "false",
      "photo": "true",
      "header_url": "",
      "header_type": "heading_5",
      "header_background": "#212121",
      "header_text_color": ""
    }
  },
  "home-5": {
    "jnews_popular-4": {
      "title": "Popular.",
      "limit": "5",
      "order_by": "comments",
      "range": "daily",
      "header_url": "",
      "header_type": "heading_8",
      "header_background": "",
      "header_text_color": ""
    },
    "jnews_tab_post-6": {
      "title": "",
      "limit": "4",
      "range": "daily",
      "header_url": "",
      "header_background": "",
      "header_text_color": ""
    },
    "jnews_module_element_ads-6": {
      "ads_type": "image",
      "ads_image": "",
      "ads_image_link": "#",
      "ads_image_alt": "",
      "google_publisher_id": "",
      "google_slot_id": "",
      "google_desktop": "auto",
      "google_tab": "auto",
      "google_phone": "auto",
      "ads_code": "",
      "column_width": "auto"
    }
  },
  "home-3": {
    "jnews_module_element_ads-8": {
      "ads_type": "image",
      "ads_image": "{{image:ad_345x345:id}}",
      "ads_image_link": "#",
      "ads_image_alt": "",
      "google_publisher_id": "",
      "google_slot_id": "",
      "google_desktop": "auto",
      "google_tab": "auto",
      "google_phone": "auto",
      "ads_code": "",
      "column_width": "auto"
    },
    "jnews_social_counter-3": {
      "title": "Follow Us",
      "column": "col1",
      "style": "colored",
      "fb_id": "1708153456106457",
      "fb_secret": "ae408213fb9a2e29d3ad858e03ec5a75",
      "fb_key": "1708153456106457|LBeqPdQFTJXpeFL3sPex1LQBMVY",
      "gg_key": "AIzaSyCNRPgcByJDdhhZZRZ0AEyUnZ9lqmlBrvE",
      "bh_key": "t2wwIJCdYCWCdAdPHwef3hGvcx8ztA8o",
      "twitch_key": "",
      "linkedin_id": "",
      "linkedin_secret": "",
      "linkedin_code": "",
      "linkedin_key": "",
      "vk_id": "",
      "rss_count": "",
      "account": "%5B%7B%22social_icon%22%3A%22facebook%22%2C%22social_url%22%3A%22https%3A%2F%2Fwww.facebook.com%2Fjegtheme%22%7D%2C%7B%22social_icon%22%3A%22twitter%22%2C%22social_url%22%3A%22https%3A%2F%2Ftwitter.com%2Fjegtheme%22%7D%2C%7B%22social_icon%22%3A%22instagram%22%2C%22social_url%22%3A%22https%3A%2F%2Fwww.instagram.com%2Fenvato%2F%22%7D%2C%7B%22social_icon%22%3A%22youtube%22%2C%22social_url%22%3A%22http%3A%2F%2Fwww.youtube.com%2Fuser%2FEnvato%22%7D%5D",
      "second_title": "",
      "header_url": "",
      "header_background": "",
      "header_text_color": ""
    },
    "jnews_tab_post-2": {
      "title": "",
      "limit": "4",
      "range": "daily",
      "header_url": "",
      "header_background": "",
      "header_text_color": ""
    }
  },
  "home-loop": {
    "jnews_module_block_21-6": {
      "first_title": "Recommended",
      "second_title": "",
      "url": "",
      "header_type": "heading_6",
      "header_background": "",
      "header_text_color": "",
      "header_filter_category": "",
      "header_filter_author": "",
      "header_filter_tag": "",
      "header_filter_text": "",
      "post_type": "post",
      "content_type": "all",
      "number_post": "2",
      "post_offset": "",
      "unique_content": "unique1",
      "include_post": "",
      "exclude_post": "",
      "include_category": "",
      "exclude_category": "",
      "include_author": "",
      "include_tag": "",
      "exclude_tag": "",
      "sort_by": "latest",
      "date_format": "ago",
      "date_format_custom": "",
      "pagination_mode": "disable",
      "pagination_number_post": "16",
      "pagination_scroll_limit": "",
      "column_width": "auto"
    },
    "mc4wp_form_widget-2": {
      "title": "",
      "second_title": "",
      "header_url": "",
      "header_background": "",
      "header_text_color": ""
    },
    "jnews_facebook_page-3": {
      "title": "",
      "url": "http://facebook.com/facebook",
      "appid": "1708153456106457",
      "tabs": "false",
      "height": "",
      "cover": "false",
      "photo": "true",
      "second_title": "",
      "header_url": "",
      "header_type": "heading_6",
      "header_background": "",
      "header_text_color": ""
    },
    "jnews_module_block_19-2": {
      "first_title": "Trending",
      "second_title": "",
      "url": "",
      "header_background": "",
      "header_text_color": "",
      "header_filter_category": "",
      "header_filter_author": "",
      "header_filter_tag": "",
      "header_filter_text": "",
      "post_type": "post",
      "content_type": "all",
      "number_post": "4",
      "post_offset": "",
      "unique_content": "unique1",
      "include_post": "",
      "exclude_post": "",
      "include_category": "",
      "exclude_category": "",
      "include_author": "",
      "include_tag": "",
      "exclude_tag": "",
      "sort_by": "popular_post_week",
      "date_format": "ago",
      "date_format_custom": "",
      "pagination_mode": "disable",
      "pagination_number_post": "16",
      "pagination_scroll_limit": "",
      "column_width": "auto"
    }
  },
  "home-2": {
    "jnews_tab_post-3": {
      "title": "",
      "limit": "3",
      "range": "weekly",
      "second_title": "",
      "header_url": "",
      "header_background": "",
      "header_text_color": ""
    },
    "jnews_module_element_ads-10": {
      "ads_type": "image",
      "ads_image": "{{image:ad_345x345:id}}",
      "ads_image_link": "#",
      "ads_image_alt": "",
      "google_publisher_id": "",
      "google_slot_id": "",
      "google_desktop": "auto",
      "google_tab": "auto",
      "google_phone": "auto",
      "ads_code": "",
      "column_width": "auto"
    },
    "jnews_social_counter-4": {
      "title": "",
      "column": "col4",
      "style": "colored",
      "fb_id": "1708153456106457",
      "fb_secret": "ae408213fb9a2e29d3ad858e03ec5a75",
      "fb_key": "1708153456106457|LBeqPdQFTJXpeFL3sPex1LQBMVY",
      "gg_key": "AIzaSyCNRPgcByJDdhhZZRZ0AEyUnZ9lqmlBrvE",
      "bh_key": "t2wwIJCdYCWCdAdPHwef3hGvcx8ztA8o",
      "twitch_key": "",
      "linkedin_id": "",
      "linkedin_secret": "",
      "linkedin_code": "",
      "linkedin_key": "",
      "vk_id": "",
      "rss_count": "",
      "account": "%5B%7B%22social_icon%22%3A%22facebook%22%2C%22social_url%22%3A%22https%3A%2F%2Fwww.facebook.com%2Fjegtheme%22%7D%2C%7B%22social_icon%22%3A%22twitter%22%2C%22social_url%22%3A%22https%3A%2F%2Ftwitter.com%2Fjegtheme%22%7D%2C%7B%22social_icon%22%3A%22instagram%22%2C%22social_url%22%3A%22https%3A%2F%2Fwww.instagram.com%2Fenvato%2F%22%7D%2C%7B%22social_icon%22%3A%22youtube%22%2C%22social_url%22%3A%22http%3A%2F%2Fwww.youtube.com%2Fuser%2FEnvato%22%7D%5D",
      "second_title": "",
      "header_url": "",
      "header_background": "",
      "header_text_color": ""
    },
    "jnews_popular-6": {
      "title": "Popular News",
      "limit": "5",
      "order_by": "comments",
      "range": "daily",
      "second_title": "",
      "header_url": "",
      "header_type": "heading_6",
      "header_background": "",
      "header_text_color": ""
    },
    "jnews_pinterest-2": {
      "title": "",
      "url": "https://id.pinterest.com/easlerr/braille/",
      "type": "embedBoard",
      "size": "medium",
      "second_title": "",
      "header_url": "",
      "header_background": "",
      "header_text_color": ""
    }
  }
}