{
  "template": "jnews",
  "mods":
  {
    "0": false,
    "nav_menu_locations":
    {
      "navigation": "{{menu_location:main-navigation:id}}",
      "mobile_navigation": "{{menu_location:mobile-navigation:id}}"
    },
    "custom_css_post_id": 300,
    "jnews_hb_display_desktop_mid_center": "grow",
    "jnews_hb_display_desktop_mid_right": "normal",
    "jnews_hb_element_desktop_mid_left": [],
    "jnews_hb_element_desktop_mid_center": [],
    "jnews_hb_element_desktop_top_left": [],
    "jnews_hb_element_desktop_bottom_left": ["logo"],
    "jnews_hb_element_desktop_bottom_center": ["main_menu"],
    "jnews_hb_display_desktop_bottom_right": "grow",
    "jnews_hb_element_desktop_bottom_right": ["social_icon", "dark_mode", "separator5", "search_icon"],
    "jnews_accent_color": "#000000",
    "jnews_alt_color": "#333333",
    "jnews_social_icon": [
      {
        "social_icon": "facebook",
        "social_url": "https:\/\/www.facebook.com\/jegtheme\/"
      },
      {
        "social_icon": "twitter",
        "social_url": "https:\/\/twitter.com\/jegtheme"
      },
      {
        "social_icon": "instagram",
        "social_url": "https:\/\/instagram.com\/jegtheme"
      }],
    "jnews_hb_display_desktop_bottom_center": "normal",
    "jnews_header_social_icon": "nobg",
    "jnews_header_social_icon_text_color": "#000000",
    "jnews_header_menu_text_color": "#000000",
    "jnews_header_nav_icon_color": "#000000",
    "jnews_header_search_icon_color": "#000000",
    "jnews_header_width": "normal",
    "jnews_header_bottombar_boxed": false,
    "jnews_header_bottombar_fitwidth": false,
    "jnews_header_bottombar_border": false,
    "jnews_header_bottombar_shadow": false,
    "jnews_header_menu_style": "jeg_menu_style_1",
    "jnews_header_menu_animation": "animate",
    "jnews_header_logo_type": "image",
    "jnews_header_logo_text": "THE SNEAKERS",
    "jnews_header_logo_text_font":
    {
      "font-family": "Oswald",
      "font-size": "36px",
      "variant": ["700"],
      "line-height": "",
      "color": "#000000",
      "show_variants": true,
      "show_subsets": true,
      "subsets": null
    },
    "jnews_header_logo": "{{image:logo:url:full}}",
    "jnews_header_logo_retina": "{{image:logo2x:url:full}}",
    "jnews_header_logo_alt": "THE SNEAKERS",
    "jnews_header_logo_spacing":
    {
      "top": "0px",
      "bottom": "0px",
      "left": "0px",
      "right": "0px"
    },
    "jnews_body_font":
    {
      "font-family": "",
      "font-size": "",
      "variant": "",
      "line-height": "",
      "color": "",
      "show_variants": true,
      "show_subsets": true,
      "subsets": []
    },
    "jnews_header_font":
    {
      "font-family": "",
      "font-size": "",
      "variant": null,
      "line-height": "",
      "color": "",
      "show_variants": true,
      "show_subsets": true,
      "subsets": []
    },
    "jnews_main_menu_font":
    {
      "font-family": "Oswald",
      "font-size": "",
      "variant": ["600"],
      "line-height": "",
      "color": "",
      "show_variants": true,
      "show_subsets": true,
      "subsets": []
    },
    "jnews_h1_font":
    {
      "font-family": "",
      "font-size": "",
      "variant": "",
      "line-height": "",
      "color": "",
      "show_variants": true,
      "show_subsets": true,
      "subsets": []
    },
    "jnews_p_font":
    {
      "font-family": "",
      "font-size": "",
      "variant": "",
      "line-height": "",
      "color": "",
      "show_variants": true,
      "show_subsets": true,
      "subsets": []
    },
    "jnews_footer_style": "custom",
    "jnews_footer_custom_layout": "{{post:footer:id}}",
    "jnews_hb_element_desktop_sticky_mid_left": ["logo"],
    "jnews_hb_element_desktop_sticky_mid_right": ["social_icon", "separator5", "search_icon"],
    "jnews_header_menu_follow": "fixed",
    "jnews_hb_display_desktop_sticky_mid_center": "normal",
    "jnews_hb_display_desktop_sticky_mid_right": "grow",
    "jnews_hb_element_desktop_sticky_mid_center": ["main_menu"],
    "jnews_header_stickybar_height": "70",
    "jnews_header_stickybar_border": false,
    "jnews_header_stickybar_scheme": "jeg_navbar_normal",
    "jnews_header_stickybar_border_color": "",
    "jnews_header_stickybar_border_bottom_height": "0",
    "jnews_header_stickybar_border_bottom_color": "",
    "jnews_sticky_menu_logo": "{{image:logo:url:full}}",
    "jnews_sticky_menu_logo_retina": "{{image:logo2x:url:full}}",
    "jnews_mobile_logo": "{{image:logo:url:full}}",
    "jnews_mobile_logo_retina": "{{image:logo2x:url:full}}",
    "jnews_sticky_logo_type": "image",
    "jnews_sticky_logo_text": "THE SNEAKERS",
    "jnews_header_topbar_height": "36",
    "jnews_header_bottombar_height": "75",
    "jnews_mobile_logo_type": "image",
    "jnews_mobile_logo_text": "THE SNEAKERS",
    "jnews_mobile_logo_text_font":
    {
      "font-family": "Oswald",
      "font-size": "32px",
      "variant": ["700"],
      "line-height": "",
      "color": "",
      "show_variants": true,
      "show_subsets": true,
      "subsets": []
    },
    "jnews_header_mobile_midbar_scheme": "normal",
    "jnews_header_mobile_drawer_scheme": "dark",
    "jnews_boxed_layout": false,
    "jnews_boxed_container": false,
    "jnews_boxed_container_shadow": false,
    "jnews_single_blog_template": "3",
    "jnews_single_blog_layout": "right-sidebar",
    "jnews_single_show_post_meta": true,
    "jnews_single_show_post_related": true,
    "jnews_single_post_related_header": "heading_9",
    "jnews_single_post_auto_load_related": "3",
    "jnews_single_post_related_template": "23",
    "jnews_single_post_related_excerpt": "19",
    "jnews_single_number_post_related": "4",
    "jnews_category_override_{{category:men:id}}": false,
    "jnews_category_page_layout_{{category:men:id}}": "right-sidebar",
    "jnews_category_hero_show_{{category:men:id}}": true,
    "jnews_category_hero_{{category:men:id}}": "7",
    "jnews_category_content_{{category:men:id}}": "3",
    "jnews_category_content_pagination_{{category:men:id}}": "loadmore",
    "jnews_category_override_color_{{category:sneakers:id}}": false,
    "jnews_category_override_{{category:sneakers:id}}": false,
    "jnews_category_page_layout_{{category:sneakers:id}}": "right-sidebar",
    "jnews_category_header_{{category:sneakers:id}}": "1",
    "jnews_category_hero_{{category:sneakers:id}}": "13",
    "jnews_category_content_{{category:sneakers:id}}": "3",
    "jnews_category_boxed_{{category:sneakers:id}}": false,
    "jnews_category_content_pagination_{{category:sneakers:id}}": "nav_3",
    "jnews_category_override_{{category:news:id}}": false,
    "jnews_category_hero_{{category:news:id}}": "9",
    "jnews_category_page_layout_{{category:news:id}}": "right-sidebar",
    "jnews_category_content_{{category:news:id}}": "3",
    "jnews_category_content_pagination_{{category:news:id}}": "nav_2",
    "jnews_category_override_{{category:style:id}}": false,
    "jnews_category_page_layout_{{category:style:id}}": "right-sidebar",
    "jnews_category_hero_{{category:style:id}}": "skew",
    "jnews_category_content_{{category:style:id}}": "3",
    "jnews_category_content_pagination_{{category:style:id}}": "nav_3",
    "jnews_category_override_{{category:women:id}}": false,
    "jnews_category_page_layout_{{category:women:id}}": "right-sidebar",
    "jnews_category_hero_{{category:women:id}}": "8",
    "jnews_category_hero_style_{{category:women:id}}": "jeg_hero_style_4",
    "jnews_category_content_{{category:women:id}}": "3",
    "jnews_category_content_excerpt_{{category:women:id}}": "19",
    "jnews_category_content_pagination_{{category:women:id}}": "nav_2",
    "jnews_index_page_layout": "right-sidebar",
    "jnews_index_content_pagination": "nav_2",
    "jnews_archive_page_layout": "right-sidebar",
    "jnews_archive_content": "22",
    "jnews_search_page_layout": "right-sidebar",
    "jnews_author_page_layout": "right-sidebar",
    "jnews_author_content": "3",
    "jnews_attachment_page_layout": "no-sidebar",
    "jnews_404_page_layout": "no-sidebar",
    "jnews_404_content": "22",
    "jnews_category_sidebar_{{category:men:id}}": "sidebar-widget",
    "jnews_category_sidebar_{{category:sneakers:id}}": "sidebar-widget",
    "jnews_category_sidebar_{{category:news:id}}": "sidebar-widget",
    "jnews_category_sidebar_{{category:style:id}}": "sidebar-widget",
    "jnews_single_sidebar": "sidebar-widget",
    "jnews_single_show_category": true,
    "jnews_single_share_position": "float",
    "jnews_single_share_float_style": "share-monocrhome",
    "jnews_single_show_author_box": false,
    "jnews_additional_font": [],
    "jnews_footer_scheme": "dark",
    "jnews_footer_widget_title_color": "#efd07a",
    "jnews_footer_bg_color": "#000000",
    "jnews_ads_header_top_enable": false,
    "jnews_ads_header_image": "{{image:ad_970x250:url:full}}",
    "jnews_ads_article_top_enable": true,
    "jnews_ads_article_top_type": "image",
    "jnews_ads_article_top_image": "{{image:ad_970x250:url:full}}",
    "jnews_ads_article_top_image_tablet": "{{image:ad_970x250:url:full}}",
    "jnews_ads_article_top_image_phone": "{{image:ad_970x250:url:full}}",
    "jnews_ads_content_top_enable": false,
    "jnews_ads_content_inline_enable": false,
    "jnews_ads_article_bottom_enable": false,
    "jnews_ads_archive_above_hero_enable": false,
    "jnews_ads_above_footer_enable": false,
    "jnews_page_level_ads_enable": false,
    "jnews_show_block_meta_views": false,
    "jnews_ads_header_enable": true,
    "jnews_search_sidebar": "sidebar-widget",
    "jnews_index_sidebar": "sidebar-widget",
    "jnews_archive_sidebar": "sidebar-widget",
    "jnews_author_sidebar": "sidebar-widget",
    "jnews_404_sidebar": "sidebar-widget",
    "jnews_category_hero_show_{{category:news:id}}": true,
    "jnews_category_hero_style_{{category:style:id}}": "jeg_hero_style_4",
    "jnews_header_mobile_midbar_height": "60",
    "jnews_mobile_menu_follow": "fixed",
    "jnews_category_sidebar_{{category:women:id}}": "sidebar-widget",
    "jnews_header_drawer_social_icon_text_color": "#ffffff",
    "jnews_heading_color": "#000000",
    "jnews_header_mobile_drawer_background_color": "#000000",
    "jnews_header_mobile_midbar_background_color": "",
    "jnews_category_sidebar": "sidebar-widget",
    "jnews_category_hero": "13",
    "jnews_header_mobile_drawer_overlay_color": "",
    "jnews_category_page_layout": "no-sidebar",
    "jnews_category_content": "23",
    "jnews_category_hero_margin": "10",
    "jnews_header_stickybar_shadow": true,
    "jnews_category_global_bg_color": "#000000",
    "jnews_sticky_logo_text_font":
    {
      "font-family": "Oswald",
      "font-size": "",
      "variant": ["700"],
      "line-height": "",
      "color": "",
      "show_variants": true,
      "show_subsets": true,
      "subsets": []
    },
    "jnews_body_color": "#555555",
    "jnews_single_post_pagination_related": "disable",
    "jnews_single_show_prev_next_post": false,
    "jnews_header_logo_darkmode": "{{image:logo_dark:url:full}}",
    "jnews_header_logo_retina_darkmode": "{{image:logo_dark2x:url:full}}",
    "jnews_sticky_menu_logo_darkmode": "{{image:logo_dark:url:full}}",
    "jnews_sticky_menu_logo_retina_darkmode": "{{image:logo_dark2x:url:full}}",
    "jnews_mobile_logo_darkmode": "{{image:logo_dark:url:full}}",
    "jnews_mobile_logo_retina_darkmode": "{{image:logo_dark2x:url:full}}"
  },
  "options":
  {
    "site_icon": "{{image:favicon:url:full}}",
    "show_on_front" : "page",
    "page_on_front" : "{{post:home-1:id}}",
    "nav_menus_created_posts": []
  },
  "wp_css": ""
}