{
  "mods": {
    "custom_css_post_id": -1,
    "jnews_accent_color": "#00b5f7",
    "jnews_ads_article_top_enable": false,
    "jnews_ads_article_top_image": "{{{image:ad_970x90:url:full}}",
    "jnews_ads_article_top_link": "#",
    "jnews_ads_article_top_type": "image",
    "jnews_ads_content_bottom_enable": true,
    "jnews_ads_content_bottom_image": "{{image:ad_728x90:url:full}}",
    "jnews_ads_content_bottom_type": "image",
    "jnews_alt_color": "#555555",
    "jnews_background_color": "#eeeeee",
    "jnews_block_heading_font": {
      "color": "",
      "font-family": "Poppins",
      "font-size": "",
      "line-height": "",
      "show_subsets": true,
      "show_variants": true,
      "subsets": [],
      "variant": [
        "500",
        "600"
      ]
    },
    "jnews_body_color": "#555555",
    "jnews_body_font": {
      "color": "",
      "font-family": "Open Sans",
      "font-size": "",
      "line-height": "",
      "show_subsets": true,
      "show_variants": true,
      "subsets": [],
      "variant": [
        "regular",
        "700",
        "600"
      ]
    },
    "jnews_boxed_layout": false,
    "jnews_breadcrumb": "hide",
    "jnews_category_content": "27",
    "jnews_category_hero": "13",
    "jnews_category_hero_style": "jeg_hero_style_7",
    "jnews_footer_bg_color": "#000000",
    "jnews_footer_copyright_color": "#bbbbbb",
    "jnews_footer_custom_layout": "{{post:footer:id}}",
    "jnews_footer_link_color": "#ffffff",
    "jnews_footer_style": "custom",
    "jnews_footer_text_color": "#eaeaea",
    "jnews_footer_widget_title_color": "#bbbbbb",
    "jnews_h1_font": {
      "color": "",
      "font-family": "Poppins",
      "font-size": "",
      "line-height": "",
      "show_subsets": true,
      "show_variants": true,
      "subsets": [],
      "variant": [
        "600"
      ]
    },
    "jnews_hb_display_desktop_bottom_left": "normal",
    "jnews_hb_display_desktop_bottom_right": "grow",
    "jnews_hb_display_desktop_sticky_mid_left": "normal",
    "jnews_hb_display_desktop_sticky_mid_right": "grow",
    "jnews_hb_display_mobile_mid_center": "normal",
    "jnews_hb_display_mobile_mid_left": "grow",
    "jnews_hb_element_desktop_bottom_left": [
      "logo"
    ],
    "jnews_hb_element_desktop_bottom_right": [
      "main_menu",
      "separator5",
      "social_icon",
      "search_icon"
    ],
    "jnews_hb_element_desktop_mid_left": [],
    "jnews_hb_element_desktop_mid_right": [],
    "jnews_hb_element_desktop_sticky_mid_left": [
      "logo"
    ],
    "jnews_hb_element_desktop_sticky_mid_right": [
      "main_menu",
      "search_icon"
    ],
    "jnews_hb_element_desktop_top_left": [],
    "jnews_hb_element_mobile_drawer_top_center": [
      "search_form",
      "mobile_menu"
    ],
    "jnews_hb_element_mobile_mid_center": [],
    "jnews_hb_element_mobile_mid_left": [
      "logo"
    ],
    "jnews_hb_element_mobile_mid_right": [
      "nav_icon",
      "search_icon"
    ],
    "jnews_header_bottombar_background_color": "#000000",
    "jnews_header_bottombar_border_bottom_height": "0",
    "jnews_header_bottombar_boxed": false,
    "jnews_header_bottombar_height": "60",
    "jnews_header_bottombar_scheme": "jeg_navbar_dark",
    "jnews_header_drawer_social_icon_text_color": "#aaaaaa",
    "jnews_header_font": {
      "color": "",
      "font-family": "Poppins",
      "font-size": "",
      "line-height": "",
      "show_subsets": true,
      "show_variants": true,
      "subsets": [],
      "variant": [
        "600",
        "regular"
      ]
    },
    "jnews_header_logo": "{{image:logo:url:full}}",
    "jnews_header_logo_retina": "{{image:logo2x:url:full}}",
    "jnews_header_logo_spacing": {
      "bottom": "0px",
      "left": "0px",
      "right": "0px",
      "top": "2px"
    },
    "jnews_header_menu_search_form_style": "square",
    "jnews_header_menu_style": "jeg_menu_style_5",
    "jnews_header_mobile_drawer_scheme": "dark",
    "jnews_header_mobile_midbar_background_color": "#000000",
    "jnews_header_search_icon_color": "#ffffff",
    "jnews_header_search_style": "jeg_search_modal_expand",
    "jnews_header_social_icon_text_color": "#bbbbbb",
    "jnews_header_stickybar_border_bottom_height": "0",
    "jnews_header_stickybar_scheme": "jeg_navbar_dark",
    "jnews_header_topbar_bg_color": "#878787",
    "jnews_header_width": "normal",
    "jnews_heading_color": "#000000",
    "jnews_mobile_logo": "{{image:logo:url:full}}",
    "jnews_mobile_logo_retina": "{{image:logo2x:url:full}}",
    "jnews_search_content": "27",
    "jnews_single_number_post_related": "6",
    "jnews_single_post_pagination_related": "disable",
    "jnews_single_post_related_header": "heading_8",
    "jnews_single_post_related_template": "9",
    "jnews_single_post_show_inline_related": false,
    "jnews_single_post_thumbnail_size": "no-crop",
    "jnews_single_share_position": "top",
    "jnews_single_show_author_box": false,
    "jnews_single_show_post_author_image": true,
    "jnews_single_show_prev_next_post": true,
    "jnews_single_sidebar": "single-post",
    "jnews_sticky_menu_logo": "{{image:logo:url:full}}",
    "jnews_sticky_menu_logo_retina": "{{image:logo2x:url:full}}",
    "nav_menu_locations": {
      "footer_navigation": "{{menu_location:footer-navigation:id}}",
      "mobile_navigation": "{{menu_location:main-navigation:id}}",
      "navigation": "{{menu_location:main-navigation:id}}"
    }
  },
  "options": {
    "amp_customizer[color_scheme]": "light",
    "amp_customizer[header_background_color]": "#0a89c0",
    "amp_customizer[header_color]": "#fff",
    "jnews_option[amp_ads_above_article_enable]": "",
    "jnews_option[amp_ads_above_article_google_id]": "",
    "jnews_option[amp_ads_above_article_google_publisher]": "",
    "jnews_option[amp_ads_above_article_size]": "auto",
    "jnews_option[amp_ads_above_content_enable]": "",
    "jnews_option[amp_ads_above_content_google_id]": "",
    "jnews_option[amp_ads_above_content_google_publisher]": "",
    "jnews_option[amp_ads_above_content_size]": "auto",
    "jnews_option[amp_ads_above_header_enable]": "",
    "jnews_option[amp_ads_above_header_google_id]": "",
    "jnews_option[amp_ads_above_header_google_publisher]": "",
    "jnews_option[amp_ads_above_header_size]": "auto",
    "jnews_option[amp_ads_below_article_enable]": "",
    "jnews_option[amp_ads_below_article_google_id]": "",
    "jnews_option[amp_ads_below_article_google_publisher]": "",
    "jnews_option[amp_ads_below_article_size]": "auto",
    "jnews_option[amp_ads_below_content_enable]": "",
    "jnews_option[amp_ads_below_content_google_id]": "",
    "jnews_option[amp_ads_below_content_google_publisher]": "",
    "jnews_option[amp_ads_below_content_size]": "auto",
    "jnews_option[amp_ads_inline_content_enable]": "",
    "jnews_option[amp_ads_inline_content_google_id]": "",
    "jnews_option[amp_ads_inline_content_google_publisher]": "",
    "jnews_option[amp_ads_inline_content_paragraph]": "3",
    "jnews_option[amp_ads_inline_content_paragraph_random]": "",
    "jnews_option[amp_ads_inline_content_size]": "auto",
    "jnews_option[article_schema_type]": "article",
    "jnews_option[enable_schema]": true,
    "jnews_option[footer_instagram_column]": 8,
    "jnews_option[footer_instagram_follow_button]": "",
    "jnews_option[footer_instagram_hover_style]": "zoom",
    "jnews_option[footer_instagram_newtab]": "",
    "jnews_option[footer_instagram_row]": 1,
    "jnews_option[footer_instagram_sort_type]": "most_recent",
    "jnews_option[footer_instagram_username]": "",
    "jnews_option[instagram_feed_enable]": "hide",
    "jnews_option[main_schema_logo]": "",
    "jnews_option[main_schema_organization_name]": "",
    "jnews_option[main_schema_person_name]": "",
    "jnews_option[main_schema_type]": "organization",
    "jnews_option[main_schema_type_header_person]": "",
    "jnews_option[main_scheme_area]": "",
    "jnews_option[main_scheme_contact_type]": "customer_service",
    "jnews_option[main_scheme_person_address]": "",
    "jnews_option[main_scheme_telp]": "",
    "jnews_option[single_like_view_percentage]": "8",
    "jnews_option[single_social_share_main]": [
      {
        "social_share": "facebook",
        "social_text": "Share on Facebook"
      },
      {
        "social_share": "twitter",
        "social_text": "Share on Twitter"
      },
      {
        "social_share": "googleplus",
        "social_text": ""
      }
    ],
    "jnews_option[single_social_share_secondary]": [
      {
        "social_share": "linkedin"
      },
      {
        "social_share": "pinterest"
      }
    ],
    "jnews_option[single_social_share_threshold]": "10",
    "jnews_option[single_social_share_via_twitter]": "jegtheme",
    "jnews_option[single_social_share_view_percentage]": "17",
    "jnews_option[single_view_initial_value]": "2345",
    "jnews_option[single_view_option]": "jnews",
    "jnews_option[social_login_alert]": "info",
    "jnews_option[social_login_enable_facebook]": "",
    "jnews_option[social_login_enable_google]": "",
    "jnews_option[social_login_enable_linkedin]": "",
    "jnews_option[social_login_facebook_id]": "",
    "jnews_option[social_login_facebook_secret]": "",
    "jnews_option[social_login_google_app_name]": "",
    "jnews_option[social_login_google_id]": "",
    "jnews_option[social_login_google_secret]": "",
    "jnews_option[social_login_linkedin_id]": "",
    "jnews_option[social_login_linkedin_secret]": "",
    "jnews_option[social_login_show]": "hide",
    "jnews_option[social_login_style]": "normal",
    "jnews_option[social_login_user_role]": "subscriber",
    "jnews_option[social_meta_fb_app_id]": "",
    "nav_menus_created_posts": [],
    "site_icon": "{{image:favicon:id}}",
    "show_on_front": "page",
    "page_on_front": "{{post:home-1:id}}"
  },
  "template": "jnews",
  "wp_css": ""
}