{
  "default-sidebar": {
    "jnews_module_element_ads-1": {
      "ads_image": "{{image:ad_300x600:id}}",
      "ads_image_alt": "",
      "ads_image_link": "#",
      "ads_type": "image",
      "column_width": "auto",
      "content": "",
      "google_desktop": "auto",
      "google_phone": "auto",
      "google_publisher_id": "",
      "google_slot_id": "",
      "google_tab": "auto",
      "scheme": "normal"
    },
    "jnews_recent_news-1": {
      "header_background": "",
      "header_text_color": "",
      "header_type": "heading_8",
      "header_url": "",
      "postnumber": "",
      "second_title": "",
      "title": "Recent"
    },
    "categories-3": {
      "count": "on",
      "header_background": "",
      "header_text_color": "",
      "header_type": "heading_8",
      "header_url": "",
      "title": "Categories"
    }
  },
  "footer-widget-1": {
    "categories-4": {
      "header_background": "",
      "header_text_color": "",
      "header_type": "heading_6",
      "header_url": "",
      "second_title": "",
      "title": "Category"
    },
    "text-3": {
      "filter": "on",
      "header_background": "",
      "header_text_color": "",
      "header_type": "heading_6",
      "header_url": "",
      "second_title": "",
      "text": "Lorem ipsum dolor sit amet, consectetur adipiscing elit. Ut elit tellus, luctus nec ullamcorper mattis. <a href=\"#\">Learn more</a>",
      "title": "Advertise",
      "visual": "on"
    }
  },
  "footer-widget-2": {
    "meta-3": {
      "header_background": "",
      "header_text_color": "",
      "header_type": "heading_6",
      "header_url": "",
      "second_title": "",
      "title": "Meta"
    },
    "jnews_social-2": {
      "account": "%5B%7B%22social_icon%22%3A%22facebook%22%2C%22social_url%22%3A%22https%3A%2F%2Fwww.facebook.com%2Fjegtheme%2F%22%7D%2C%7B%22social_icon%22%3A%22twitter%22%2C%22social_url%22%3A%22https%3A%2F%2Ftwitter.com%2Fjegtheme%22%7D%5D",
      "aftersocial": "",
      "beforesocial": "",
      "bg_color": "",
      "header_background": "",
      "header_text_color": "",
      "header_type": "heading_6",
      "header_url": "",
      "icon_color": "",
      "second_title": "",
      "title": "Follow Us",
      "widgetstyle": "nobg"
    }
  },
  "footer-widget-4": {
    "jnews_recent_news-21": {
      "title": "Recent News",
      "postnumber": "2",
      "header_url": "",
      "header_background": "",
      "header_text_color": ""
    }
  },
  "home": {
    "jnews_social_counter-2": {
      "account": "%5B%7B%22social_icon%22%3A%22facebook%22%2C%22social_url%22%3A%22https%3A%2F%2Fwww.facebook.com%2Fjegtheme%2F%22%7D%2C%7B%22social_icon%22%3A%22twitter%22%2C%22social_url%22%3A%22https%3A%2F%2Ftwitter.com%2Fjegtheme%22%7D%2C%7B%22social_icon%22%3A%22google-plus%22%2C%22social_url%22%3A%22https%3A%2F%2Fplus.google.com%2F%2Benvato%22%7D%2C%7B%22social_icon%22%3A%22behance%22%2C%22social_url%22%3A%22https%3A%2F%2Fwww.behance.net%2Fjegtheme%22%7D%2C%7B%22social_icon%22%3A%22instagram%22%2C%22social_url%22%3A%22https%3A%2F%2Fwww.instagram.com%2Fenvato%2F%22%7D%2C%7B%22social_icon%22%3A%22vk%22%2C%22social_url%22%3A%22https%3A%2F%2Fvk.com%2Fcnn_page%22%7D%2C%7B%22social_icon%22%3A%22youtube%22%2C%22social_url%22%3A%22http%3A%2F%2Fwww.youtube.com%2Fuser%2FEnvato%22%7D%2C%7B%22social_icon%22%3A%22flickr%22%2C%22social_url%22%3A%22https%3A%2F%2Fwww.flickr.com%2Fphotos%2Fwe-are-envato%2F%22%7D%2C%7B%22social_icon%22%3A%22soundcloud%22%2C%22social_url%22%3A%22https%3A%2F%2Fsoundcloud.com%2Fdialogdinihari%22%7D%5D",
      "bh_key": "t2wwIJCdYCWCdAdPHwef3hGvcx8ztA8o",
      "column": "col3",
      "fb_id": "1708153456106457",
      "fb_key": "1708153456106457|LBeqPdQFTJXpeFL3sPex1LQBMVY",
      "fb_secret": "ae408213fb9a2e29d3ad858e03ec5a75",
      "gg_key": "AIzaSyCNRPgcByJDdhhZZRZ0AEyUnZ9lqmlBrvE",
      "header_background": "",
      "header_text_color": "",
      "header_type": "heading_5",
      "header_url": "",
      "rss_count": "",
      "second_title": "",
      "style": "colored",
      "title": "Follow Us",
      "twitch_key": "",
      "vk_id": "210700286"
    },
    "jnews_module_block_21-2": {
      "accent_color": "",
      "alt_color": "",
      "column_width": "auto",
      "content_type": "all",
      "date_format": "default",
      "date_format_custom": "Y/m/d",
      "excerpt_color": "",
      "exclude_category": "",
      "exclude_post": "",
      "exclude_tag": "",
      "first_title": "Trending",
      "header_accent_color": "",
      "header_background": "",
      "header_filter_author": "",
      "header_filter_category": "",
      "header_filter_tag": "",
      "header_filter_text": "All",
      "header_line_color": "",
      "header_secondary_background": "",
      "header_text_color": "",
      "header_type": "heading_5",
      "include_author": "",
      "include_category": "",
      "include_post": "",
      "include_tag": "",
      "number_post": "4",
      "pagination_mode": "disable",
      "pagination_number_post": "6",
      "pagination_scroll_limit": "0",
      "post_offset": "0",
      "post_type": "post",
      "scheme": "normal",
      "second_title": "",
      "sort_by": "latest",
      "title_color": "",
      "unique_content": "disable",
      "url": ""
    },
    "categories-5": {
      "count": "on",
      "header_background": "",
      "header_text_color": "",
      "header_type": "heading_5",
      "header_url": "",
      "second_title": "",
      "title": ""
    }
  },
  "home-4": {
    "jnews_tab_post-2": {
      "header_background": "",
      "header_text_color": "",
      "header_url": "",
      "limit": "4",
      "range": "daily",
      "title": ""
    },
    "jnews_module_element_ads-2": {
      "ads_code": "",
      "ads_image": "{{image:ad_345x345:id}}",
      "ads_image_alt": "",
      "ads_image_link": "#",
      "ads_type": "image",
      "column_width": "auto",
      "google_desktop": "auto",
      "google_phone": "auto",
      "google_publisher_id": "",
      "google_slot_id": "",
      "google_tab": "auto"
    },
    "jnews_popular-1": {
      "header_background": "",
      "header_text_color": "",
      "header_type": "heading_5",
      "header_url": "",
      "limit": "5",
      "order_by": "comments",
      "range": "daily",
      "title": "Popular"
    },
    "jnews_module_block_21-1": {
      "column_width": "auto",
      "date_format": "ago",
      "date_format_custom": "",
      "exclude_category": "",
      "exclude_post": "",
      "exclude_tag": "",
      "first_title": "Most Popular",
      "header_background": "",
      "header_filter_author": "",
      "header_filter_category": "",
      "header_filter_tag": "",
      "header_filter_text": "",
      "header_text_color": "",
      "header_type": "heading_5",
      "include_author": "",
      "include_category": "",
      "include_post": "",
      "include_tag": "",
      "number_post": "4",
      "pagination_mode": "disable",
      "pagination_number_post": "16",
      "pagination_scroll_limit": "",
      "post_offset": "",
      "post_type": "post",
      "second_title": "",
      "sort_by": "latest",
      "unique_content": "disable",
      "url": ""
    },
    "jnews_facebook_page-2": {
      "appid": "1708153456106457",
      "cover": "false",
      "header_background": "#212121",
      "header_text_color": "",
      "header_type": "heading_5",
      "header_url": "",
      "height": "",
      "photo": "true",
      "tabs": "false",
      "title": "Facebook",
      "url": "http://facebook.com/facebook"
    }
  },
  "home-5": {
    "jnews_popular-2": {
      "header_background": "",
      "header_text_color": "",
      "header_type": "heading_8",
      "header_url": "",
      "limit": "5",
      "order_by": "comments",
      "range": "daily",
      "title": "Popular."
    },
    "jnews_tab_post-3": {
      "header_background": "",
      "header_text_color": "",
      "header_url": "",
      "limit": "4",
      "range": "daily",
      "title": ""
    },
    "jnews_module_element_ads-3": {
      "ads_code": "",
      "ads_image": "{{image:ad_345x345:id}}",
      "ads_image_alt": "",
      "ads_image_link": "#",
      "ads_type": "image",
      "column_width": "auto",
      "google_desktop": "auto",
      "google_phone": "auto",
      "google_publisher_id": "",
      "google_slot_id": "",
      "google_tab": "auto"
    }
  },
  "home-loop": {
    "jnews_popular-3": {
      "header_background": "",
      "header_text_color": "",
      "header_type": "heading_8",
      "header_url": "",
      "limit": "5",
      "order_by": "views",
      "range": "all",
      "second_title": "",
      "title": "Popular News"
    },
    "jnews_module_element_ads-4": {
      "ads_image": "{{image:ad_345x345:id}}",
      "ads_image_alt": "",
      "ads_image_link": "#",
      "ads_type": "image",
      "column_width": "auto",
      "content": "",
      "google_desktop": "auto",
      "google_phone": "auto",
      "google_publisher_id": "",
      "google_slot_id": "",
      "google_tab": "auto",
      "scheme": "normal"
    }
  },
  "single-post": {
    "jnews_module_element_ads-5": {
      "ads_image": "{{image:ad_300x600:id}}",
      "ads_image_alt": "",
      "ads_image_link": "#",
      "ads_type": "image",
      "column_width": "auto",
      "content": "",
      "google_desktop": "auto",
      "google_phone": "auto",
      "google_publisher_id": "",
      "google_slot_id": "",
      "google_tab": "auto",
      "scheme": "normal"
    },
    "text-2": {
      "filter": "on",
      "header_background": "",
      "header_text_color": "",
      "header_type": "heading_6",
      "header_url": "",
      "second_title": "",
      "text": "",
      "title": "",
      "visual": "on"
    }
  }
}