{
  "template": "jnews",
  "mods": {
    "0":false,
    "custom_css_post_id":-1,
    "jnews_header_style":"5",
    "nav_menu_locations":{
      "navigation": "{{menu_location:main-navigation:id}}",
      "top_navigation": "{{menu_location:footer-navigation:id}}",
      "mobile_navigation": "{{menu_location:main-navigation:id}}",
      "footer_navigation": "{{menu_location:footer-navigation:id}}"
    },
    "jnews_header_logo":"{{image:logo:url:full}}",
    "jnews_header_logo_retina":"{{image:logoretina:url:full}}",
    "jnews_header_topbar_scheme":"normal",
    "jnews_header_menu_scheme":"jeg_navbar_dark",
    "jnews_header5_logo_spacing":{
      "top":"50px",
      "bottom":"50px",
      "left":"0px",
      "right":"0px"
    },
    "jnews_header_topbar_menu_position":"hide",
    "jnews_header_topbar_date_position":"hide",
    "jnews_header_topbar_social_position":"left",
    "jnews_header_topbar_search_show":"right",
    "jnews_header_topbar_search_type":"jeg_search_no_expand",
    "jnews_header_topbar_bg_color":"#ffffff",
    "jnews_header_topbar_border_bottom":"",
    "jnews_header_topbar_side_border":"",
    "jnews_header_topbar_text_color":"#757575",
    "jnews_header_menu_style":"jeg_menu_style_4",
    "jnews_header_menu_fitwidth":true,
    "jnews_header_menu_show_search":false,
    "jnews_header5_midbar_background":"",
    "jnews_header_menu_boxed":false,
    "jnews_header_menu_border":false,
    "jnews_social_icon":[
      {
        "social_icon":"facebook",
        "social_url":"https:\/\/www.facebook.com\/jegtheme\/"
      },
      {
        "social_icon":"twitter",
        "social_url":"https:\/\/twitter.com\/jegtheme"
      },
      {
        "social_icon":"youtube",
        "social_url":"https:\/\/www.youtube.com"
      },
      {
        "social_icon":"instagram",
        "social_url":"https:\/\/www.instagram.com\/jegtheme\/"
      }
    ],
    "jnews_body_font":{
      "font-family":"Lato",
      "font-size":"",
      "variant":[
        "regular",
        "900",
        "700"
      ],
      "line-height":"",
      "color":"",
      "show_variants":true,
      "show_subsets":true,
      "subsets":[

      ]
    },
    "jnews_h1_font":{
      "font-family":"Montserrat",
      "font-size":"",
      "variant":[
        "regular",
        "700"
      ],
      "line-height":"",
      "color":"",
      "show_variants":true,
      "show_subsets":true,
      "subsets":[

      ]
    },
    "jnews_p_font":{
      "font-family":"",
      "font-size":"",
      "variant":[

      ],
      "line-height":"",
      "color":"",
      "show_variants":true,
      "show_subsets":true,
      "subsets":[

      ]
    },
    "jnews_accent_color":"#121212",
    "jnews_alt_color":"#525252",
    "jnews_body_color":"#3d3d3d",
    "jnews_heading_color":"#121212",
    "jnews_btnhover_color":"#525252",
    "jnews_footer_style":"6",
    "jnews_footer_6_copyright_position":"right",
    "jnews_footer_6_social_position":"left",
    "jnews_footer_6_scheme":"dark",
    "jnews_block_heading_font":{
      "font-family":"Montserrat",
      "font-size":"",
      "variant":[
        "regular",
        "700"
      ],
      "line-height":"",
      "color":"",
      "show_variants":true,
      "show_subsets":true,
      "subsets":[

      ]
    },
    "jnews_additional_font":[

    ],
    "jnews_single_blog_template":"6",
    "jnews_single_show_post_author_image":false,
    "jnews_single_show_category":false,
    "jnews_category_global_bg_color":"#000000",
    "jnews_single_post_related_header":"heading_8",
    "jnews_single_post_pagination_related":"disable",
    "jnews_single_number_post_related":"4",
    "jnews_single_post_related_template":"5",
    "jnews_single_post_related_excerpt":"32",
    "jnews_hb_display_desktop_top_left":"grow",
    "jnews_hb_display_desktop_top_right":"grow",
    "jnews_hb_display_desktop_mid_left":"grow",
    "jnews_hb_element_desktop_top_left":[
      "top_bar_menu"
    ],
    "jnews_hb_element_desktop_top_center":[

    ],
    "jnews_hb_element_desktop_top_right":[
      "search_form",
      "login"
    ],
    "jnews_hb_element_desktop_mid_left":[
      "nav_icon"
    ],
    "jnews_hb_element_desktop_mid_center":[
      "logo"
    ],
    "jnews_hb_element_desktop_mid_right":[
      "social_icon"
    ],
    "jnews_hb_element_desktop_bottom_left":[
      "main_menu"
    ],
    "jnews_hb_element_desktop_bottom_right":[

    ],
    "jnews_hb_display_desktop_bottom_right":"normal",
    "jnews_hb_element_desktop_bottom_center":[

    ],
    "jnews_header_social_icon_text_color":"#121212",
    "jnews_header_button_1_text":"SUBSCRIBE",
    "jnews_header_bottombar_fitwidth":true,
    "jnews_header_bottombar_border":false,
    "jnews_hb_display_desktop_bottom_left":"grow",
    "jnews_hb_display_desktop_bottom_center":"normal",
    "jnews_hb_arrange_bar":[
      "top",
      "mid",
      "bottom"
    ],
    "jnews_header_midbar_height":"146",
    "jnews_header_width":"normal",
    "jnews_header_menu_search_form_width":"35",
    "jnews_header_bottombar_background_color":"#121212",
    "jnews_header_bottombar_border_color":"",
    "jnews_header_bottombar_border_top_height":"0",
    "jnews_header_bottombar_border_top_color":"",
    "jnews_header_menu_search_form_style":"round",
    "jnews_header_menu_search_noexpand_input_background_color":"rgba(255,255,255,0)",
    "jnews_header_menu_search_noexpand_input_border_color":"rgba(255,255,255,0)",
    "jnews_header_topbar_height":"36",
    "jnews_header_bottombar_scheme":"jeg_navbar_dark",
    "jnews_hb_element_mobile_drawer_top_center":[
      "search_form",
      "mobile_menu"
    ],
    "jnews_sticky_menu_logo_retina":"https:\/\/jnews.io\/lifestyle\/wp-content\/uploads\/sites\/8\/2017\/09\/lifestyle2x.png",
    "jnews_header_drawer_social_icon_text_color":"#a0a0a0",
    "jnews_header_mobile_midbar_text_color":"",
    "jnews_hb_display_desktop_sticky_mid_right":"normal",
    "jnews_hb_element_desktop_sticky_mid_left":[

    ],
    "jnews_hb_element_desktop_sticky_mid_center":[
      "nav_icon",
      "main_menu"
    ],
    "jnews_header_stickybar_boxed":false,
    "jnews_header_stickybar_scheme":"jeg_navbar_dark",
    "jnews_header_stickybar_fitwidth":true,
    "jnews_hb_display_desktop_sticky_mid_left":"normal",
    "jnews_hb_display_desktop_sticky_mid_center":"grow",
    "jnews_hb_element_desktop_sticky_mid_right":[
      "search_icon"
    ],
    "jnews_header_date_text_color":"",
    "jnews_header_date_background_color":"",
    "jnews_header_menu_search_noexpand_icon_color":"#757575",
    "jnews_header_bottombar_border_bottom_height":"0",
    "jnews_header_nav_icon_color":"#121212",
    "jnews_footer_scheme":"dark",
    "jnews_footer_bg_color":"#121212",
    "jnews_footer_menu_position":"hide",
    "jnews_footer_copyright_position":"right",
    "jnews_footer_social_position":"left",
    "jnews_footer_social_icon_color":"#ffffff",
    "jnews_footer_social_icon_hover_color":"#999999",
    "jnews_header_mobile_midbar_background_color":"#121212",
    "jnews_mobile_logo":"{{image:mobile:url:full}}",
    "jnews_mobile_logo_retina":"{{image:mobileretina:url:full}}",
    "jnews_sticky_menu_logo":"",
    "jnews_header_search_mobile_input_color":"#383838",
    "jnews_header_search_mobile_popup_icon_color":"#727272",
    "jnews_mobile_browser_color":"#020000",
    "jnews_ads_header_text":"Advertisement Banner",
    "jnews_single_show_author_box":true
  },
  "options": {
    "site_icon": "{{image:favicon:id}}",
    "show_on_front" : "page",
    "page_on_front" : "{{post:home-1:id}}",
    "nav_menus_created_posts": [],
    "jnews_option[instagram_feed_enable]": "hide",
    "jnews_option[footer_instagram_username]": "bagelandtoast",
    "jnews_option[footer_instagram_row]": 1,
    "jnews_option[footer_instagram_column]": "8",
    "jnews_option[footer_instagram_sort_type]": "most_recent",
    "jnews_option[footer_instagram_hover_style]": "like",
    "jnews_option[footer_instagram_follow_button]": "Instagram",
    "jnews_option[footer_instagram_newtab]": true,
    "jnews_option[single_view_option]": "jnews",
    "jnews_option[single_social_share_main]": [
      {
        "social_share": "facebook",
        "social_text": "Share on Facebook"
      },
      {
        "social_share": "twitter",
        "social_text": "Share on Twitter"
      },
      {
        "social_share": "googleplus",
        "social_text": ""
      }
    ],
    "jnews_option[single_social_share_secondary]": [
      {
        "social_share": "linkedin"
      },
      {
        "social_share": "pinterest"
      }
    ],
    "jnews_option[single_social_share_threshold]": 0,
    "jnews_option[single_social_share_via_twitter]": "",
    "jnews_option[single_view_initial_value]": "2500",
    "jnews_option[single_social_share_view_percentage]": "13",
    "jnews_option[single_like_view_percentage]": "7"
  }
}