{
  "template": "jnews",
  "mods": {
    "nav_menu_locations": {
      "mobile_navigation": "{{menu_location:main-navigation:id}}",
      "navigation": "{{menu_location:main-navigation:id}}",
      "top_navigation": "{{menu_location:footer-navigation:id}}",
      "footer_navigation": "{{menu_location:footer-navigation:id}}"
    },
    "jnews_sticky_menu_logo": "{{image:logo:url:full}}",
    "jnews_sticky_menu_logo_retina": "{{image:logo2x:url:full}}",
    "jnews_social_icon":[
      {
        "social_icon":"facebook",
        "social_url":"http:\/\/facebook.com"
      },
      {
        "social_icon":"twitter",
        "social_url":"http:\/\/twitter.com"
      },
      {
        "social_icon":"googleplus",
        "social_url":"http:\/\/plus.google.com"
      },
      {
        "social_icon":"pinterest",
        "social_url":"http:\/\/pinterest.com"
      },
      {
        "social_icon":"vk",
        "social_url":"#"
      },
      {
        "social_icon":"rss",
        "social_url":"#"
      }
    ],
    "custom_css_post_id":315,
    "jnews_header_style":"7",
    "jnews_header7_topbar_show":false,
    "jnews_header7_logo_spacing":{
      "top":"0px",
      "bottom":"0px",
      "left":"20px",
      "right":"30px"
    },
    "jnews_header7_height":"70",
    "jnews_header_logo_retina": "{{image:logo2x:url:full}}",
    "jnews_header_menu_scheme":"jeg_navbar_custom",
    "jnews_header_logo": "{{image:logo:url:full}}",
    "jnews_header_menu_style":"jeg_menu_style_4",
    "jnews_accent_color":"#000000",
    "jnews_footer_style":"4",
    "jnews_header_menu_border":false,
    "jnews_header_menu_shadow":false,
    "jnews_header_menu_search_style":"jeg_search_modal_expand",
    "jnews_header_menu_follow":"normal",
    "jnews_body_font":{
      "font-family":"Poppins",
      "font-size":"",
      "variant":[
        "regular",
        "600"
      ],
      "line-height":"",
      "color":"",
      "show_variants":true,
      "show_subsets":true,
      "subsets":[

      ]
    },
    "jnews_image_generator":"dynamic",
    "jnews_h1_font":{
      "font-family":"Poppins",
      "font-size":"",
      "variant":[
        "regular",
        "600"
      ],
      "line-height":"",
      "color":"",
      "show_variants":true,
      "show_subsets":true,
      "subsets":[

      ]
    },
    "jnews_p_font":{
      "font-family":"Poppins",
      "font-size":"",
      "variant":[
        "regular",
        "600"
      ],
      "line-height":"",
      "color":"",
      "show_variants":true,
      "show_subsets":true,
      "subsets":[

      ]
    },
    "jnews_btnhover_color":"#53585c",
    "jnews_alt_color":"#53585c",
    "jnews_heading_color":"#111111",
    "jnews_single_show_post_meta":true,
    "jnews_single_show_featured":false,
    "jnews_category_global_bg_color":"#f6ff00",
    "jnews_category_global_text_color":"#111111",
    "jnews_header_menu_background_color":"#111111",
    "jnews_header_menu_text_color":"#ffffff",
    "jnews_header_menu_hover_line_color":"#fced44",
    "jnews_header_menu_hover_background_color":"#fced44",
    "jnews_header_menu_hover_text_color":"#111111",
    "jnews_header7_midbar_social":true,
    "jnews_header_submenu_icon_color":"#919191",
    "jnews_single_show_post_related":false,
    "jnews_single_show_prev_next_post":false,
    "jnews_single_show_popup_post":false,
    "jnews_single_show_author_box":false,
    "jnews_single_comment":true,
    "jnews_single_blog_template":"8",
    "jnews_ads_article_top_enable":false,
    "jnews_ads_article_top_type":"image",
    "jnews_ads_article_top_image": "{{image:ad_728x90:url:full}}",
    "jnews_ads_article_top_link":"#",
    "jnews_ads_article_top_open_tab":true,
    "jnews_ads_header_top_enable":false,
    "jnews_ads_header_top_type":"image",
    "jnews_ads_header_top_image": "{{image:ad_970x90:url:full}}",
    "jnews_ads_header_top_link":"#",
    "jnews_ads_header_top_open_tab":true,
    "jnews_header_submenu_hover_background_color":"#fced44",
    "jnews_category_header":"2",
    "jnews_category_hero_show":false,
    "jnews_category_content":"18",
    "jnews_category_content_pagination":"loadmore",
    "jnews_author_sidebar":"archives",
    "jnews_author_content":"18",
    "jnews_archive_sidebar":"archives",
    "jnews_archive_content":"18",
    "jnews_search_sidebar":"archives",
    "jnews_search_content":"18",
    "jnews_404_show_sidebar":false,
    "jnews_attachment_sidebar":"archives",
    "jnews_404_content":"18",
    "jnews_attachment_show_sidebar":false,
    "jnews_mobile_logo": "{{image:mobile_logo:url:full}}",
    "jnews_mobile_logo_retina": "{{image:mobile_logo2x:url:full}}",
    "jnews_header_topbar_scheme":"dark",
    "jnews_header_topbar_bg_color":"#919191",
    "jnews_mobile_backgrond_color":"#111111",
    "jnews_mobile_button_color":"#fced44",
    "jnews_mobile_button_background":"#111111",
    "jnews_mobile_menu_background":"rgba(17,17,17,0.93)",
    "jnews_mobile_browser_color":"#fced44",
    "jnews_mobile_text_background":"",
    "jnews_mobile_menu_text_hover_color":"#fced44",
    "jnews_mobile_menu_arrow_color":"#fced44",
    "jnews_mobile_search_background":"#fced44",
    "jnews_mobile_search_arrow_color":"#fced44",
    "jnews_mobile_search_input_border":"#111111",
    "jnews_mobile_social_background":"#fced44",
    "jnews_mobile_social_icon_color":"#111111",
    "jnews_mobile_social_icon_hover_color":"#888888",
    "jnews_hb_element_desktop_mid_left":[

    ],
    "jnews_hb_element_desktop_bottom_left":[
      "logo",
      "main_menu"
    ],
    "jnews_header_width":"full",
    "jnews_hb_element_desktop_top_left":[

    ],
    "jnews_hb_element_desktop_top_right":[

    ],
    "jnews_hb_element_desktop_bottom_right":[
      "search_icon",
      "separator3",
      "login",
      "button1"
    ],
    "jnews_hb_element_desktop_mid_right":[

    ],
    "jnews_header_bottombar_scheme":"jeg_navbar_dark",
    "jnews_header_bottombar_background_color":"#111111",
    "jnews_header_social_icon_text_color":"#ffffff",
    "jnews_header_bottombar_height":"57",
    "jnews_header_account_text_color":"#ffffff",
    "jnews_header_search_icon_color":"#ffffff",
    "jnews_header_button_1_text":"SIGN UP",
    "jnews_header_button_1_icon":"fa fa-user",
    "jnews_header_button_1_form":"round",
    "jnews_header_button_1_background_color":"#f6ff00",
    "jnews_header_button_1_text_color":"#111111",
    "jnews_header_search_style":"jeg_search_modal_expand",
    "jnews_header_bottombar_border_bottom_height":"0",
    "jnews_comment_type":"disqus",
    "jnews_comment_disqus_shortname":"jnews-io",
    "jnews_comment_disqus_api_key":"6up3Oa8BYUICb4NmgJmUiRFJRQrpcYn25hRpdiQWHaRPcMydS3357Y2LHF963xMd",
    "jnews_header_search_mobile_popup_icon_color":"#969696",
    "jnews_header_search_mobile_input_color":"#383838",
    "jnews_ads_header_text":"Advertisement Banner"
  },
  "options": {
    "site_icon": "{{image:favicon:id}}",
    "show_on_front" : "page",
    "page_on_front" : "{{post:home-1:id}}",
    "nav_menus_created_posts": [],
    "jnews_option[preview_slider_toggle]": false,
    "jnews_option[preview_slider_desc]": false,
    "jnews_option[preview_slider_ads]": false,
    "jnews_option[preview_slider_loader]": "dot",
    "jnews_option[ads_preview_slider_type]": "googleads",
    "jnews_option[ads_preview_slider_image]": "",
    "jnews_option[ads_preview_slider_link]": "",
    "jnews_option[ads_preview_slider_text]": "",
    "jnews_option[ads_preview_slider_google_publisher]": "",
    "jnews_option[ads_preview_slider_google_id]": "",
    "jnews_option[ads_preview_slider_google_desktop]": "auto",
    "jnews_option[ads_preview_slider_code]": "",
    "jnews_option[ads_preview_slider_shortcode]": "",
    "jnews_option[instagram_feed_enable]": "hide",
    "jnews_option[footer_instagram_username]": "",
    "jnews_option[footer_instagram_row]": 1,
    "jnews_option[footer_instagram_column]": 8,
    "jnews_option[footer_instagram_sort_type]": "most_recent",
    "jnews_option[footer_instagram_hover_style]": "zoom",
    "jnews_option[footer_instagram_follow_button]": "",
    "jnews_option[footer_instagram_newtab]": "",
    "jnews_option[single_show_like]": "both",
    "jnews_option[single_view_option]": "jnews",
    "jnews_option[single_social_share_main]": [
      {
        "social_share": "facebook",
        "social_text": "Share on Facebook"
      },
      {
        "social_share": "twitter",
        "social_text": "Share on Twitter"
      },
      {
        "social_share": "googleplus",
        "social_text": ""
      }
    ],
    "jnews_option[single_social_share_secondary]": [
      {
        "social_share": "linkedin"
      },
      {
        "social_share": "pinterest"
      }
    ],
    "jnews_option[single_social_share_threshold]": 0,
    "jnews_option[single_social_share_via_twitter]": "",
    "jnews_option[single_view_initial_value]": "2300",
    "jnews_option[single_social_share_view_percentage]": "18",
    "jnews_option[single_like_view_percentage]": "11"
  }
}