{
  "template": "jnews",
  "mods":
  {
    "nav_menu_locations":
    {
      "footer_navigation": "{{menu_location:footer-navigation:id}}",
      "top_navigation": "{{menu_location:footer-navigation:id}}",
      "navigation": "{{menu_location:main-navigation:id}}",
      "mobile_navigation": "{{menu_location:main-navigation:id}}"
    },
    "custom_css_post_id": 540,
    "jnews_header_logo": "{{image:logo:url:full}}",
    "jnews_header_logo_retina": "{{image:logo2x:url:full}}",
    "jnews_sticky_menu_logo": "{{image:logo:url:full}}",
    "jnews_sticky_menu_logo_retina": "{{image:logo2x:url:full}}",
    "jnews_mobile_logo": "{{image:logo:url:full}}",
    "jnews_mobile_logo_retina": "{{image:logo2x:url:full}}",
    "jnews_hb_arrange_bar": ["top", "mid", "bottom"],
    "jnews_hb_display_desktop_mid_left": "normal",
    "jnews_hb_display_desktop_mid_center": "grow",
    "jnews_hb_display_desktop_mid_right": "normal",
    "jnews_hb_display_desktop_bottom_left": "grow",
    "jnews_hb_display_desktop_bottom_center": "normal",
    "jnews_hb_element_desktop_top_left": [],
    "jnews_hb_element_desktop_top_right": [],
    "jnews_hb_element_desktop_mid_left": ["logo"],
    "jnews_hb_element_desktop_mid_center": [],
    "jnews_hb_element_desktop_mid_right": ["date", "button1", "button2"],
    "jnews_hb_element_desktop_bottom_left": ["nav_icon", "main_menu"],
    "jnews_hb_element_desktop_bottom_center": [],
    "jnews_hb_element_desktop_bottom_right": ["social_icon", "search_form"],
    "jnews_header_width": "full",
    "jnews_header_topbar_height": "38",
    "jnews_header_topbar_scheme": "dark",
    "jnews_header_midbar_height": "90",
    "jnews_header_bottombar_height": "60",
    "jnews_header_bottombar_boxed": false,
    "jnews_header_bottombar_fitwidth": false,
    "jnews_header_bottombar_border": false,
    "jnews_header_bottombar_scheme": "jeg_navbar_normal",
    "jnews_header_bottombar_border_color": "",
    "jnews_header_bottombar_border_top_height": "0",
    "jnews_header_social_icon": "nobg",
    "jnews_header_social_icon_text_color": "#3B393F",
    "jnews_header_logo_text_font":
    {
      "font-family": "",
      "font-size": "",
      "variant": "",
      "line-height": "",
      "letter-spacing": false,
      "color": "",
      "text-align": false,
      "text-transform": false,
      "show_variants": true,
      "show_subsets": true,
      "subsets": []
    },
    "jnews_sticky_logo_text_font":
    {
      "font-family": "",
      "font-size": "",
      "variant": "",
      "line-height": "",
      "letter-spacing": false,
      "color": "",
      "text-align": false,
      "text-transform": false,
      "show_variants": true,
      "show_subsets": true,
      "subsets": []
    },
    "jnews_mobile_logo_text_font":
    {
      "font-family": "",
      "font-size": "",
      "variant": "",
      "line-height": "",
      "letter-spacing": false,
      "color": "",
      "text-align": false,
      "text-transform": false,
      "show_variants": true,
      "show_subsets": true,
      "subsets": []
    },
    "jnews_hb_preset": "",
    "jnews_header_bottombar_shadow": true,
    "jnews_header_bottombar_enable_gradient": true,
    "jnews_main_menu_font":
    {
      "font-family": "",
      "font-size": "",
      "variant": null,
      "line-height": "",
      "color": "",
      "show_variants": true,
      "show_subsets": true,
      "subsets": []
    },
    "jnews_block_heading_font":
    {
      "font-family": "",
      "font-size": "",
      "variant": "",
      "line-height": "",
      "color": "",
      "show_variants": true,
      "show_subsets": true,
      "subsets": []
    },
    "jnews_header_menu_style": "jeg_menu_style_5",
    "jnews_boxed_layout": false,
    "jnews_boxed_container": true,
    "jnews_sidefeed_enable": true,
    "jnews_boxed_container_shadow": true,
    "jnews_override_container_width": false,
    "jnews_accent_color": "#3d348b",
    "jnews_alt_color": "#3d348b",
    "jnews_h1_font":
    {
      "font-family": "Merriweather",
      "font-size": "",
      "variant": ["regular", "700"],
      "line-height": "",
      "color": "",
      "show_variants": true,
      "show_subsets": true,
      "subsets": []
    },
    "jnews_p_font":
    {
      "font-family": "Georgia,Times,Times New Roman,serif",
      "font-size": "",
      "variant": "",
      "line-height": "",
      "color": "",
      "show_variants": true,
      "show_subsets": true,
      "subsets": []
    },
    "jnews_body_font":
    {
      "font-family": "Heebo",
      "font-size": "",
      "variant": ["regular", "700"],
      "line-height": "",
      "color": "",
      "show_variants": true,
      "show_subsets": true,
      "subsets": []
    },
    "jnews_entry_link_underline": false,
    "jnews_container_background": "#f0f1f2",
    "jnews_header_midbar_border_bottom_height": "0",
    "jnews_header_bottombar_background_color": "",
    "jnews_header_vertical_menu_1": "main-menu",
    "jnews_header_vertical_menu_border_height_1": "5",
    "jnews_header_vertical_menu_2": "main-menu",
    "jnews_header_stickybar_boxed": false,
    "jnews_header_stickybar_fitwidth": false,
    "jnews_header_stickybar_border": false,
    "jnews_header_stickybar_shadow": false,
    "jnews_header_stickybar_scheme": "jeg_navbar_normal",
    "jnews_header_mobile_drawer_scheme": "normal",
    "jnews_header_mobile_midbar_border_top_height": "0",
    "jnews_hb_display_desktop_bottom_right": "normal",
    "jnews_header_menu_search_form_style": "rounded",
    "jnews_header_menu_search_form_width": "50",
    "jnews_header_stickybar_border_bottom_height": "0",
    "jnews_header_mobile_drawer_enable_gradient": false,
    "jnews_sidefeed_enable_ajax": true,
    "jnews_hb_align_desktop_bottom_right": "right",
    "jnews_footer_style": "1",
    "jnews_ads_header_top_enable": false,
    "jnews_hb_align_desktop_mid_left": "left",
    "jnews_header_search_style": "jeg_search_popup_expand",
    "jnews_header_logo_spacing":
    {
      "top": "0px",
      "bottom": "0px",
      "left": "0px",
      "right": "0px"
    },
    "jnews_header_logo_alt": "Retail",
    "jnews_header_midbar_background": "#1c2241",
    "jnews_header_midbar_border_bottom_color": "#ffffff",
    "jnews_header_bottombar_border_bottom_height": "0",
    "jnews_header_midbar_enable_gradient": false,
    "jnews_header_account_text_color": "#ffffff",
    "jnews_header_menu_search_noexpand_input_background_color": "#ffffff",
    "jnews_header_menu_search_noexpand_input_border_color": "",
    "jnews_header_menu_search_noexpand_icon_color": "",
    "jnews_header_menu_search_noexpand_input_color": "",
    "jnews_header_menu_search_noexpand_input_placeholder_color": "",
    "jnews_hb_align_desktop_bottom_center": "center",
    "jnews_sticky_menu_alt": "Retail",
    "jnews_hb_align_desktop_bottom_left": "left",
    "jnews_header_date_text_color": "#ffffff",
    "jnews_header_date_background_color": "",
    "jnews_heading_color": "#221e22",
    "jnews_footer_bg_color": "#1c2441",
    "jnews_footer_menu_separator_color": "",
    "jnews_footer_line_separator_color": "#1c2341",
    "jnews_entry_color": "",
    "jnews_entry_link_color": "",
    "jnews_footer_show_secondary": true,
    "jnews_footer_text_color": "#ffffff",
    "jnews_footer_widget_title_color": "#eac435",
    "jnews_footer_button_bg": "",
    "jnews_footer_form_color": "",
    "jnews_footer_button_color": "",
    "jnews_footer_form_bg": "",
    "jnews_footer_tags_bg": "",
    "jnews_footer_secondary_bg_color": "#1c2341",
    "jnews_footer_menu_color": "#ffffff",
    "jnews_footer_menu_position": "right",
    "jnews_header_topbar_bg_color": "#1c2341",
    "jnews_header_topbar_enable_gradient": false,
    "jnews_header_topbar_border_top_color": "",
    "jnews_header_topbar_border_bottom": "#ffffff",
    "jnews_hb_element_desktop_top_center": [],
    "jnews_header_topbar_side_border": "",
    "jnews_header_topbar_text_color": "",
    "jnews_header_mobile_midbar_background_color": "#1c2341",
    "jnews_header_stickybar_background_color": "",
    "jnews_header_stickybar_border_color": "",
    "jnews_header_menu_text_color": "#28262c",
    "jnews_header_menu_hover_line_color": "",
    "jnews_header_menu_hover_text_color": "#3d348b",
    "jnews_footer_copyright_color": "#ffffff",
    "jnews_footer_secondary_link_color": "#ffffff",
    "jnews_social_icon": [
      {
        "social_icon": "facebook",
        "social_url": "https:\/\/www.facebook.com\/jegtheme\/"
      },
      {
        "social_icon": "twitter",
        "social_url": "https:\/\/twitter.com\/jegtheme"
      },
      {
        "social_icon": "googleplus",
        "social_url": "https:\/\/plus.google.com\/envato"
      },
      {
        "social_icon": "youtube",
        "social_url": "http:\/\/www.youtube.com\/user\/Envato"
      },
      {
        "social_icon": "rss",
        "social_url": ""
      }],
    "jnews_sidefeed_disable_page": false,
    "jnews_sidefeed_main_position": "left",
    "jnews_single_sidebar": "default-sidebar",
    "jnews_single_blog_template": "4",
    "jnews_hb_align_desktop_mid_right": "right",
    "jnews_single_show_post_related": false,
    "jnews_single_post_related_header": "heading_9",
    "jnews_single_post_related_template": "9",
    "jnews_single_post_show_inline_related": true,
    "jnews_single_post_inline_related_paragraph": "2",
    "jnews_single_post_inline_related_header": "heading_8",
    "jnews_single_post_inline_related_template": "29",
    "jnews_category_header": "1",
    "jnews_category_hero": "2",
    "jnews_category_hero_style": "jeg_hero_style_2",
    "jnews_category_page_layout": "right-sidebar",
    "jnews_category_content": "23",
    "jnews_category_content_pagination_show_navtext": true,
    "jnews_category_hero_margin": "10",
    "jnews_category_sidebar": "archive-sidebar",
    "jnews_header_topbar_border_top_height": "0",
    "jnews_header_menu_animation": "animateTransform",
    "jnews_category_boxed": false,
    "jnews_ads_content_bottom_enable": true,
    "jnews_ads_content_bottom_type": "image",
    "jnews_ads_content_bottom_image": "{{image:ad_728x90:url:full}}",
    "jnews_ads_content_bottom_image_tablet": "",
    "jnews_ads_content_bottom_image_phone": "",
    "jnews_ads_archive_above_hero_enable": true,
    "jnews_ads_archive_above_hero_type": "image",
    "jnews_ads_archive_above_hero_image": "{{image:ad_728x90:url:full}}",
    "jnews_type_kit": [],
    "jnews_additional_font": [],
    "jnews_archive_page_layout": "right-sidebar",
    "jnews_archive_sidebar": "archive-sidebar",
    "jnews_archive_content": "4",
    "jnews_archive_content_pagination_align": "left",
    "jnews_single_post_inline_related_float": "right",
    "jnews_single_post_inline_related_number": "2",
    "jnews_sidefeed_show_trending": true,
    "jnews_sidefeed_trending_range": "weekly",
    "jnews_sidefeed_show_category": true,
    "jnews_background_color": "#f4f4f4",
    "jnews_breadcrumb_show_post": true,
    "jnews_search_sidebar": "archive-sidebar",
    "jnews_search_content": "4",
    "jnews_search_boxed": false,
    "jnews_search_content_excerpt": "15",
    "jnews_search_content_pagination": "nav_2",
    "jnews_search_content_pagination_show_navtext": true,
    "jnews_search_sticky_sidebar": false,
    "jnews_author_content": "4",
    "jnews_author_sidebar": "author-sidebar",
    "jnews_header_stickybar_height": "57",
    "jnews_404_page_layout": "right-sidebar",
    "jnews_404_sidebar": "search-sidebar",
    "jnews_404_content": "3",
    "jnews_attachment_page_layout": "right-sidebar",
    "jnews_attachment_sidebar": "tag-archive-sidebar",
    "jnews_index_page_layout": "right-sidebar",
    "jnews_index_sidebar": "category-sidebar",
    "jnews_index_content": "5",
    "jnews_single_show_author_box": false,
    "jnews_header_mobile_midbar_scheme": "dark",
    "jnews_header_mobile_midbar_enable_gradient": false,
    "jnews_header_mobile_drawer_background_color": "",
    "jnews_header_social_icon_background": "",
    "jnews_header_drawer_social_icon_text_color": "#706f73",
    "jnews_hb_align_desktop_top_center": "left",
    "jnews_header_nav_icon_color": "#3b393f",
    "jnews_header_button_1_text": "Subscription",
    "jnews_header_button_2_text": "Advertise",
    "jnews_header_button_1_form": "default",
    "jnews_header_button_2_form": "default",
    "jnews_header_button_2_icon": "fa fa-arrow-circle-right",
    "jnews_header_button_2_background_color": "#EAC434",
    "jnews_header_button_1_background_color": "#eac434",
    "jnews_header_mobile_midbar_height": "65",
    "jnews_header_button_1_icon": "fa fa-envelope",
    "jnews_header_button_1_link": "https:\/\/jnews.local\/retail\/contact-us\/",
    "jnews_ads_header_top_type": "image",
    "jnews_ads_header_top_image": "{{image:ad_970x90:url:full}}",
    "jnews_ads_sidefeed_enable": true,
    "jnews_ads_sidefeed_type": "image",
    "jnews_ads_sidefeed_image": "{{image:ad_300x250:url:full}}",
    "jnews_ads_sidefeed_sequence": "4",
    "jnews_ads_above_footer_enable": true,
    "jnews_ads_above_footer_type": "image",
    "jnews_ads_above_footer_image": "",
    "jnews_header_mobile_midbar_text_color": "#ffffff",
    "jnews_header_mobile_drawer_overlay_color": "",
    "jnews_header_mobile_midbar_link_color": "#ffffff",
    "jnews_ads_header_type": "image",
    "jnews_ads_header_image": "{{image:ad_970x90:url:full}}",
    "jnews_header_button_1_text_color": "#1c2141",
    "jnews_header_button_2_text_color": "#1c2141",
    "jnews_header_bottombar_border_top_color": "#ffffff",
    "jnews_header_bottombar_border_bottom_color": "#ffffff",
    "jnews_header_account_submenu_background": "",
    "jnews_header_account_submenu_text_color": "",
    "jnews_header_account_submenu_background_hover_color": "#e9c334",
    "jnews_hb_align_desktop_mid_center": "left",
    "jnews_header_search_popup_bg_color": "",
    "jnews_header_search_icon_color": "#ffffff",
    "jnews_header_bottombar_gradient":
    {
      "degree": "0",
      "begincolor": "#e2e2e2",
      "beginlocation": "0",
      "endcolor": "#ffffff",
      "endlocation": "75"
    },
    "jnews_author_content_excerpt": "18",
    "jnews_header_weather_bg": "",
    "jnews_header_weather_text_color": "#ffffff",
    "jnews_header_weather_icon_color": "#ffffff",
    "jnews_header_cart_icon_color": "#ffffff",
    "jnews_header_cart_detail_color": "#ffffff",
    "jnews_header_cart_detail_text_price_color": "#ffffff",
    "jnews_header_language_text_color": "#ffffff",
    "jnews_header_language_background_color": "#ffffff",
    "jnews_header_button_1_background_hover_color": "#eac434",
    "jnews_header_button_2_background_hover_color": "#eac434",
    "jnews_category_content_excerpt": "19",
    "jnews_single_blog_enable_parallax": true,
    "jnews_breadcrumb": "hide",
    "jnews_single_blog_enable_fullscreen": false,
    "jnews_single_post_inline_related_ftitle": "YOU MAY ALSO LIKE",
    "jnews_single_post_inline_related_stitle": "",
    "jnews_single_post_inline_related_fullwidth": true,
    "jnews_single_post_inline_related_pagination": "disable",
    "jnews_404_boxed": false,
    "jnews_hb_element_desktop_sticky_mid_right": ["social_icon", "search_icon"],
    "jnews_header_menu_follow": "normal",
    "jnews_body_color": "#333333",
    "jnews_single_share_position": "bottom",
    "jnews_single_show_prev_next_post": false,
    "jnews_single_show_popup_post": false,
    "jnews_single_show_reading_progress_bar": false,
    "jnews_single_show_post_author_image": false,
    "jnews_single_show_category": true,
    "jnews_header_mobile_drawer_gradient":
    {
      "degree": "35",
      "begincolor": "#912dd8",
      "beginlocation": "0",
      "endcolor": "#3d348b",
      "endlocation": 100
    },
    "jnews_header_menu_hover_background_color": "rgba(255,255,255,0.6)"
  },
  "options":
  {
    "site_icon": "{{image:favicon:id}}",
    "show_on_front": "page",
    "page_on_front": "{{post:home-1:id}}",
    "nav_menus_created_posts": []
  },
  "wp_css": ""
}