{
  "default-sidebar":
  {
    "search-3":
    {
      "title": "Search",
      "second_title": "",
      "header_url": "",
      "header_type": "heading_9",
      "header_background": "#3d348b",
      "header_text_color": "",
      "widget_class": ""
    },
    "jnews_recent_news-2":
    {
      "title": "Recent News",
      "postnumber": "3",
      "second_title": "",
      "header_url": "",
      "header_type": "heading_9",
      "header_background": "",
      "header_text_color": "",
      "widget_class": ""
    },
    "jnews_module_element_ads-2":
    {
      "ads_type": "image",
      "ads_image": "{{image:ad_345x345:id}}",
      "ads_image_tablet": "",
      "ads_image_phone": "",
      "ads_image_link": "",
      "ads_image_alt": "",
      "google_publisher_id": "",
      "google_slot_id": "",
      "google_desktop": "auto",
      "google_tab": "auto",
      "google_phone": "auto",
      "content": "",
      "el_id": "",
      "el_class": "",
      "scheme": "normal",
      "column_width": "auto"
    },
    "mc4wp_form_widget-6":
    {
      "title": "",
      "second_title": "",
      "header_url": "",
      "header_type": "heading_9",
      "header_background": "",
      "header_text_color": "",
      "widget_boxed": "1",
      "widget_shadow": "1",
      "widget_class": ""
    }
  },
  "footer-widget-1":
  {
    "jnews_about-2":
    {
      "title": "",
      "aboutimg": "1919",
      "aboutimgretina": "1920",
      "aboutname": "",
      "aboutoccupation": "",
      "aboutdesc": "We bring you the best Premium WordPress Themes that perfect for news, magazine, personal blog, etc. Check our landing page for details.",
      "signature": "",
      "signatureretina": "",
      "second_title": "",
      "header_url": "",
      "header_type": "heading_6",
      "header_background": "",
      "header_text_color": "",
      "widget_class": ""
    },
    "jnews_social-3":
    {
      "title": "",
      "widgetstyle": "nobg",
      "icon_color": "#ffffff",
      "bg_color": "",
      "beforesocial": "",
      "aftersocial": "",
      "account": "%5B%7B%22social_icon%22:%22facebook%22,%22social_url%22:%22https:\/\/www.facebook.com\/jegtheme\/%22%7D,%7B%22social_icon%22:%22twitter%22,%22social_url%22:%22https:\/\/twitter.com\/jegtheme%22%7D,%7B%22social_icon%22:%22googleplus%22,%22social_url%22:%22%20https:\/\/plus.google.com\/+envato%22%7D,%7B%22social_icon%22:%22vk%22,%22social_url%22:%22https:\/\/vk.com\/cnn_page%22%7D,%7B%22social_icon%22:%22behance%22,%22social_url%22:%22https:\/\/www.behance.net\/jegtheme%22%7D,%7B%22social_icon%22:%22instagram%22,%22social_url%22:%22https:\/\/www.instagram.com\/envato\/%22%7D,%7B%22social_icon%22:%22youtube%22,%22social_url%22:%22http:\/\/www.youtube.com\/user\/Envato%22%7D,null,null%5D",
      "second_title": "",
      "header_url": "",
      "header_type": "heading_6",
      "header_background": "",
      "header_text_color": "",
      "widget_class": ""
    }
  },
  "footer-widget-2":
  {
    "recent-posts-3":
    {
      "title": "Recent News",
      "number": "3",
      "second_title": "",
      "header_url": "",
      "header_type": "heading_6",
      "header_background": "",
      "header_text_color": "",
      "widget_class": ""
    }
  },
  "footer-widget-3":
  {
    "mc4wp_form_widget-2":
    {
      "title": "Our Newsletter",
      "second_title": "",
      "header_url": "",
      "header_type": "heading_6",
      "header_background": "",
      "header_text_color": "",
      "widget_class": ""
    }
  },
  "author-sidebar":
  {
    "jnews_social-2":
    {
      "title": "Follow Me",
      "widgetstyle": "circle",
      "icon_color": "",
      "bg_color": "",
      "verticalsocial": "1",
      "beforesocial": "",
      "aftersocial": "",
      "account": "%5B%7B%22social_icon%22:%22facebook%22,%22social_url%22:%22https:\/\/www.facebook.com\/jegtheme\/%22%7D,%7B%22social_icon%22:%22twitter%22,%22social_url%22:%22https:\/\/twitter.com\/jegtheme%22%7D,%7B%22social_icon%22:%22googleplus%22,%22social_url%22:%22https:\/\/plus.google.com\/+envato%22%7D,%7B%22social_icon%22:%22vk%22,%22social_url%22:%22https:\/\/vk.com\/cnn_page%22%7D,null,%7B%22social_icon%22:%22instagram%22,%22social_url%22:%22https:\/\/www.instagram.com\/envato\/%22%7D,%7B%22social_icon%22:%22youtube%22,%22social_url%22:%22http:\/\/www.youtube.com\/user\/Envato%20%22%7D,null,null%5D",
      "second_title": "",
      "header_url": "",
      "header_type": "heading_9",
      "header_background": "",
      "header_text_color": "",
      "widget_class": ""
    },
    "jnews_module_element_ads-7":
    {
      "ads_type": "image",
      "ads_image": "{{image:ad_345x345:id}}",
      "ads_image_tablet": "{{image:ad_300x250:id}}",
      "ads_image_phone": "{{image:ad_300x250:id}}",
      "ads_image_link": "",
      "ads_image_alt": "",
      "google_publisher_id": "",
      "google_slot_id": "",
      "google_desktop": "auto",
      "google_tab": "auto",
      "google_phone": "auto",
      "content": "",
      "el_id": "",
      "el_class": "",
      "scheme": "normal",
      "column_width": "auto"
    },
    "jnews_module_block_21-3":
    {
      "header_icon": "",
      "first_title": "Popular News",
      "second_title": "",
      "url": "",
      "header_type": "heading_9",
      "header_background": "",
      "header_secondary_background": "",
      "header_text_color": "",
      "header_line_color": "",
      "header_accent_color": "",
      "header_filter_category": "",
      "header_filter_author": "",
      "header_filter_tag": "",
      "header_filter_text": "All",
      "post_type": "post",
      "content_type": "all",
      "number_post": "5",
      "post_offset": "0",
      "unique_content": "disable",
      "include_post": "",
      "exclude_post": "",
      "include_category": "",
      "exclude_category": "",
      "include_author": "",
      "include_tag": "",
      "exclude_tag": "",
      "sort_by": "popular_post",
      "date_format": "default",
      "date_format_custom": "Y\/m\/d",
      "pagination_mode": "disable",
      "pagination_number_post": "6",
      "pagination_scroll_limit": "0",
      "el_id": "",
      "el_class": "",
      "scheme": "normal",
      "column_width": "auto",
      "title_color": "",
      "accent_color": "",
      "alt_color": "",
      "excerpt_color": ""
    }
  },
  "home-sidebar-1":
  {
    "jnews_social_counter-4":
    {
      "title": "Get Connected",
      "column": "col1",
      "style": "colored",
      "fb_id": "",
      "fb_secret": "",
      "fb_key": "",
      "tw_consumer_key": "",
      "tw_consumer_secret": "",
      "tw_access_token": "",
      "tw_access_token_secret": "",
      "gg_key": "",
      "bh_key": "",
      "twitch_key": "",
      "vk_id": "",
      "rss_count": "",
      "account": "%5B%7B%22social_icon%22:%22facebook%22,%22social_url%22:%22https:\/\/www.facebook.com\/jegtheme\/%22%7D,%7B%22social_icon%22:%22twitter%22,%22social_url%22:%22https:\/\/twitter.com\/jegtheme%22%7D,%7B%22social_icon%22:%22google-plus%22,%22social_url%22:%22%20https:\/\/plus.google.com\/+envato%22%7D,%7B%22social_icon%22:%22vk%22,%22social_url%22:%22https:\/\/vk.com\/cnn_page%22%7D,%7B%22social_icon%22:%22behance%22,%22social_url%22:%22https:\/\/www.behance.net\/jegtheme%22%7D,%7B%22social_icon%22:%22instagram%22,%22social_url%22:%22https:\/\/www.instagram.com\/envato\/%22%7D,%7B%22social_icon%22:%22youtube%22,%22social_url%22:%22http:\/\/www.youtube.com\/user\/Envato%22%7D,%7B%22social_icon%22:%22flickr%22,%22social_url%22:%22https:\/\/www.flickr.com\/photos\/we-are-envato\/%22%7D,%7B%22social_icon%22:%22soundcloud%22,%22social_url%22:%22https:\/\/soundcloud.com\/dialogdinihari%22%7D%5D",
      "second_title": "",
      "header_url": "",
      "header_type": "heading_9",
      "header_background": "#3d348b",
      "header_text_color": "",
      "widget_boxed": "1",
      "widget_class": ""
    },
    "jnews_module_element_ads-11":
    {
      "ads_type": "image",
      "ads_image": "{{image:ad_345x345:id}}",
      "ads_image_tablet": "{{image:ad_345x345:id}}",
      "ads_image_phone": "{{image:ad_300x250:id}}",
      "ads_image_link": "",
      "ads_image_alt": "",
      "google_publisher_id": "",
      "google_slot_id": "",
      "google_desktop": "auto",
      "google_tab": "auto",
      "google_phone": "auto",
      "content": "",
      "el_id": "",
      "el_class": "",
      "scheme": "normal",
      "column_width": "auto"
    },
    "jnews_popular-3":
    {
      "title": "Popular News",
      "limit": "5",
      "order_by": "views",
      "range": "all",
      "second_title": "",
      "header_url": "",
      "header_type": "heading_9",
      "header_background": "#3d348b",
      "header_text_color": "",
      "widget_class": ""
    },
    "mc4wp_form_widget-5":
    {
      "title": "",
      "second_title": "",
      "header_url": "",
      "header_type": "heading_3",
      "header_background": "",
      "header_text_color": "",
      "widget_class": ""
    }
  },
  "home-sidebar-2":
  {
    "search-4":
    {
      "title": "Search",
      "second_title": "",
      "header_url": "",
      "header_type": "heading_9",
      "header_background": "",
      "header_text_color": "",
      "widget_class": ""
    },
    "jnews_social_counter-2":
    {
      "title": "Get Connected",
      "column": "col2",
      "style": "colored",
      "fb_id": "",
      "fb_secret": "",
      "fb_key": "",
      "tw_consumer_key": "",
      "tw_consumer_secret": "",
      "tw_access_token": "",
      "tw_access_token_secret": "",
      "gg_key": "",
      "bh_key": "",
      "twitch_key": "",
      "vk_id": "",
      "rss_count": "",
      "account": "%5B%7B%22social_icon%22:%22facebook%22,%22social_url%22:%22https:\/\/www.facebook.com\/jegtheme\/%22%7D,%7B%22social_icon%22:%22twitter%22,%22social_url%22:%22https:\/\/twitter.com\/jegtheme%22%7D,%7B%22social_icon%22:%22google-plus%22,%22social_url%22:%22%20https:\/\/plus.google.com\/+envato%22%7D,%7B%22social_icon%22:%22vk%22,%22social_url%22:%22https:\/\/vk.com\/cnn_page%22%7D,%7B%22social_icon%22:%22behance%22,%22social_url%22:%22https:\/\/www.behance.net\/jegtheme%22%7D,%7B%22social_icon%22:%22instagram%22,%22social_url%22:%22https:\/\/www.instagram.com\/envato\/%22%7D,%7B%22social_icon%22:%22youtube%22,%22social_url%22:%22http:\/\/www.youtube.com\/user\/Envato%22%7D,%7B%22social_icon%22:%22flickr%22,%22social_url%22:%22https:\/\/www.flickr.com\/photos\/we-are-envato\/%22%7D,%7B%22social_icon%22:%22soundcloud%22,%22social_url%22:%22https:\/\/soundcloud.com\/dialogdinihari%22%7D%5D",
      "second_title": "",
      "header_url": "",
      "header_type": "heading_9",
      "header_background": "#3d348b",
      "header_text_color": "",
      "widget_boxed": "1",
      "widget_class": ""
    },
    "categories-7":
    {
      "title": "Categories",
      "count": "on",
      "second_title": "",
      "header_url": "",
      "header_type": "heading_9",
      "header_background": "",
      "header_text_color": "",
      "widget_class": ""
    },
    "jnews_module_block_29-2":
    {
      "header_icon": "",
      "first_title": "Don't Miss",
      "second_title": "",
      "url": "",
      "header_type": "heading_9",
      "header_background": "",
      "header_secondary_background": "",
      "header_text_color": "",
      "header_line_color": "",
      "header_accent_color": "",
      "header_filter_category": "",
      "header_filter_author": "",
      "header_filter_tag": "",
      "header_filter_text": "All",
      "post_type": "post",
      "content_type": "all",
      "number_post": "6",
      "post_offset": "3",
      "unique_content": "disable",
      "include_post": "",
      "exclude_post": "",
      "include_category": "",
      "exclude_category": "",
      "include_author": "",
      "include_tag": "",
      "exclude_tag": "",
      "sort_by": "random",
      "date_format": "default",
      "date_format_custom": "Y\/m\/d",
      "pagination_mode": "disable",
      "pagination_number_post": "4",
      "pagination_scroll_limit": "0",
      "ads_type": "disable",
      "ads_position": "1",
      "ads_image": "",
      "ads_image_tablet": "",
      "ads_image_phone": "",
      "ads_image_link": "",
      "ads_image_alt": "",
      "google_publisher_id": "",
      "google_slot_id": "",
      "google_desktop": "auto",
      "google_tab": "auto",
      "google_phone": "auto",
      "content": "",
      "show_border": "1",
      "el_id": "",
      "el_class": "jeg_pb_boxed jeg_pb_boxed_shadow",
      "scheme": "normal",
      "column_width": "auto",
      "title_color": "",
      "accent_color": "",
      "alt_color": "",
      "excerpt_color": ""
    }
  },
  "archive-sidebar":
  {
    "jnews_module_element_ads-12":
    {
      "ads_type": "image",
      "ads_image": "{{image:ad_345x345:id}}",
      "ads_image_tablet": "{{image:ad_300x250:id}}",
      "ads_image_phone": "{{image:ad_300x250:id}}",
      "ads_image_link": "",
      "ads_image_alt": "",
      "google_publisher_id": "",
      "google_slot_id": "",
      "google_desktop": "auto",
      "google_tab": "auto",
      "google_phone": "auto",
      "content": "",
      "el_id": "",
      "el_class": "",
      "scheme": "normal",
      "column_width": "auto"
    },
    "mc4wp_form_widget-7":
    {
      "title": "",
      "second_title": "",
      "header_url": "",
      "header_type": "heading_9",
      "header_background": "",
      "header_text_color": "",
      "widget_boxed": "1",
      "widget_class": ""
    },
    "jnews_popular-4":
    {
      "title": "Popular News",
      "limit": "5",
      "order_by": "views",
      "range": "all",
      "second_title": "",
      "header_url": "",
      "header_type": "heading_9",
      "header_background": "",
      "header_text_color": "",
      "widget_class": ""
    }
  }
}