{
  "template": "jnews",
  "mods": {
    "custom_css_post_id":-1,
    "nav_menu_locations":{
      "mobile_navigation": "{{menu_location:mobile-navigation:id}}",
      "navigation": "{{menu_location:main-navigation:id}}",
      "footer_navigation": "{{menu_location:footer-navigation:id}}"
    },
    "jnews_body_font":{
      "font-family":"Noto Sans",
      "font-size":"",
      "variant":[
        "regular",
        "700"
      ],
      "line-height":"",
      "color":"",
      "show_variants":true,
      "show_subsets":true,
      "subsets":[

      ]
    },
    "jnews_h1_font":{
      "font-family":"Cairo",
      "font-size":"",
      "variant":[
        "regular",
        "700"
      ],
      "line-height":"",
      "color":"",
      "show_variants":true,
      "show_subsets":true,
      "subsets":[

      ]
    },
    "jnews_hb_element_desktop_bottom_right":[
      "search_form"
    ],
    "jnews_header_topbar_scheme":"normal",
    "jnews_header_menu_search_form_width":"100",
    "jnews_hb_element_desktop_top_left":[
      "weather",
      "date"
    ],
    "jnews_header_topbar_bg_color":"#ffffff",
    "jnews_header_midbar_scheme":"normal",
    "jnews_header_bottombar_scheme":"jeg_navbar_dark",
    "jnews_header_social_icon_text_color":"",
    "jnews_hb_display_desktop_top_right":"grow",
    "jnews_hb_element_desktop_top_center":[

    ],
    "jnews_hb_element_desktop_top_right":[
      "login",
      "social_icon"
    ],
    "jnews_social_icon":[
      {
        "social_icon":"facebook",
        "social_url":"https:\/\/www.facebook.com\/jegtheme\/"
      },
      {
        "social_icon":"twitter",
        "social_url":"https:\/\/twitter.com\/jegtheme"
      },
      {
        "social_icon":"googleplus",
        "social_url":"#"
      },
      {
        "social_icon":"pinterest",
        "social_url":"#"
      },
      {
        "social_icon":"rss",
        "social_url":"#"
      }
    ],
    "jnews_accent_color":"#ffbd00",
    "jnews_alt_color":"#001869",
    "jnews_category_global_bg_color":"#001869",
    "jnews_heading_color":"#111111",
    "jnews_header_topbar_text_color":"#848582",
    "jnews_header_menu_style":"jeg_menu_style_2",
    "jnews_header_bottombar_height":"70",
    "jnews_header_bottombar_shadow":false,
    "jnews_header_menu_search_form_style":"round",
    "jnews_header_bottombar_background_color":"#001869",
    "jnews_header_stickybar_scheme":"jeg_navbar_dark",
    "jnews_header_stickybar_background_color":"#001869",
    "jnews_header_stickybar_border_bottom_height":"0",
    "jnews_header_logo": "{{image:logo:url:full}}",
    "jnews_header_logo_retina": "{{image:logo2x:url:full}}",
    "jnews_header_logo_spacing":{
      "top":"0px",
      "bottom":"0px",
      "left":"0px",
      "right":"10px"
    },
    "jnews_header_topbar_border_bottom":"",
    "jnews_header_bottombar_boxed":false,
    "jnews_header_bottombar_fitwidth":false,
    "jnews_footer_style":"1",
    "jnews_footer_copyright":"\u00a9 2017 <a href=\"\">\u064a \u0627\u0644\u0623\u062e\u0628\u0627\u0631<\/a> - \u0642\u0633\u0637 \u0648\u0648\u0631\u062f \u0627\u0644\u0623\u062e\u0628\u0627\u0631\u060c \u0645\u062c\u0644\u0629 \u0648\u0645\u062f\u0648\u0646\u0629 \u0648\u0648\u0631\u062f \u0627\u0644\u0645\u0648\u0636\u0648\u0639.",
    "jnews_header_menu_search_noexpand_input_background_color":"#ffffff",
    "jnews_header_menu_search_noexpand_input_placeholder_color":"#a0a0a0",
    "jnews_header_menu_search_noexpand_input_color":"#111111",
    "jnews_header_menu_search_noexpand_icon_color":"#888888",
    "jnews_hb_display_desktop_bottom_left":"grow",
    "jnews_hb_display_desktop_bottom_right":"normal",
    "jnews_header_topbar_border_top_height":"0",
    "jnews_header_topbar_border_top_color":"#111111",
    "jnews_header_social_icon":"nobg",
    "jnews_header_bottombar_border_bottom_height":"0",
    "jnews_header_bottombar_border_bottom_color":"#ffbd00",
    "jnews_sticky_menu_logo": "{{image:logo:url:full}}",
    "jnews_sticky_menu_logo_retina": "{{image:logo2x:url:full}}",
    "jnews_mobile_logo": "{{image:logo:url:full}}",
    "jnews_mobile_logo_retina": "{{image:logo2x:url:full}}",
    "jnews_hb_element_mobile_mid_left":[
      "logo"
    ],
    "jnews_hb_element_mobile_mid_center":[

    ],
    "jnews_hb_element_mobile_mid_right":[
      "nav_icon",
      "search_icon"
    ],
    "jnews_header_mobile_topbar_scheme":"normal",
    "jnews_header_mobile_midbar_scheme":"normal",
    "jnews_single_blog_template":"7",
    "jnews_single_blog_layout":"left-sidebar",
    "jnews_single_share_position":"topbottom",
    "jnews_category_header":"2",
    "jnews_category_hero":"9",
    "jnews_category_hero_margin":"2",
    "jnews_category_content":"6",
    "jnews_category_content_excerpt":"20",
    "jnews_category_content_date":"default",
    "jnews_category_content_pagination_align":"left",
    "jnews_category_content_pagination_show_navtext":true,
    "jnews_archive_content":"4",
    "jnews_author_content":"6",
    "jnews_search_content":"4",
    "jnews_search_sidebar":"search",
    "jnews_footer_bg_color":"#111111",
    "jnews_footer_tags_bg":"",
    "jnews_footer_line_separator_color":"#ffbd00",
    "jnews_mobile_browser_color":"#001869",
    "jnews_ads_header_text":"Advertisement Banner",
    "jnews_single_show_author_box":true
  },
  "options": {
    "site_icon": "{{image:favicon:id}}",
    "show_on_front" : "page",
    "page_on_front" : "{{post:home-1:id}}",
    "nav_menus_created_posts": [],
    "jnews_option[single_view_option]": "jnews",
    "jnews_option[single_social_share_main]": [
      {
        "social_share": "facebook",
        "social_text": "Share on Facebook"
      },
      {
        "social_share": "twitter",
        "social_text": "Share on Twitter"
      },
      {
        "social_share": "googleplus",
        "social_text": ""
      }
    ],
    "jnews_option[single_social_share_secondary]": [
      {
        "social_share": "linkedin"
      },
      {
        "social_share": "pinterest"
      }
    ],
    "jnews_option[single_social_share_threshold]": 0,
    "jnews_option[single_social_share_via_twitter]": "",
    "jnews_option[single_view_initial_value]": 0,
    "jnews_option[single_social_share_view_percentage]": 0,
    "jnews_option[single_like_view_percentage]": 0,
    "jnews_option[split_loader]": "dot",
    "jnews_option[weather_forecast_source]": "yahoo",
    "jnews_option[weather_darksky_api_key]": "",
    "jnews_option[weather_openweathermap_api_key]": "",
    "jnews_option[weather_aerisweather_id]": "",
    "jnews_option[weather_aerisweather_secret]": "",
    "jnews_option[weather_default_temperature]": "c",
    "jnews_option[weather_cache_expired]": "1",
    "jnews_option[top_bar_weather_location]": "Abu Dhabi, United Arab Emirates",
    "jnews_option[top_bar_weather_location_auto]": "",
    "jnews_option[top_bar_weather_item]": "normal",
    "jnews_option[top_bar_weather_item_count]": "4",
    "jnews_option[top_bar_weather_item_content]": "temp",
    "jnews_option[top_bar_weather_item_autoplay]": "",
    "jnews_option[top_bar_weather_item_autodelay]": "2",
    "jnews_option[top_bar_weather_item_autohover]": true
  }
}