{
  "default-sidebar": {
    "jnews_module_element_ads-4": {
      "ads_code": "",
      "ads_image": "{{image:ad_300x600:id}}",
      "ads_image_alt": "",
      "ads_image_link": "#",
      "ads_type": "image",
      "column_width": "auto",
      "google_desktop": "auto",
      "google_phone": "auto",
      "google_publisher_id": "",
      "google_slot_id": "",
      "google_tab": "auto",
      "scheme": "normal"
    },
    "jnews_social_counter-2": {
      "account": "%5B%7B%22social_icon%22%3A%22facebook%22%2C%22social_url%22%3A%22https%3A%2F%2Fwww.facebook.com%2Fjegtheme%2F%22%7D%2C%7B%22social_icon%22%3A%22twitter%22%2C%22social_url%22%3A%22https%3A%2F%2Ftwitter.com%2Fjegtheme%22%7D%2C%7B%22social_icon%22%3A%22google-plus%22%2C%22social_url%22%3A%22https%3A%2F%2Fplus.google.com%2F%2Benvato%22%7D%2C%7B%22social_icon%22%3A%22behance%22%2C%22social_url%22%3A%22https%3A%2F%2Fwww.behance.net%2Fjegtheme%22%7D%2C%7B%22social_icon%22%3A%22instagram%22%2C%22social_url%22%3A%22https%3A%2F%2Fwww.instagram.com%2Fenvato%2F%22%7D%2C%7B%22social_icon%22%3A%22youtube%22%2C%22social_url%22%3A%22http%3A%2F%2Fwww.youtube.com%2Fuser%2FEnvato%22%7D%5D",
      "bh_key": "t2wwIJCdYCWCdAdPHwef3hGvcx8ztA8o",
      "column": "col3",
      "fb_id": "1708153456106457",
      "fb_key": "1708153456106457|LBeqPdQFTJXpeFL3sPex1LQBMVY",
      "fb_secret": "ae408213fb9a2e29d3ad858e03ec5a75",
      "gg_key": "AIzaSyCNRPgcByJDdhhZZRZ0AEyUnZ9lqmlBrvE",
      "header_background": "",
      "header_text_color": "",
      "header_type": "heading_6",
      "header_url": "",
      "linkedin_code": "",
      "linkedin_id": "",
      "linkedin_key": "",
      "linkedin_secret": "",
      "rss_count": "",
      "second_title": "",
      "style": "colored",
      "title": "",
      "twitch_key": "70rw46i5pwbs7awvivrex7weweg6jq",
      "vk_id": ""
    },
    "jnews_tab_post-2": {
      "header_background": "",
      "header_text_color": "",
      "header_type": "heading_6",
      "header_url": "",
      "limit": "4",
      "range": "all",
      "second_title": "",
      "title": ""
    },
    "jnews_recent_news-5": {
      "title": "أخبار حديثة",
      "postnumber": "2",
      "header_url": "",
      "header_background": "",
      "header_text_color": ""
    }
  },
  "footer-widget-1": {
    "jnews_about-3": {
      "aboutdesc": "نأتي لكم أفضل المواضيع و]ورد قسط التي مثالية للأخبار، مجلة، بلوق الشخصية، الخ تحقق صفحتنا المقصودة للحصول على التفاصيل.",
      "aboutimg": "{{image:footer_logo:id}}",
      "aboutimgretina": "{{image:footer_logo2x:id}}",
      "aboutname": "",
      "aboutoccupation": "",
      "header_background": "",
      "header_text_color": "",
      "header_type": "heading_6",
      "header_url": "",
      "second_title": "",
      "signature": "",
      "signatureretina": "",
      "title": ""
    },
    "jnews_social-3": {
      "account": "%5B%7B%22social_icon%22%3A%22facebook%22%2C%22social_url%22%3A%22https%3A%2F%2Fwww.facebook.com%2Fjegtheme%2F%22%7D%2C%7B%22social_icon%22%3A%22twitter%22%2C%22social_url%22%3A%22https%3A%2F%2Ftwitter.com%2Fjegtheme%22%7D%2C%7B%22social_icon%22%3A%22googleplus%22%2C%22social_url%22%3A%22%23%22%7D%2C%7B%22social_icon%22%3A%22vk%22%2C%22social_url%22%3A%22%23%22%7D%2C%7B%22social_icon%22%3A%22rss%22%2C%22social_url%22%3A%22%23%22%7D%5D",
      "aftersocial": "",
      "beforesocial": "",
      "bg_color": "",
      "header_background": "",
      "header_text_color": "",
      "header_type": "heading_6",
      "header_url": "",
      "icon_color": "",
      "second_title": "",
      "title": "",
      "widgetstyle": "nobg"
    }
  },
  "footer-widget-2": {
    "categories-4": {
      "header_background": "",
      "header_text_color": "",
      "header_type": "heading_6",
      "header_url": "",
      "second_title": "",
      "title": "الاقسام"
    }
  },
  "footer-widget-3": {
    "tag_cloud-2": {
      "header_background": "",
      "header_text_color": "",
      "header_type": "heading_6",
      "header_url": "",
      "second_title": "",
      "taxonomy": "post_tag",
      "title": "الكلمات"
    }
  },
  "home": {
    "jnews_weather-2": {
      "background": "{{image:rtl2:id}}",
      "count": "4",
      "date": "l, F j, Y",
      "detail": "show",
      "header_background": "",
      "header_text_color": "",
      "header_type": "heading_6",
      "header_url": "",
      "item": "all",
      "location": "abu dhabi",
      "location_name": "",
      "second_title": "",
      "title": ""
    },
    "jnews_popular-2": {
      "header_background": "",
      "header_text_color": "",
      "header_type": "heading_5",
      "header_url": "",
      "limit": "5",
      "order_by": "views",
      "range": "all",
      "second_title": "",
      "title": "أخبار شعبية"
    },
    "jnews_social_counter-3": {
      "account": "%5B%7B%22social_icon%22%3A%22facebook%22%2C%22social_url%22%3A%22https%3A%2F%2Fwww.facebook.com%2Fjegtheme%2F%22%7D%2C%7B%22social_icon%22%3A%22twitter%22%2C%22social_url%22%3A%22https%3A%2F%2Ftwitter.com%2Fjegtheme%22%7D%2C%7B%22social_icon%22%3A%22google-plus%22%2C%22social_url%22%3A%22https%3A%2F%2Fplus.google.com%2F%2Benvato%22%7D%2C%7B%22social_icon%22%3A%22behance%22%2C%22social_url%22%3A%22https%3A%2F%2Fwww.behance.net%2Fjegtheme%22%7D%2C%7B%22social_icon%22%3A%22instagram%22%2C%22social_url%22%3A%22https%3A%2F%2Fwww.instagram.com%2Fenvato%2F%22%7D%2C%7B%22social_icon%22%3A%22youtube%22%2C%22social_url%22%3A%22http%3A%2F%2Fwww.youtube.com%2Fuser%2FEnvato%22%7D%5D",
      "bh_key": "t2wwIJCdYCWCdAdPHwef3hGvcx8ztA8o",
      "column": "col3",
      "fb_id": "1708153456106457",
      "fb_key": "1708153456106457|LBeqPdQFTJXpeFL3sPex1LQBMVY",
      "fb_secret": "ae408213fb9a2e29d3ad858e03ec5a75",
      "gg_key": "AIzaSyCNRPgcByJDdhhZZRZ0AEyUnZ9lqmlBrvE",
      "header_background": "",
      "header_text_color": "",
      "header_type": "heading_6",
      "header_url": "",
      "linkedin_code": "",
      "linkedin_id": "",
      "linkedin_key": "",
      "linkedin_secret": "",
      "newtab": "1",
      "rss_count": "",
      "second_title": "",
      "style": "colored",
      "title": "",
      "twitch_key": "70rw46i5pwbs7awvivrex7weweg6jq",
      "vk_id": ""
    }
  },
  "home-2": {
    "jnews_social_counter-4": {
      "account": "%5B%7B%22social_icon%22%3A%22facebook%22%2C%22social_url%22%3A%22https%3A%2F%2Fwww.facebook.com%2Fjegtheme%2F%22%7D%2C%7B%22social_icon%22%3A%22twitter%22%2C%22social_url%22%3A%22https%3A%2F%2Ftwitter.com%2Fjegtheme%22%7D%2C%7B%22social_icon%22%3A%22google-plus%22%2C%22social_url%22%3A%22https%3A%2F%2Fplus.google.com%2F%2Benvato%22%7D%2C%7B%22social_icon%22%3A%22behance%22%2C%22social_url%22%3A%22https%3A%2F%2Fwww.behance.net%2Fjegtheme%22%7D%2C%7B%22social_icon%22%3A%22instagram%22%2C%22social_url%22%3A%22https%3A%2F%2Fwww.instagram.com%2Fenvato%2F%22%7D%2C%7B%22social_icon%22%3A%22youtube%22%2C%22social_url%22%3A%22http%3A%2F%2Fwww.youtube.com%2Fuser%2FEnvato%22%7D%5D",
      "bh_key": "t2wwIJCdYCWCdAdPHwef3hGvcx8ztA8o",
      "column": "col1",
      "fb_id": "1708153456106457",
      "fb_key": "1708153456106457|LBeqPdQFTJXpeFL3sPex1LQBMVY",
      "fb_secret": "ae408213fb9a2e29d3ad858e03ec5a75",
      "gg_key": "AIzaSyCNRPgcByJDdhhZZRZ0AEyUnZ9lqmlBrvE",
      "header_background": "",
      "header_text_color": "",
      "header_type": "heading_6",
      "header_url": "",
      "linkedin_code": "",
      "linkedin_id": "",
      "linkedin_key": "",
      "linkedin_secret": "",
      "rss_count": "",
      "second_title": "",
      "style": "light",
      "title": "الحساب الاجتماعي",
      "twitch_key": "70rw46i5pwbs7awvivrex7weweg6jq",
      "vk_id": ""
    }
  },
  "home-2-loop": {
    "jnews_module_element_ads-3": {
      "ads_code": "",
      "ads_image": "{{image:ad_300x600:id}}",
      "ads_image_alt": "",
      "ads_image_link": "#",
      "ads_type": "image",
      "column_width": "auto",
      "google_desktop": "auto",
      "google_phone": "auto",
      "google_publisher_id": "",
      "google_slot_id": "",
      "google_tab": "auto",
      "scheme": "normal"
    },
    "jnews_popular-3": {
      "header_background": "",
      "header_text_color": "",
      "header_type": "heading_6",
      "header_url": "",
      "limit": "5",
      "order_by": "views",
      "range": "all",
      "second_title": "",
      "title": "أخبار شعبية"
    }
  },
  "home-3": {
    "jnews_instagram-2": {
      "button": "",
      "column": "3",
      "header_background": "",
      "header_text_color": "",
      "header_type": "heading_6",
      "header_url": "",
      "hover": "normal",
      "row": "3",
      "second_title": "",
      "sort": "most_recent",
      "title": "إينستاجرام",
      "username": "natgeo"
    },
    "jnews_social_counter-5": {
      "account": "%5B%7B%22social_icon%22%3A%22facebook%22%2C%22social_url%22%3A%22https%3A%2F%2Fwww.facebook.com%2Fjegtheme%2F%22%7D%2C%7B%22social_icon%22%3A%22twitter%22%2C%22social_url%22%3A%22https%3A%2F%2Ftwitter.com%2Fjegtheme%22%7D%2C%7B%22social_icon%22%3A%22google-plus%22%2C%22social_url%22%3A%22https%3A%2F%2Fplus.google.com%2F%2Benvato%22%7D%2C%7B%22social_icon%22%3A%22behance%22%2C%22social_url%22%3A%22https%3A%2F%2Fwww.behance.net%2Fjegtheme%22%7D%2C%7B%22social_icon%22%3A%22instagram%22%2C%22social_url%22%3A%22https%3A%2F%2Fwww.instagram.com%2Fenvato%2F%22%7D%2C%7B%22social_icon%22%3A%22youtube%22%2C%22social_url%22%3A%22http%3A%2F%2Fwww.youtube.com%2Fuser%2FEnvato%22%7D%5D",
      "bh_key": "t2wwIJCdYCWCdAdPHwef3hGvcx8ztA8o",
      "column": "col1",
      "fb_id": "1708153456106457",
      "fb_key": "1708153456106457|LBeqPdQFTJXpeFL3sPex1LQBMVY",
      "fb_secret": "ae408213fb9a2e29d3ad858e03ec5a75",
      "gg_key": "AIzaSyCNRPgcByJDdhhZZRZ0AEyUnZ9lqmlBrvE",
      "header_background": "",
      "header_text_color": "",
      "header_type": "heading_6",
      "header_url": "",
      "linkedin_code": "",
      "linkedin_id": "",
      "linkedin_key": "",
      "linkedin_secret": "",
      "rss_count": "",
      "second_title": "",
      "style": "light",
      "title": "الحساب الاجتماعي",
      "twitch_key": "70rw46i5pwbs7awvivrex7weweg6jq",
      "vk_id": ""
    },
    "jnews_weather-3": {
      "background": "{{image:rtl3:id}}",
      "count": "4",
      "date": "l, F j, Y",
      "detail": "show",
      "header_background": "",
      "header_text_color": "",
      "header_type": "heading_6",
      "header_url": "",
      "item": "all",
      "location": "abu dhabi",
      "location_name": "",
      "second_title": "",
      "title": ""
    }
  },
  "home-4": {
    "jnews_social_counter-6": {
      "account": "%5B%7B%22social_icon%22%3A%22facebook%22%2C%22social_url%22%3A%22https%3A%2F%2Fwww.facebook.com%2Fjegtheme%2F%22%7D%2C%7B%22social_icon%22%3A%22twitter%22%2C%22social_url%22%3A%22https%3A%2F%2Ftwitter.com%2Fjegtheme%22%7D%2C%7B%22social_icon%22%3A%22google-plus%22%2C%22social_url%22%3A%22https%3A%2F%2Fplus.google.com%2F%2Benvato%22%7D%2C%7B%22social_icon%22%3A%22instagram%22%2C%22social_url%22%3A%22https%3A%2F%2Fwww.instagram.com%2Fenvato%2F%22%7D%2C%7B%22social_icon%22%3A%22youtube%22%2C%22social_url%22%3A%22http%3A%2F%2Fwww.youtube.com%2Fuser%2FEnvato%22%7D%5D",
      "bh_key": "t2wwIJCdYCWCdAdPHwef3hGvcx8ztA8o",
      "column": "col1",
      "fb_id": "1708153456106457",
      "fb_key": "1708153456106457|LBeqPdQFTJXpeFL3sPex1LQBMVY",
      "fb_secret": "ae408213fb9a2e29d3ad858e03ec5a75",
      "gg_key": "AIzaSyCNRPgcByJDdhhZZRZ0AEyUnZ9lqmlBrvE",
      "header_background": "",
      "header_text_color": "",
      "header_type": "heading_6",
      "header_url": "",
      "linkedin_code": "",
      "linkedin_id": "",
      "linkedin_key": "",
      "linkedin_secret": "",
      "rss_count": "",
      "second_title": "",
      "style": "colored",
      "title": "الحساب الاجتماعي",
      "twitch_key": "70rw46i5pwbs7awvivrex7weweg6jq",
      "vk_id": ""
    }
  },
  "home-loop": {
    "jnews_module_block_21-4": {
      "accent_color": "",
      "alt_color": "",
      "column_width": "auto",
      "content_type": "all",
      "date_format": "default",
      "date_format_custom": "Y/m/d",
      "excerpt_color": "",
      "exclude_category": "",
      "exclude_post": "",
      "exclude_tag": "",
      "first_title": "التطبيقات",
      "header_accent_color": "",
      "header_background": "",
      "header_filter_author": "",
      "header_filter_category": "",
      "header_filter_tag": "",
      "header_filter_text": "All",
      "header_line_color": "",
      "header_secondary_background": "",
      "header_text_color": "",
      "header_type": "heading_5",
      "include_author": "",
      "include_category": "",
      "include_post": "",
      "include_tag": "",
      "number_post": "4",
      "pagination_mode": "disable",
      "pagination_number_post": "6",
      "pagination_scroll_limit": "0",
      "post_offset": "0",
      "post_type": "post",
      "scheme": "normal",
      "second_title": "",
      "sort_by": "latest",
      "title_color": "",
      "unique_content": "disable",
      "url": ""
    },
    "jnews_module_element_ads-2": {
      "ads_code": "",
      "ads_image": "{{image:ad_300x600:id}}",
      "ads_image_alt": "",
      "ads_image_link": "#",
      "ads_type": "image",
      "column_width": "auto",
      "google_desktop": "auto",
      "google_phone": "auto",
      "google_publisher_id": "",
      "google_slot_id": "",
      "google_tab": "auto",
      "scheme": "normal"
    },
    "jnews_tab_post-3": {
      "header_background": "",
      "header_text_color": "",
      "header_type": "heading_6",
      "header_url": "",
      "limit": "4",
      "range": "all",
      "second_title": "",
      "title": ""
    }
  },
  "search": {
    "categories-2": {
      "count": "on",
      "header_background": "",
      "header_text_color": "",
      "header_type": "heading_8",
      "header_url": "",
      "second_title": "",
      "title": "تصفح حسب الفئة"
    },
    "jnews_recent_news-6": {
      "title": "أخبار حديثة",
      "postnumber": "2",
      "header_url": "",
      "header_background": "",
      "header_text_color": ""
    }
  }
}