{
  "mods": {
    "custom_css_post_id": -1,
    "jnews_accent_color": "#121415",
    "jnews_alt_color": "#121415",
    "jnews_archive_content": "27",
    "jnews_archive_content_pagination": "nav_2",
    "jnews_archive_show_sidebar": false,
    "jnews_author_content": "10",
    "jnews_author_content_pagination": "nav_2",
    "jnews_author_content_pagination_show_navtext": true,
    "jnews_background_image": null,
    "jnews_block_heading_font": {
      "color": "",
      "font-family": "Abel",
      "font-size": "",
      "line-height": "",
      "show_subsets": true,
      "show_variants": true,
      "subsets": [],
      "variant": []
    },
    "jnews_body_color": "#313638",
    "jnews_body_font": {
      "color": "",
      "font-family": "Inconsolata",
      "font-size": "",
      "line-height": "",
      "show_subsets": true,
      "show_variants": true,
      "subsets": [],
      "variant": [
        "regular",
        "700"
      ]
    },
    "jnews_category_content": "27",
    "jnews_category_content_pagination": "nav_2",
    "jnews_category_content_pagination_show_navtext": true,
    "jnews_category_hero": "1",
    "jnews_category_hero_margin": "30",
    "jnews_category_show_sidebar": false,
    "jnews_footer_custom_layout": "{{post:footer:id}}",
    "jnews_footer_style": "custom",
    "jnews_h1_font": {
      "color": "",
      "font-family": "Abel",
      "font-size": "",
      "line-height": "",
      "show_subsets": true,
      "show_variants": true,
      "subsets": [],
      "variant": []
    },
    "jnews_hb_display_desktop_bottom_right": "grow",
    "jnews_hb_display_desktop_mid_center": "normal",
    "jnews_hb_display_desktop_mid_left": "grow",
    "jnews_hb_display_desktop_mid_right": "grow",
    "jnews_hb_display_desktop_sticky_mid_right": "grow",
    "jnews_hb_element_desktop_bottom_center": [
      "main_menu"
    ],
    "jnews_hb_element_desktop_bottom_left": [],
    "jnews_hb_element_desktop_bottom_right": [],
    "jnews_hb_element_desktop_mid_center": [
      "logo"
    ],
    "jnews_hb_element_desktop_mid_left": [],
    "jnews_hb_element_desktop_mid_right": [],
    "jnews_hb_element_desktop_sticky_mid_center": [
      "main_menu"
    ],
    "jnews_hb_element_desktop_sticky_mid_left": [],
    "jnews_hb_element_desktop_sticky_mid_right": [],
    "jnews_hb_element_desktop_top_left": [],
    "jnews_hb_element_mobile_mid_right": [
      "search_icon"
    ],
    "jnews_header_bottombar_border_bottom_height": "0",
    "jnews_header_bottombar_border_top_height": "0",
    "jnews_header_button_1_text": "SUBSCRIBE",
    "jnews_header_drawer_social_icon_text_color": "#898989",
    "jnews_header_font": {
      "color": "",
      "font-family": "Abel",
      "font-size": "",
      "line-height": "",
      "show_subsets": true,
      "show_variants": true,
      "subsets": [],
      "variant": []
    },
    "jnews_header_logo": "{{image:logo:url:full}}",
    "jnews_header_logo_retina": "{{image:logo2x:url:full}}",
    "jnews_header_logo_spacing": {
      "bottom": "15px",
      "left": "0px",
      "right": "0px",
      "top": "40px"
    },
    "jnews_header_mega_menu_newsfeed_tags_list_color": "#898989",
    "jnews_header_menu_hover_text_color": "#898989",
    "jnews_header_menu_search_form_style": "square",
    "jnews_header_menu_style": "jeg_menu_style_5",
    "jnews_header_menu_text_color": "#121415",
    "jnews_header_midbar_height": "150",
    "jnews_header_mobile_midbar_scheme": "normal",
    "jnews_header_social_icon_text_color": "#121415",
    "jnews_header_width": "normal",
    "jnews_heading_color": "#121415",
    "jnews_main_menu_font": {
      "color": "",
      "font-family": "",
      "font-size": "",
      "line-height": "",
      "show_subsets": true,
      "show_variants": true,
      "subsets": [],
      "variant": []
    },
    "jnews_mobile_logo": "{{image:mobile_logo:url:full}}",
    "jnews_mobile_logo_retina": "{{image:mobile_logo2x:url:full}}",
    "jnews_search_content": "27",
    "jnews_search_content_pagination": "nav_2",
    "jnews_search_content_pagination_show_navtext": true,
    "jnews_search_show_sidebar": false,
    "jnews_single_blog_layout": "no-sidebar-narrow",
    "jnews_single_blog_template": "10",
    "jnews_single_comment": false,
    "jnews_single_number_post_related": "6",
    "jnews_single_popup_script": "photoswipe",
    "jnews_single_post_pagination_related": "disable",
    "jnews_single_post_related_header": "heading_8",
    "jnews_single_post_related_template": "9",
    "jnews_single_post_show_inline_related": false,
    "jnews_single_share_position": "float",
    "jnews_single_show_author_box": true,
    "jnews_single_show_category": false,
    "jnews_single_show_popup_post": false,
    "jnews_single_show_post_author_image": false,
    "jnews_single_show_post_related": true,
    "jnews_single_show_prev_next_post": true,
    "jnews_social_icon": [
      {
        "social_icon": "facebook",
        "social_url": "https://www.facebook.com/jegtheme/"
      },
      {
        "social_icon": "twitter",
        "social_url": "https://twitter.com/jegtheme"
      },
      {
        "social_icon": "youtube",
        "social_url": "https://www.youtube.com/channel/UCiSEZYAicvipL95JrvISyIw"
      },
      {
        "social_icon": "instagram",
        "social_url": "https://www.instagram.com/jegtheme/"
      }
    ],
    "jnews_sticky_menu_logo": null,
    "jnews_sticky_menu_logo_retina": null,
    "nav_menu_locations": {
      "mobile_navigation": "{{menu_location:main-navigation:id}}",
      "navigation": "{{menu_location:main-navigation:id}}"
    }
  },
  "options": {
    "amp_customizer[color_scheme]": "light",
    "amp_customizer[header_background_color]": "#0a89c0",
    "amp_customizer[header_color]": "#fff",
    "jnews_option[ads_preview_slider_code]": "",
    "jnews_option[ads_preview_slider_google_desktop]": "auto",
    "jnews_option[ads_preview_slider_google_id]": "",
    "jnews_option[ads_preview_slider_google_publisher]": "",
    "jnews_option[ads_preview_slider_image]": "",
    "jnews_option[ads_preview_slider_link]": "",
    "jnews_option[ads_preview_slider_shortcode]": "",
    "jnews_option[ads_preview_slider_text]": "",
    "jnews_option[ads_preview_slider_type]": "googleads",
    "jnews_option[amp_ads_above_article_enable]": "",
    "jnews_option[amp_ads_above_article_google_id]": "",
    "jnews_option[amp_ads_above_article_google_publisher]": "",
    "jnews_option[amp_ads_above_article_size]": "auto",
    "jnews_option[amp_ads_above_content_enable]": "",
    "jnews_option[amp_ads_above_content_google_id]": "",
    "jnews_option[amp_ads_above_content_google_publisher]": "",
    "jnews_option[amp_ads_above_content_size]": "auto",
    "jnews_option[amp_ads_above_header_enable]": "",
    "jnews_option[amp_ads_above_header_google_id]": "",
    "jnews_option[amp_ads_above_header_google_publisher]": "",
    "jnews_option[amp_ads_above_header_size]": "auto",
    "jnews_option[amp_ads_below_article_enable]": "",
    "jnews_option[amp_ads_below_article_google_id]": "",
    "jnews_option[amp_ads_below_article_google_publisher]": "",
    "jnews_option[amp_ads_below_article_size]": "auto",
    "jnews_option[amp_ads_below_content_enable]": "",
    "jnews_option[amp_ads_below_content_google_id]": "",
    "jnews_option[amp_ads_below_content_google_publisher]": "",
    "jnews_option[amp_ads_below_content_size]": "auto",
    "jnews_option[amp_ads_inline_content_enable]": "",
    "jnews_option[amp_ads_inline_content_google_id]": "",
    "jnews_option[amp_ads_inline_content_google_publisher]": "",
    "jnews_option[amp_ads_inline_content_paragraph]": "3",
    "jnews_option[amp_ads_inline_content_paragraph_random]": "",
    "jnews_option[amp_ads_inline_content_size]": "auto",
    "jnews_option[article_schema_type]": "article",
    "jnews_option[enable_schema]": true,
    "jnews_option[footer_instagram_column]": 8,
    "jnews_option[footer_instagram_follow_button]": "",
    "jnews_option[footer_instagram_hover_style]": "zoom",
    "jnews_option[footer_instagram_newtab]": "",
    "jnews_option[footer_instagram_row]": 1,
    "jnews_option[footer_instagram_sort_type]": "most_recent",
    "jnews_option[footer_instagram_username]": "",
    "jnews_option[instagram_feed_enable]": "hide",
    "jnews_option[main_schema_logo]": "",
    "jnews_option[main_schema_organization_name]": "",
    "jnews_option[main_schema_person_name]": "",
    "jnews_option[main_schema_type]": "organization",
    "jnews_option[main_schema_type_header_person]": "",
    "jnews_option[main_scheme_area]": "",
    "jnews_option[main_scheme_contact_type]": "customer_service",
    "jnews_option[main_scheme_person_address]": "",
    "jnews_option[main_scheme_telp]": "",
    "jnews_option[preview_slider_ads]": false,
    "jnews_option[preview_slider_desc]": false,
    "jnews_option[preview_slider_loader]": "dot",
    "jnews_option[preview_slider_toggle]": false,
    "jnews_option[single_like_view_percentage]": 0,
    "jnews_option[single_social_share_main]": [
      {
        "social_share": "facebook",
        "social_text": "Share on Facebook"
      },
      {
        "social_share": "twitter",
        "social_text": "Share on Twitter"
      },
      {
        "social_share": "googleplus",
        "social_text": ""
      }
    ],
    "jnews_option[single_social_share_secondary]": [
      {
        "social_share": "linkedin"
      },
      {
        "social_share": "pinterest"
      }
    ],
    "jnews_option[single_social_share_threshold]": 0,
    "jnews_option[single_social_share_via_twitter]": "",
    "jnews_option[single_social_share_view_percentage]": 0,
    "jnews_option[single_view_initial_value]": 0,
    "jnews_option[single_view_option]": "jnews",
    "jnews_option[social_login_alert]": "info",
    "jnews_option[social_login_enable_facebook]": "",
    "jnews_option[social_login_enable_google]": "",
    "jnews_option[social_login_enable_linkedin]": "",
    "jnews_option[social_login_facebook_id]": "",
    "jnews_option[social_login_facebook_secret]": "",
    "jnews_option[social_login_google_app_name]": "",
    "jnews_option[social_login_google_id]": "",
    "jnews_option[social_login_google_secret]": "",
    "jnews_option[social_login_linkedin_id]": "",
    "jnews_option[social_login_linkedin_secret]": "",
    "jnews_option[social_login_show]": "hide",
    "jnews_option[social_login_style]": "normal",
    "jnews_option[social_login_user_role]": "subscriber",
    "jnews_option[social_meta_fb_app_id]": "",
    "jnews_option[split_loader]": "dot",
    "nav_menus_created_posts": [],
    "site_icon": "{{image:favicon:id}}",
    "show_on_front": "page",
    "page_on_front": "{{post:home-1:id}}"
  },
  "template": "jnews",
  "wp_css": ""
}