{
  "template": "jnews",
  "mods": {
    "nav_menu_locations": {
      "mobile_navigation": "{{menu_location:main-navigation:id}}",
      "navigation": "{{menu_location:main-navigation:id}}",
      "top_navigation": "{{menu_location:footer-navigation:id}}",
      "footer_navigation": "{{menu_location:footer-navigation:id}}"
    },
    "jnews_social_icon": [
      {
        "social_icon": "facebook",
        "social_url": "http://facebook.com"
      },
      {
        "social_icon": "twitter",
        "social_url": "http://twitter.com"
      },
      {
        "social_icon": "googleplus",
        "social_url": "http://plus.google.com"
      },
      {
        "social_icon": "pinterest",
        "social_url": "http://pinterest.com"
      },
      {
        "social_icon": "vk",
        "social_url": "#"
      },
      {
        "social_icon": "rss",
        "social_url": "#"
      }
    ],
    "custom_css_post_id": -1,
    "jnews_header_style": "2",
    "jnews_boxed_layout": true,
    "jnews_background_image": "{{image:sport12:url:full}}",
    "jnews_background_repeat": "no-repeat",
    "jnews_background_position": "center center",
    "jnews_background_fixed": "fixed",
    "jnews_background_size": "cover",
    "jnews_body_color": "#3d4248",
    "jnews_accent_color": "#31942e",
    "jnews_btnhover_color": "#ffc600",
    "jnews_alt_color": "#a9a9a9",
    "jnews_heading_color": "#222638",
    "jnews_ads_header_top_enable": false,
    "jnews_ads_header_top_type": "image",
    "jnews_ads_header_2_enable": true,
    "jnews_ads_header_2_type": "image",
    "jnews_ads_header_2_image": "{{image:ad_728x90:url:full}}",
    "jnews_header_menu_style": "jeg_menu_style_2",
    "jnews_header_menu_boxed": false,
    "jnews_header_menu_border": false,
    "jnews_header_logo": "{{image:logo:url:full}}",
    "jnews_header_logo_retina": "{{image:logo2x:url:full}}",
    "jnews_header_menu_scheme": "jeg_navbar_custom",
    "jnews_header_menu_background_color": "#31942e",
    "jnews_header_menu_text_color": "#ffffff",
    "jnews_header_topbar_scheme": "dark",
    "jnews_header_topbar_bg_color": "#308a2e",
    "jnews_header_topbar_text_color": "#f5f5f5",
    "jnews_header_topbar_text_color_hover": "#ffd400",
    "jnews_header_topbar_border_bottom": "rgba(255,255,255,0)",
    "jnews_header_topbar_side_border": "rgba(255,255,255,0)",
    "jnews_header2_midbar_background": "#ffffff",
    "jnews_footer_style": "3",
    "jnews_footer_3_menu_position": "hide",
    "jnews_footer_3_social_position": "right",
    "jnews_footer_3_scheme": "custom",
    "jnews_footer_3_bg_color": "#09282c",
    "jnews_footer_3_secondary_bg_color": "#31942e",
    "jnews_body_font": {
      "font-family": "Open Sans",
      "font-size": "",
      "variant": [
        "regular",
        "600",
        "700"
      ],
      "line-height": "",
      "color": "",
      "show_variants": true,
      "show_subsets": true,
      "subsets": []
    },
    "jnews_h1_font": {
      "font-family": "Roboto Slab",
      "font-size": "",
      "variant": [
        "300",
        "regular",
        "700"
      ],
      "line-height": "",
      "color": "",
      "show_variants": true,
      "show_subsets": true,
      "subsets": []
    },
    "jnews_p_font": {
      "font-family": "Source Sans Pro",
      "font-size": "",
      "variant": [
        "regular",
        "600",
        "700"
      ],
      "line-height": "",
      "color": "",
      "show_variants": true,
      "show_subsets": true,
      "subsets": []
    },
    "jnews_single_blog_template": "2",
    "jnews_single_share_position": "float",
    "jnews_single_share_float_style": "share-normal",
    "jnews_single_show_category": true,
    "jnews_single_show_prev_next_post": false,
    "jnews_single_post_thumbnail_size": "crop-715",
    "jnews_single_post_pagination_related": "loadmore",
    "jnews_single_number_post_related": "6",
    "jnews_single_post_auto_load_related": "3",
    "jnews_single_post_related_template": "9",
    "jnews_single_show_author_box": true,
    "jnews_header_submenu_icon_color": "#ffd400",
    "jnews_header_menu_border_color": "rgba(255,255,255,0)",
    "jnews_header_menu_hover_line_color": "#ffd400",
    "jnews_header2_logo_spacing": {
      "top": "0px",
      "bottom": "0px",
      "left": "0px",
      "right": "0px"
    },
    "jnews_sticky_menu_logo": "{{image:logo:url:full}}",
    "jnews_sticky_menu_logo_retina": "{{image:logo2x:url:full}}",
    "jnews_header2_topbar_show": true,
    "jnews_category_global_bg_color": "#ffc600",
    "jnews_category_global_text_color": "#3d4248",
    "jnews_category_inherit_style_{{category:basketball:id}}": false,
    "jnews_category_override_{{category:basketball:id}}": true,
    "jnews_category_show_sidebar_{{category:basketball:id}}": true,
    "jnews_category_override_color_{{category:basketball:id}}": false,
    "jnews_category_override_color_{{category:football:id}}": false,
    "jnews_category_color_{{category:football:id}}": "",
    "jnews_category_text_color_{{category:football:id}}": "#ffffff",
    "jnews_category_color_{{category:basketball:id}}": "",
    "jnews_category_text_color_{{category:basketball:id}}": "#ffffff",
    "jnews_category_override_color_{{category:f1:id}}": false,
    "jnews_category_color_{{category:f1:id}}": "",
    "jnews_category_text_color_{{category:f1:id}}": "#ffffff",
    "jnews_ads_article_top_enable": false,
    "jnews_ads_article_top_type": "image",
    "jnews_ads_content_inline_enable": false,
    "jnews_ads_content_bottom_enable": true,
    "jnews_ads_content_bottom_type": "image",
    "jnews_ads_content_bottom_image": "{{image:ad_728x90:url:full}}",
    "jnews_ads_content_bottom_link": "#",
    "jnews_ads_article_bottom_enable": false,
    "jnews_ads_article_bottom_type": "image",
    "jnews_ads_content_top_enable": false,
    "jnews_ads_content_top_type": "image",
    "jnews_ads_content_top_image": "{{image:ad_728x90:url:full}}",
    "jnews_ads_article_bottom_image": "{{image:ad_728x90:url:full}}",
    "jnews_category_header": "2",
    "jnews_category_header_bg_image": "",
    "jnews_category_hero": "5",
    "jnews_category_hero_margin": "15",
    "jnews_category_hero_date": "ago",
    "jnews_category_content": "5",
    "jnews_category_show_sidebar": true,
    "jnews_header_search_popup_bg_color": "",
    "jnews_header_search_popup_border_color": "rgba(61,66,72,0)",
    "jnews_header_search_popup_input_background_color": "rgba(177,177,177,0.1)",
    "jnews_header_search_popup_input_border_color": "rgba(177,177,177,0.3)",
    "jnews_header_search_popup_input_color": "",
    "jnews_header_menu_search_style": "jeg_search_fullwidth_expand",
    "jnews_header_menu_fitwidth": true,
    "jnews_header_menu_shadow": false,
    "jnews_category_override_{{category:football:id}}": true,
    "jnews_category_header_{{category:football:id}}": "2",
    "jnews_category_header_bg_image_{{category:football:id}}": "{{image:sport12:url:full}}",
    "jnews_category_hero_{{category:football:id}}": "9",
    "jnews_category_hero_margin_{{category:football:id}}": "4",
    "jnews_category_content_{{category:football:id}}": "5",
    "jnews_category_content_excerpt_{{category:football:id}}": "30",
    "jnews_category_header_{{category:basketball:id}}": "2",
    "jnews_category_hero_show_{{category:basketball:id}}": false,
    "jnews_category_hero_{{category:basketball:id}}": "9",
    "jnews_category_content_{{category:basketball:id}}": "5",
    "jnews_category_override_color_{{category:motogp:id}}": false,
    "jnews_footer_3_copyright_color": "rgba(255,255,255,0.75)",
    "jnews_footer_3_menu_color": "#f5f5f5",
    "jnews_footer_3_menu_hover_text_color": "#ffffff",
    "jnews_footer_3_menu_separator_color": "rgba(255,255,255,0.24)",
    "jnews_footer_3_text_color": "#b6bbc1",
    "jnews_footer_3_link_color": "#f5f5f5",
    "jnews_footer_3_secondary_link_color": "#ffffff",
    "jnews_footer_3_heading_color": "#ffc600",
    "jnews_footer_3_form_bg": "rgba(255,255,255,0.15)",
    "jnews_footer_3_form_color": "#ffffff",
    "jnews_footer_3_tags_bg": "rgba(255,255,255,0.15)",
    "jnews_footer_3_tags_color": "#f5f5f5",
    "jnews_footer_3_copyright_position": "left",
    "jnews_footer_3_social_icon_color": "#ffffff",
    "jnews_footer_3_social_icon_hover_color": "#ffc600",
    "jnews_footer_3_show_secondary": true,
    "jnews_footer_3_widget_social_background": "rgba(255,255,255,0.15)",
    "jnews_footer_3_widget_social_color": "#ffffff",
    "jnews_ads_header_enable": true,
    "jnews_ads_header_type": "image",
    "jnews_ads_header_image": "{{image:ad_728x90:url:full}}",
    "jnews_ads_header_link": "#",
    "jnews_hb_arrange_bar": [
      "top",
      "bottom",
      "mid"
    ],
    "jnews_header_bottombar_scheme": "jeg_navbar_dark",
    "jnews_header_bottombar_background_color": "#31942e",
    "jnews_header_social_icon_text_color": "#f5f5f5",
    "jnews_hb_element_desktop_top_left": [
      "top_bar_menu"
    ],
    "jnews_hb_element_desktop_top_right": [
      "date",
      "social_icon",
      "login"
    ],
    "jnews_header_bottombar_fitwidth": true,
    "jnews_hb_display_desktop_top_right": "grow",
    "jnews_header_menu_search_noexpand_input_placeholder_color": "#f5f5f5",
    "jnews_hb_element_desktop_top_center": [],
    "jnews_header_html_mobile": "",
    "jnews_header_html_1": "TEXT LOREM",
    "jnews_header_midbar_background": "#f2f4f3",
    "jnews_header_midbar_background_image": "",
    "jnews_header_bottombar_border_bottom_height": "0",
    "jnews_container_background": "",
    "jnews_footer_bg_color": "#09282c",
    "jnews_footer_secondary_bg_color": "#31942e",
    "jnews_footer_link_color": "#f5f5f5",
    "jnews_footer_linkhover_color": "#ffffff",
    "jnews_footer_widget_title_color": "#ffc600",
    "jnews_footer_copyright_color": "rgba(255,255,255,0.6)",
    "jnews_footer_secondary_link_color": "#ffffff",
    "jnews_footer_menu_color": "#ffffff",
    "jnews_footer_menu_position": "hide",
    "jnews_footer_social_position": "right",
    "jnews_footer_social_icon_color": "#ffffff",
    "jnews_footer_social_icon_hover_color": "#ffc600",
    "jnews_header_stickybar_border_bottom_height": "0",
    "jnews_header_search_icon_color": "#ffffff",
    "jnews_header_sticky_width": "full",
    "jnews_header_stickybar_fitwidth": true
  },
  "options": {
    "site_icon": "{{image:favicon:id}}",
    "show_on_front": "page",
    "page_on_front": "{{post:home-1:id}}",
    "nav_menus_created_posts": [],
    "jnews_option[preview_slider_toggle]": false,
    "jnews_option[preview_slider_desc]": false,
    "jnews_option[preview_slider_ads]": false,
    "jnews_option[preview_slider_loader]": "dot",
    "jnews_option[ads_preview_slider_type]": "googleads",
    "jnews_option[ads_preview_slider_image]": "",
    "jnews_option[ads_preview_slider_link]": "",
    "jnews_option[ads_preview_slider_text]": "",
    "jnews_option[ads_preview_slider_google_publisher]": "",
    "jnews_option[ads_preview_slider_google_id]": "",
    "jnews_option[ads_preview_slider_google_desktop]": "auto",
    "jnews_option[ads_preview_slider_code]": "",
    "jnews_option[ads_preview_slider_shortcode]": "",
    "jnews_option[instagram_feed_enable]": "hide",
    "jnews_option[footer_instagram_username]": "",
    "jnews_option[footer_instagram_row]": 1,
    "jnews_option[footer_instagram_column]": 8,
    "jnews_option[footer_instagram_sort_type]": "most_recent",
    "jnews_option[footer_instagram_hover_style]": "zoom",
    "jnews_option[footer_instagram_follow_button]": "",
    "jnews_option[footer_instagram_newtab]": "",
    "jnews_option[single_show_like]": "both",
    "jnews_option[single_view_option]": "jnews",
    "jnews_option[single_social_share_main]": [
      {
        "social_share": "facebook",
        "social_text": "Share on Facebook"
      },
      {
        "social_share": "twitter",
        "social_text": "Share on Twitter"
      },
      {
        "social_share": "googleplus",
        "social_text": ""
      }
    ],
    "jnews_option[single_social_share_secondary]": [
      {
        "social_share": "linkedin"
      },
      {
        "social_share": "pinterest"
      },
      {
        "social_share": "qrcode"
      },
      {
        "social_share": "whatsapp"
      },
      {
        "social_share": "wechat"
      }
    ],
    "jnews_option[single_social_share_threshold]": 0,
    "jnews_option[single_social_share_via_twitter]": "",
    "jnews_option[single_view_initial_value]": 0,
    "jnews_option[single_social_share_view_percentage]": 0,
    "jnews_option[single_like_view_percentage]": 0
  }
}