{
  "template": "jnews",
  "mods": {
    "0": false,
    "custom_css_post_id": -1,
    "jnews_404_content": "9",
    "jnews_404_content_excerpt": "23",
    "jnews_404_page_layout": "right-sidebar",
    "jnews_accent_color": "#f86320",
    "jnews_additional_font": [],
    "jnews_additional_js": "",
    "jnews_ads_above_footer_enable": false,
    "jnews_ads_above_footer_image": "{{image:ad_728x90:id}}",
    "jnews_ads_above_footer_link": "#",
    "jnews_ads_above_footer_text": "Advertisement",
    "jnews_ads_above_footer_type": "image",
    "jnews_alt_color": "#37a0ce",
    "jnews_archive_content": "9",
    "jnews_archive_content_excerpt": "23",
    "jnews_archive_content_pagination": "nav_1",
    "jnews_archive_content_pagination_align": "center",
    "jnews_archive_page_layout": "no-sidebar",
    "jnews_attachment_page_layout": "no-sidebar",
    "jnews_author_content": "14",
    "jnews_author_content_excerpt": "23",
    "jnews_author_content_pagination": "nav_1",
    "jnews_author_content_pagination_align": "center",
    "jnews_author_content_pagination_show_navtext": true,
    "jnews_author_content_pagination_show_pageinfo": false,
    "jnews_author_page_layout": "right-sidebar",
    "jnews_background_color": "#888888",
    "jnews_background_fixed": "fixed",
    "jnews_background_image": "",
    "jnews_background_position": "center center",
    "jnews_background_repeat": "no-repeat",
    "jnews_background_size": "cover",
    "jnews_block_heading_font": {
      "color": "#1c1c1c",
      "font-family": "Arbutus Slab",
      "font-size": "22px",
      "line-height": "1.6em",
      "show_subsets": true,
      "show_variants": true,
      "subsets": [],
      "variant": null
    },
    "jnews_body_color": "#53585c",
    "jnews_body_font": {
      "color": "#555555",
      "font-family": "Karla",
      "font-size": "16px",
      "line-height": "1.6em",
      "show_subsets": true,
      "show_variants": true,
      "subsets": [],
      "variant": [
        "regular",
        "italic",
        "700",
        "700italic"
      ]
    },
    "jnews_boxed_layout": false,
    "jnews_breadcrumb": "native",
    "jnews_breadcrumb_show_post": true,
    "jnews_category_content": "9",
    "jnews_category_content_excerpt": "23",
    "jnews_category_content_pagination": "loadmore",
    "jnews_category_header": "{{category:learning:id}}",
    "jnews_category_hero_show": false,
    "jnews_category_page_layout": "no-sidebar",
    "jnews_footer5_social_icon_color": "#ffffff",
    "jnews_footer_bg_color": "#033054",
    "jnews_footer_button_bg": "#f86320",
    "jnews_footer_button_color": "#ffffff",
    "jnews_footer_copyright": "© 2018 <a href=\"http://jegtheme.com\" title=\"Premium WordPress news & magazine theme\">JNews</a> - Education WordPress theme demo by <a href=\"http://jegtheme.com\" title=\"Jegtheme\">Jegtheme</a>.",
    "jnews_footer_copyright_color": "#95b1c7",
    "jnews_footer_force_fullwidth": false,
    "jnews_footer_line_separator_color": "#033054",
    "jnews_footer_link_color": "#8fa5b6",
    "jnews_footer_linkhover_color": "#ffffff",
    "jnews_footer_menu_position": "hide",
    "jnews_footer_menu_separator_color": "#47505c",
    "jnews_footer_scheme": "dark",
    "jnews_footer_secondary_bg_color": "",
    "jnews_footer_secondary_link_color": "#ffffff",
    "jnews_footer_show_secondary": true,
    "jnews_footer_show_social": false,
    "jnews_footer_social_hover_text_color": "#e6982e",
    "jnews_footer_social_icon_bg_color": "#5d6673",
    "jnews_footer_social_icon_color": "#ffffff",
    "jnews_footer_social_icon_hover_bg_color": "#525b67",
    "jnews_footer_social_icon_hover_color": "#f86320",
    "jnews_footer_social_position": "hide",
    "jnews_footer_social_text_color": "#ffffff",
    "jnews_footer_style": "5",
    "jnews_footer_text_color": "#788fa1",
    "jnews_footer_widget_title_color": "#ffffff",
    "jnews_h1_font": {
      "color": "#1c1c1c",
      "font-family": "Arbutus Slab",
      "font-size": "48px",
      "line-height": "1.2em",
      "show_subsets": true,
      "show_variants": true,
      "subsets": [],
      "variant": null
    },
    "jnews_hb_align_desktop_bottom_left": "left",
    "jnews_hb_align_desktop_mid_right": "right",
    "jnews_hb_display_desktop_bottom_left": "grow",
    "jnews_hb_display_desktop_mid_left": "grow",
    "jnews_hb_display_desktop_mid_right": "grow",
    "jnews_hb_element_desktop_bottom_center": [],
    "jnews_hb_element_desktop_bottom_left": [],
    "jnews_hb_element_desktop_bottom_right": [],
    "jnews_hb_element_desktop_mid_center": [
      "main_menu"
    ],
    "jnews_hb_element_desktop_mid_left": [
      "logo"
    ],
    "jnews_hb_element_desktop_mid_right": [
      "search_form"
    ],
    "jnews_hb_element_desktop_top_center": [
      "social_icon"
    ],
    "jnews_hb_element_desktop_top_left": [
      "html1"
    ],
    "jnews_hb_element_desktop_top_right": [
      "login"
    ],
    "jnews_hb_preset": "",
    "jnews_header_account_text_color": "",
    "jnews_header_bottombar_background_color": "#ffffff",
    "jnews_header_bottombar_border": false,
    "jnews_header_bottombar_border_bottom_color": "#ffffff",
    "jnews_header_bottombar_border_bottom_height": "0",
    "jnews_header_bottombar_border_color": "#ffffff",
    "jnews_header_bottombar_fitwidth": false,
    "jnews_header_bottombar_height": "40",
    "jnews_header_bottombar_link_color": "#1c1c1c",
    "jnews_header_bottombar_link_hover_color": "#000000",
    "jnews_header_bottombar_scheme": "jeg_navbar_normal",
    "jnews_header_bottombar_shadow": false,
    "jnews_header_bottombar_text_color": "#ffffff",
    "jnews_header_font": {
      "color": "#ffffff",
      "font-family": "Source Serif Pro",
      "font-size": "14px",
      "line-height": "1.6em",
      "show_subsets": true,
      "show_variants": true,
      "subsets": [],
      "variant": [
        "regular",
        "700"
      ]
    },
    "jnews_header_html_1": "<ul><li>Call: +60 8 123 000</li><li>E-mail: info@gmail.com</li></ul>",
    "jnews_header_html_mobile": "",
    "jnews_header_logo": "{{image:logo:url:full}}",
    "jnews_header_logo_alt": "Education Blog",
    "jnews_header_logo_retina": "{{image:logo2x:url:full}}",
    "jnews_header_logo_text_font": {
      "color": "",
      "font-family": "",
      "font-size": "",
      "letter-spacing": false,
      "line-height": "",
      "show_subsets": true,
      "show_variants": true,
      "subsets": [],
      "text-align": false,
      "text-transform": false,
      "variant": ""
    },
    "jnews_header_menu_follow": "normal",
    "jnews_header_menu_search_form_style": "square",
    "jnews_header_menu_search_form_width": "59",
    "jnews_header_menu_search_noexpand_input_background_color": "#033054",
    "jnews_header_menu_search_noexpand_input_border_color": "#ffffff",
    "jnews_header_menu_search_noexpand_input_color": "#ffffff",
    "jnews_header_menu_search_noexpand_input_placeholder_color": "#ffffff",
    "jnews_header_menu_style": "jeg_menu_style_5",
    "jnews_header_mid_link_color_hover": "#1c1c1c",
    "jnews_header_mid_text_color": "#ffffff",
    "jnews_header_midbar_background": "#033054",
    "jnews_header_midbar_border_bottom_color": "#37a0ce",
    "jnews_header_midbar_border_bottom_height": "6",
    "jnews_header_midbar_height": "90",
    "jnews_header_midbar_scheme": "dark",
    "jnews_header_mobile_drawer_background_color": "",
    "jnews_header_mobile_drawer_scheme": "normal",
    "jnews_header_mobile_midbar_background_color": "#033054",
    "jnews_header_mobile_midbar_border_top_height": "0",
    "jnews_header_mobile_midbar_height": "60",
    "jnews_header_mobile_midbar_link_color": "#ffffff",
    "jnews_header_mobile_midbar_scheme": "dark",
    "jnews_header_mobile_midbar_text_color": "#ffffff",
    "jnews_header_social_icon": "nobg",
    "jnews_header_social_icon_background": "",
    "jnews_header_social_icon_text_color": "#555555",
    "jnews_header_stickybar_background_color": "#0f2e5e",
    "jnews_header_submenu_background": "",
    "jnews_header_topbar_bg_color": "#ffffff",
    "jnews_header_topbar_border_bottom": "#ffffff",
    "jnews_header_topbar_border_top_color": "#ffffff",
    "jnews_header_topbar_border_top_height": "0",
    "jnews_header_topbar_height": "40",
    "jnews_header_topbar_link_color_hover": "#1c1c1c",
    "jnews_header_topbar_scheme": "normal",
    "jnews_header_topbar_side_border": "",
    "jnews_header_topbar_text_color": "#555555",
    "jnews_header_width": "normal",
    "jnews_heading_color": "#1c1c1c1",
    "jnews_index_content": "9",
    "jnews_index_content_excerpt": "23",
    "jnews_index_content_pagination_align": "center",
    "jnews_index_page_layout": "no-sidebar",
    "jnews_index_top_content": "267",
    "jnews_main_menu_font": {
      "color": "#ffffff",
      "font-family": "Arbutus Slab",
      "font-size": "14px",
      "line-height": "1.6em",
      "show_subsets": true,
      "show_variants": true,
      "subsets": [],
      "variant": null
    },
    "jnews_mobile_logo": "{{image:logo:url:full}}",
    "jnews_mobile_logo_retina": "{{image:logo2x:url:full}}",
    "jnews_mobile_logo_text_font": {
      "color": "",
      "font-family": "",
      "font-size": "",
      "letter-spacing": false,
      "line-height": "",
      "show_subsets": true,
      "show_variants": true,
      "subsets": [],
      "text-align": false,
      "text-transform": false,
      "variant": ""
    },
    "jnews_mobile_menu_follow": "scroll",
    "jnews_p_font": {
      "color": "#555555",
      "font-family": "Source Serif Pro",
      "font-size": "18px",
      "line-height": "1.6em",
      "show_subsets": true,
      "show_variants": true,
      "subsets": [],
      "variant": [
        "regular",
        "700"
      ]
    },
    "jnews_search_content": "9",
    "jnews_search_content_excerpt": "23",
    "jnews_search_content_pagination_align": "left",
    "jnews_search_page_layout": "right-sidebar",
    "jnews_single_blog_layout": "right-sidebar",
    "jnews_single_blog_template": "2",
    "jnews_single_number_post_related": "3",
    "jnews_single_post_date_format": "default",
    "jnews_single_post_pagination_related": "disable",
    "jnews_single_post_related_header": "heading_9",
    "jnews_single_post_related_match": "category",
    "jnews_single_post_related_template": "5",
    "jnews_single_post_show_inline_related": false,
    "jnews_single_post_thumbnail_size": "crop-500",
    "jnews_single_share_float_style": "share-normal",
    "jnews_single_share_position": "float",
    "jnews_single_show_author_box": true,
    "jnews_single_show_category": true,
    "jnews_single_show_featured": true,
    "jnews_single_show_popup_post": false,
    "jnews_single_show_post_author_image": true,
    "jnews_single_show_post_meta": true,
    "jnews_single_show_post_related": false,
    "jnews_single_show_prev_next_post": true,
    "jnews_single_show_share_counter": true,
    "jnews_single_show_view_counter": true,
    "jnews_social_icon": [
      {
        "social_icon": "facebook",
        "social_url": "https://www.facebook.com/jegtheme/"
      },
      {
        "social_icon": "twitter",
        "social_url": "https://twitter.com/jegtheme"
      },
      {
        "social_icon": "googleplus",
        "social_url": "http://plus.google.com"
      },
      {
        "social_icon": "linkedin",
        "social_url": "http://linked.in"
      }
    ],
    "jnews_sticky_logo_text_font": {
      "color": "",
      "font-family": "",
      "font-size": "",
      "letter-spacing": false,
      "line-height": "",
      "show_subsets": true,
      "show_variants": true,
      "subsets": [],
      "text-align": false,
      "text-transform": false,
      "variant": ""
    },
    "jnews_sticky_menu_logo": "{{image:logo:url:full}}",
    "jnews_sticky_menu_logo_retina": "{{image:logo2x:url:full}}",
    "jnews_type_kit": [],
    "nav_menu_locations": {
      "mobile_navigation": "{{menu_location:main-navigation:id}}",
      "navigation": "{{menu_location:main-navigation:id}}",
      "top_navigation": "{{menu_location:top-navigation:id}}",
      "footer_navigation": "{{menu_location:footer-navigation:id}}"
    }
  },
  "options": {
    "site_icon": "{{image:favicon:id}}",
    "show_on_front": "page",
    "page_on_front": "{{post:home-1:id}}",
    "nav_menus_created_posts": [],
    "amp_customizer[header_color]": "#fff",
    "amp_customizer[header_background_color]": "#0a89c0",
    "amp_customizer[color_scheme]": "light"
  },
  "wp_css": ""
}