{
  "template": "jnews",
  "mods":
  {
    "nav_menu_locations":
    {
      "mobile_navigation": "{{menu_location:main-navigation:id}}",
      "navigation": "{{menu_location:main-navigation:id}}",
      "top_navigation": "{{menu_location:main-navigation:id}}",
      "footer_navigation": "{{menu_location:footer-navigation:id}}"
    },
    "custom_css_post_id": -1,
    "jnews_accent_color": "#0012ea",
    "jnews_additional_font": [],
    "jnews_alt_color": "#141204",
    "jnews_archive_content_excerpt": "20",
    "jnews_author_content": "27",
    "jnews_author_content_excerpt": "20",
    "jnews_block_heading_font":
    {
      "font-family": "Work Sans",
      "font-size": "",
      "variant": ["700"],
      "line-height": "",
      "color": "",
      "show_variants": true,
      "show_subsets": true,
      "subsets": []
    },
    "jnews_body_color": "#666666",
    "jnews_body_font":
    {
      "font-family": "Roboto",
      "font-size": "",
      "variant": ["700", "regular"],
      "line-height": "",
      "color": "",
      "show_variants": true,
      "show_subsets": true,
      "subsets": []
    },
    "jnews_category_content": "27",
    "jnews_category_content_excerpt": "20",
    "jnews_category_hero_show": false,
    "jnews_footer_bg_color": "#070707",
    "jnews_footer_linkhover_color": "#ffffff",
    "jnews_footer_scheme": "dark",
    "jnews_footer_style": "custom",
    "jnews_footer_custom_layout": "{{post:footer:id}}",
    "jnews_footer_widget_title_color": "#ffffff",
    "jnews_h1_font":
    {
      "font-family": "Work Sans",
      "font-size": "",
      "variant": ["600"],
      "line-height": "",
      "color": "",
      "show_variants": true,
      "show_subsets": true,
      "subsets": []
    },
    "jnews_hb_arrange_bar": ["top", "mid", "bottom"],
    "jnews_hb_display_desktop_mid_left": "normal",
    "jnews_hb_element_desktop_bottom_right": [],
    "jnews_hb_element_desktop_mid_center": [],
    "jnews_hb_element_desktop_mid_left": ["logo"],
    "jnews_hb_element_desktop_sticky_mid_right": ["main_menu", "search_form"],
    "jnews_hb_element_desktop_top_left": [],
    "jnews_hb_element_mobile_drawer_bottom_center": ["social_icon"],
    "jnews_hb_element_mobile_mid_center": ["logo"],
    "jnews_header_bottombar_background_color": "#141204",
    "jnews_header_bottombar_scheme": "jeg_navbar_dark",
    "jnews_header_drawer_social_icon_text_color": "#141204",
    "jnews_header_font":
    {
      "font-family": "Work Sans",
      "font-size": "",
      "variant": ["regular", "700"],
      "line-height": "",
      "color": "",
      "show_variants": true,
      "show_subsets": true,
      "subsets": []
    },
    "jnews_header_html_mobile": "",
    "jnews_header_logo": "{{image:logo:url:full}}",
    "jnews_header_logo_retina": "{{image:logo2x:url:full}}",
    "jnews_header_logo_spacing":
    {
      "bottom": "5px",
      "left": "0px",
      "right": "0px",
      "top": "0px"
    },
    "jnews_header_menu_follow": "fixed",
    "jnews_header_menu_hover_text_color": "",
    "jnews_header_menu_search_form_style": "round",
    "jnews_header_menu_search_form_width": "22",
    "jnews_header_menu_search_noexpand_input_background_color": "rgba(10,10,10,0)",
    "jnews_header_menu_style": "jeg_menu_style_5",
    "jnews_header_menu_text_color": "",
    "jnews_header_midbar_border_bottom_height": "1",
    "jnews_header_midbar_height": "130",
    "jnews_header_mobile_midbar_background_color": "#0012ea",
    "jnews_header_mobile_midbar_scheme": "dark",
    "jnews_header_nav_icon_color": "#ffffff",
    "jnews_header_nav_icon_mobilcolor": "#ffffff",
    "jnews_header_search_icon_color": "",
    "jnews_header_social_icon_text_color": "#ffffff",
    "jnews_header_stickybar_background_color": "",
    "jnews_header_stickybar_border_bottom_height": "0",
    "jnews_header_stickybar_scheme": "jeg_navbar_normal",
    "jnews_header_width": "normal",
    "jnews_heading_color": "#141204",
    "jnews_mobile_logo": "",
    "jnews_mobile_logo_retina": "",
    "jnews_p_font":
    {
      "font-family": "",
      "font-size": "",
      "variant": null,
      "line-height": "",
      "color": "",
      "show_variants": true,
      "show_subsets": true,
      "subsets": []
    },
    "jnews_search_content_excerpt": "20",
    "jnews_single_blog_enable_fullscreen": false,
    "jnews_single_blog_template": "3",
    "jnews_single_comment": false,
    "jnews_single_number_post_related": "4",
    "jnews_single_post_pagination_related": "disable",
    "jnews_single_post_related_excerpt": "20",
    "jnews_single_post_related_header": "heading_8",
    "jnews_single_post_related_template": "23",
    "jnews_single_share_position": "bottom",
    "jnews_single_show_author_box": false,
    "jnews_single_show_category": true,
    "jnews_single_show_popup_post": true,
    "jnews_single_show_post_author": false,
    "jnews_single_show_post_related": true,
    "jnews_single_show_prev_next_post": false,
    "jnews_single_show_tag": true,
    "jnews_social_icon": [
      {
        "social_icon": "facebook",
        "social_url": "http:\/\/facebook.com"
      },
      {
        "social_icon": "twitter",
        "social_url": "http:\/\/twitter.com"
      },
      {
        "social_icon": "vk",
        "social_url": "#"
      },
      {
        "social_icon": "pinterest",
        "social_url": "http:\/\/pinterest.com"
      },
      {
        "social_icon": "instagram",
        "social_url": "http:\/\/instagram.com\/jegtheme"
      }],
    "jnews_sticky_menu_logo": "",
    "jnews_sticky_menu_logo_retina": "",
    "jnews_header_logo_type": "text",
    "jnews_header_logo_text": "Freebies.",
    "jnews_header_logo_text_font":
    {
      "font-family": "Work Sans",
      "font-size": "30px",
      "variant": ["700"],
      "line-height": "",
      "color": "",
      "show_variants": true,
      "show_subsets": true,
      "subsets": []
    },
    "jnews_hb_element_desktop_mid_right": ["main_menu", "search_icon"],
    "jnews_hb_element_desktop_bottom_left": [],
    "jnews_show_block_meta_author": false,
    "jnews_footer_show_secondary": false,
    "jnews_single_number_popup_post": "2",
    "jnews_ads_content_inline_enable": false,
    "jnews_ads_content_inline_type": "image",
    "jnews_ads_content_inline_align": "right",
    "jnews_ads_content_inline_image": "{{image:ad_300x250:url:full}}",
    "jnews_ads_content_inline_paragraph": "2",
    "jnews_ads_content_bottom_enable": true,
    "jnews_ads_content_bottom_type": "image",
    "jnews_ads_content_inline_3_enable": false,
    "jnews_ads_content_bottom_image": "{{image:ad_728x90:url:full}}",
    "jnews_hb_element_desktop_sticky_mid_left": ["logo"],
    "jnews_sticky_logo_type": "text",
    "jnews_sticky_logo_text": "Freebies.",
    "jnews_hb_display_desktop_sticky_mid_left": "normal",
    "jnews_hb_display_desktop_sticky_mid_right": "grow",
    "jnews_header_stickybar_height": "60",
    "jnews_sticky_logo_text_font":
    {
      "font-family": "Work Sans",
      "font-size": "30px",
      "variant": ["700"],
      "line-height": "",
      "color": "",
      "show_variants": true,
      "show_subsets": true,
      "subsets": []
    },
    "jnews_header_stickybar_shadow": true,
    "jnews_mobile_logo_type": "text",
    "jnews_mobile_logo_text": "Freebies.",
    "jnews_mobile_logo_text_font":
    {
      "font-family": "Work Sans",
      "font-size": "26px",
      "variant": ["700"],
      "line-height": "",
      "color": "",
      "show_variants": true,
      "show_subsets": true,
      "subsets": []
    },
    "jnews_header_mobile_midbar_enable_gradient": false,
    "jnews_header_social_icon": "nobg",
    "jnews_header_social_icon_background": "#141204",
    "jnews_index_content": "23",
    "jnews_archive_content": "23",
    "jnews_search_content": "23",
    "jnews_attachment_page_layout": "no-sidebar",
    "jnews_attachment_sticky_sidebar": false,
    "jnews_404_content": "23"
  },
  "options":
  {
    "site_icon": "{{image:favicon:id}}",
    "show_on_front" : "page",
    "page_on_front" : "{{post:home-1:id}}",
    "nav_menus_created_posts": [],
    "amp_customizer[header_color]": "#fff",
    "amp_customizer[header_background_color]": "#0a89c0",
    "amp_customizer[color_scheme]": "light"
  },
  "wp_css": ""
}