{
  "default-sidebar": {
    "mc4wp_form_widget-6": {
      "title": "Subscribe to Newspaper",
      "header_url": "",
      "header_background": "",
      "header_text_color": ""
    },
    "jnews_module_element_ads-3": {
      "ads_type": "image",
      "ads_image": "{{image:ad_345x345:id}}",
      "ads_image_link": "",
      "ads_image_alt": "",
      "google_publisher_id": "",
      "google_slot_id": "",
      "google_desktop": "auto",
      "google_tab": "auto",
      "google_phone": "auto",
      "ads_code": "",
      "scheme": "normal",
      "column_width": "auto"
    },
    "jnews_module_element_header-3": {
      "first_title": "Youtube",
      "second_title": " Channel",
      "url": "#",
      "header_type": "heading_6",
      "header_align": "left",
      "header_background": "",
      "header_text_color": "",
      "column_width": "auto"
    },
    "jnews_module_element_embedplaylist-3": {
      "layout": "horizontal",
      "scheme": "light",
      "playlist": "https://www.youtube.com/watch?v=SfLV8hD7zX4, https://www.youtube.com/watch?v=j5PLngd2WN0, https://www.youtube.com/watch?v=fdnM6u4sKKY, https://www.youtube.com/watch?v=1kgmfPClsZc, https://www.youtube.com/watch?v=JDZ1K79ie64, https://www.youtube.com/watch?v=CKz_Ndak1u4",
      "column_width": "auto"
    },
    "jnews_facebook_page-4": {
      "title": "Follow Our Page",
      "url": "https://www.facebook.com/Dog-Lover-1658740521020107/",
      "appid": "267719674352",
      "tabs": "false",
      "height": "",
      "cover": "false",
      "photo": "true",
      "header_url": "",
      "header_background": "",
      "header_text_color": ""
    },
    "jnews_popular-3": {
      "title": "Popular Post",
      "limit": "6",
      "order_by": "comments",
      "range": "daily",
      "header_url": "",
      "header_background": "",
      "header_text_color": ""
    }
  },
  "footer-widget-1": {
    "jnews_about-3": {
      "title": "About Us",
      "aboutimg": "",
      "aboutimgretina": "",
      "aboutname": "",
      "aboutoccupation": "",
      "aboutdesc": "We bring you the best Premium WordPress Themes that perfect for news, magazine, personal blog, etc. Check our landing page for details.",
      "signature": "",
      "signatureretina": "",
      "header_url": "",
      "header_background": "",
      "header_text_color": ""
    },
    "jnews_social-3": {
      "title": "Follow Us",
      "widgetstyle": "square",
      "icon_color": "#f7f7f7",
      "bg_color": "rgba(255,255,255,0.11)",
      "beforesocial": "",
      "aftersocial": "",
      "account": "%5B%7B%22social_icon%22%3A%22facebook%22%2C%22social_url%22%3A%22%23%22%7D%2C%7B%22social_icon%22%3A%22twitter%22%2C%22social_url%22%3A%22%23%22%7D%2C%7B%22social_icon%22%3A%22instagram%22%2C%22social_url%22%3A%22%23%22%7D%2C%7B%22social_icon%22%3A%22googleplus%22%2C%22social_url%22%3A%22%23%22%7D%2C%7B%22social_icon%22%3A%22youtube%22%2C%22social_url%22%3A%22%23%22%7D%5D",
      "second_title": "",
      "header_url": "",
      "header_type": "heading_6",
      "header_background": "",
      "header_text_color": ""
    }
  },
  "footer-widget-2": {
    "categories-4": {
      "title": "Category",
      "header_url": "",
      "header_background": "",
      "header_text_color": ""
    }
  },
  "footer-widget-3": {
    "tag_cloud-3": {
      "title": "Tag Cloud",
      "taxonomy": "post_tag",
      "header_url": "",
      "header_background": "",
      "header_text_color": ""
    }
  },
  "footer-widget-4": {
    "jnews_recent_news-3": {
      "title": "Recent News",
      "postnumber": "2",
      "header_url": "",
      "header_background": "",
      "header_text_color": ""
    }
  },
  "home-1": {
    "jnews_facebook_page-2": {
      "title": "Like Our Page",
      "url": "https://www.facebook.com/InfoGukguk/",
      "appid": "267719674352",
      "tabs": "false",
      "height": "",
      "cover": "false",
      "photo": "true",
      "header_url": "",
      "header_background": "",
      "header_text_color": ""
    },
    "jnews_module_block_2-3": {
      "first_title": "",
      "second_title": "",
      "url": "",
      "header_background": "",
      "header_text_color": "",
      "header_filter_category": "",
      "header_filter_author": "",
      "header_filter_tag": "",
      "header_filter_text": "",
      "post_type": "post",
      "number_post": "5",
      "post_offset": "6",
      "unique_content": "disable",
      "include_post": "",
      "exclude_post": "",
      "include_category": "",
      "exclude_category": "",
      "include_author": "",
      "include_tag": "",
      "exclude_tag": "",
      "sort_by": "latest",
      "date_format": "ago",
      "date_format_custom": "",
      "excerpt_length": "19",
      "pagination_mode": "disable",
      "pagination_number_post": "16",
      "pagination_scroll_limit": "",
      "column_width": "auto"
    }
  },
  "category-widget": {
    "mc4wp_form_widget-7": {
      "title": "Subscribe to Newspaper",
      "header_url": "",
      "header_background": "",
      "header_text_color": ""
    },
    "jnews_module_element_ads-4": {
      "ads_type": "image",
      "ads_image": "{{image:ad_345x345:id}}",
      "ads_image_link": "",
      "ads_image_alt": "",
      "google_publisher_id": "",
      "google_slot_id": "",
      "google_desktop": "auto",
      "google_tab": "auto",
      "google_phone": "auto",
      "ads_code": "",
      "scheme": "normal",
      "column_width": "auto"
    },
    "jnews_facebook_page-5": {
      "title": "Follow Our Page",
      "url": "https://www.facebook.com/Dog-Lover-1658740521020107/",
      "appid": "267719674352",
      "tabs": "false",
      "height": "",
      "cover": "false",
      "photo": "true",
      "header_url": "",
      "header_background": "",
      "header_text_color": ""
    }
  },
  "home-3": {
    "jnews_social_counter-2": {
      "title": "Stay Connected",
      "column": "col1",
      "style": "light",
      "fb_id": "1708153456106457",
      "fb_secret": "ae408213fb9a2e29d3ad858e03ec5a75",
      "fb_key": "1708153456106457|LBeqPdQFTJXpeFL3sPex1LQBMVY",
      "gg_key": "AIzaSyCNRPgcByJDdhhZZRZ0AEyUnZ9lqmlBrvE",
      "bh_key": "",
      "twitch_key": "",
      "linkedin_id": "",
      "linkedin_secret": "",
      "linkedin_code": "",
      "linkedin_key": "",
      "vk_id": "",
      "rss_count": "",
      "account": "%5B%7B%22social_icon%22%3A%22facebook%22%2C%22social_url%22%3A%22jegtheme%22%7D%2C%7B%22social_icon%22%3A%22twitter%22%2C%22social_url%22%3A%22https%3A%2F%2Ftwitter.com%2Fjegtheme%22%7D%2C%7B%22social_icon%22%3A%22google-plus%22%2C%22social_url%22%3A%22https%3A%2F%2Fplus.google.com%2F%2Benvato%22%7D%2C%7B%22social_icon%22%3A%22instagram%22%2C%22social_url%22%3A%22https%3A%2F%2Fwww.instagram.com%2Fenvato%2F%22%7D%2C%7B%22social_icon%22%3A%22youtube%22%2C%22social_url%22%3A%22http%3A%2F%2Fwww.youtube.com%2Fuser%2FEnvato%22%7D%5D",
      "header_url": "",
      "header_background": "",
      "header_text_color": ""
    },
    "mc4wp_form_widget-8": {
      "title": "Newsletter",
      "header_url": "",
      "header_background": "",
      "header_text_color": ""
    },
    "jnews_module_element_ads-5": {
      "ads_type": "image",
      "ads_image": "{{image:ad_345x345:id}}",
      "ads_image_link": "#",
      "ads_image_alt": "Advertisement",
      "ads_image_new_tab": "1",
      "google_publisher_id": "",
      "google_slot_id": "",
      "google_desktop": "auto",
      "google_tab": "auto",
      "google_phone": "auto",
      "ads_code": "",
      "scheme": "normal",
      "column_width": "auto"
    }
  },
  "product-list": {
    "woocommerce_widget_cart-2": {
      "title": "Cart",
      "header_url": "",
      "header_background": "",
      "header_text_color": ""
    },
    "woocommerce_layered_nav_filters-2": {
      "title": "Active filters",
      "header_url": "",
      "header_background": "",
      "header_text_color": ""
    },
    "woocommerce_price_filter-2": {
      "title": "Filter by price",
      "header_url": "",
      "header_background": "",
      "header_text_color": ""
    },
    "woocommerce_product_categories-2": {
      "title": "Product categories",
      "orderby": "name",
      "count": "1",
      "hierarchical": "1",
      "header_url": "",
      "header_background": "",
      "header_text_color": ""
    }
  },
  "home-4": {
    "jnews_social_counter-3": {
      "title": "Stay Connected",
      "column": "col1",
      "style": "colored",
      "fb_id": "1708153456106457",
      "fb_secret": "ae408213fb9a2e29d3ad858e03ec5a75",
      "fb_key": "1708153456106457|LBeqPdQFTJXpeFL3sPex1LQBMVY",
      "gg_key": "AIzaSyCNRPgcByJDdhhZZRZ0AEyUnZ9lqmlBrvE",
      "bh_key": "",
      "twitch_key": "",
      "linkedin_id": "",
      "linkedin_secret": "",
      "linkedin_code": "",
      "linkedin_key": "",
      "vk_id": "",
      "rss_count": "",
      "account": "%5B%7B%22social_icon%22%3A%22facebook%22%2C%22social_url%22%3A%22jegtheme%22%7D%2C%7B%22social_icon%22%3A%22twitter%22%2C%22social_url%22%3A%22https%3A%2F%2Ftwitter.com%2Fjegtheme%22%7D%2C%7B%22social_icon%22%3A%22google-plus%22%2C%22social_url%22%3A%22https%3A%2F%2Fplus.google.com%2F%2Benvato%22%7D%2C%7B%22social_icon%22%3A%22instagram%22%2C%22social_url%22%3A%22https%3A%2F%2Fwww.instagram.com%2Fenvato%2F%22%7D%2C%7B%22social_icon%22%3A%22youtube%22%2C%22social_url%22%3A%22http%3A%2F%2Fwww.youtube.com%2Fuser%2FEnvato%22%7D%5D",
      "header_url": "",
      "header_background": "",
      "header_text_color": ""
    },
    "woocommerce_products-2": {
      "title": "Featured Products",
      "number": "3",
      "show": "",
      "orderby": "date",
      "order": "desc",
      "header_url": "",
      "header_background": "",
      "header_text_color": ""
    },
    "mc4wp_form_widget-9": {
      "title": "Newsletter",
      "header_url": "",
      "header_background": "",
      "header_text_color": ""
    },
    "jnews_module_element_ads-6": {
      "ads_type": "image",
      "ads_image": "{{image:ad_345x345:id}}",
      "ads_image_link": "#",
      "ads_image_alt": "Advertisement",
      "google_publisher_id": "",
      "google_slot_id": "",
      "google_desktop": "auto",
      "google_tab": "auto",
      "google_phone": "auto",
      "ads_code": "",
      "scheme": "normal",
      "column_width": "auto"
    }
  }
}