{
  "template": "jnews",
  "mods": {
    "0": false,
    "nav_menu_locations": {
      "mobile_navigation": "{{menu_location:main-navigation:id}}",
      "navigation": "{{menu_location:main-navigation:id}}"
    },
    "custom_css_post_id": -1,
    "jnews_body_font": {
      "font-family": "Roboto Condensed",
      "font-size": "16px",
      "variant": null,
      "line-height": "",
      "color": "",
      "show_variants": true,
      "show_subsets": true,
      "subsets": []
    },
    "jnews_header_font": {
      "font-family": "Roboto Condensed",
      "font-size": "13px",
      "variant": [
        "regular",
        "700"
      ],
      "line-height": "1.8em",
      "color": "",
      "show_variants": true,
      "show_subsets": true,
      "subsets": []
    },
    "jnews_main_menu_font": {
      "font-family": "Roboto Condensed",
      "font-size": "13px",
      "variant": [
        "regular",
        "700"
      ],
      "line-height": "1.8em",
      "color": "",
      "show_variants": true,
      "show_subsets": true,
      "subsets": []
    },
    "jnews_h1_font": {
      "font-family": "Roboto Condensed",
      "font-size": "48px",
      "variant": [
        "regular",
        "700"
      ],
      "line-height": "1.3em",
      "color": "",
      "show_variants": true,
      "show_subsets": true,
      "subsets": []
    },
    "jnews_block_heading_font": {
      "font-family": "Roboto Condensed",
      "font-size": "",
      "variant": [
        "regular",
        "700"
      ],
      "line-height": "",
      "color": "",
      "show_variants": true,
      "show_subsets": true,
      "subsets": []
    },
    "jnews_p_font": {
      "font-family": "Bitter",
      "font-size": "16px",
      "variant": [
        "regular",
        "italic",
        "700"
      ],
      "line-height": "1.7em",
      "color": "",
      "show_variants": true,
      "show_subsets": true,
      "subsets": []
    },
    "jnews_hb_display_desktop_mid_left": "normal",
    "jnews_hb_display_desktop_mid_right": "normal",
    "jnews_hb_element_desktop_top_left": [],
    "jnews_hb_element_desktop_top_right": [],
    "jnews_hb_element_desktop_mid_left": [],
    "jnews_hb_element_desktop_mid_right": [],
    "jnews_hb_element_desktop_bottom_left": [
      "logo"
    ],
    "jnews_hb_element_desktop_bottom_right": [
      "search_form"
    ],
    "jnews_header_width": "normal",
    "jnews_header_midbar_height": "60",
    "jnews_header_social_icon_text_color": "#333333",
    "jnews_header_logo_text_font": {
      "font-family": "",
      "font-size": "",
      "variant": "",
      "line-height": "",
      "letter-spacing": false,
      "color": "",
      "text-align": false,
      "text-transform": false,
      "show_variants": true,
      "show_subsets": true,
      "subsets": []
    },
    "jnews_sticky_logo_text_font": {
      "font-family": "",
      "font-size": "",
      "variant": "",
      "line-height": "",
      "letter-spacing": false,
      "color": "",
      "text-align": false,
      "text-transform": false,
      "show_variants": true,
      "show_subsets": true,
      "subsets": []
    },
    "jnews_mobile_logo_text_font": {
      "font-family": "",
      "font-size": "",
      "variant": "",
      "line-height": "",
      "letter-spacing": false,
      "color": "",
      "text-align": false,
      "text-transform": false,
      "show_variants": true,
      "show_subsets": true,
      "subsets": []
    },
    "jnews_hb_preset": "",
    "jnews_hb_element_desktop_mid_center": [],
    "jnews_hb_arrange_bar": [
      "top",
      "mid",
      "bottom"
    ],
    "jnews_hb_display_desktop_mid_center": "grow",
    "jnews_header_topbar_height": "20",
    "jnews_header_midbar_scheme": "dark",
    "jnews_header_midbar_background": "#1c1c1c",
    "jnews_header_logo": "{{image:logo:url:full}}",
    "jnews_header_menu_follow": "normal",
    "jnews_header_logo_retina": "{{image:logo2x:url:full}}",
    "jnews_sticky_menu_logo": "{{image:logo:url:full}}",
    "jnews_sticky_menu_logo_retina": "{{image:logo2x:url:full}}",
    "jnews_mobile_logo": "{{image:logo:url:full}}",
    "jnews_mobile_logo_retina": "{{image:logo2x:url:full}}",
    "jnews_header_menu_search_form_style": "square",
    "jnews_header_menu_search_form_width": "80",
    "jnews_header_menu_search_noexpand_input_background_color": "#1c1c1c",
    "jnews_header_menu_search_noexpand_input_border_color": "#adadad",
    "jnews_header_menu_search_noexpand_icon_color": "#adadad",
    "jnews_header_menu_search_noexpand_input_color": "#adadad",
    "jnews_header_menu_search_noexpand_input_placeholder_color": "#adadad",
    "jnews_header_menu_style": "jeg_menu_style_5",
    "jnews_additional_font": [],
    "jnews_override_container_width": false,
    "jnews_content_laptop": 1170,
    "jnews_accent_color": "#10506c",
    "jnews_alt_color": "#fbb731",
    "jnews_footer_style": "2",
    "jnews_footer_show_secondary": true,
    "jnews_footer_menu_position": "hide",
    "jnews_footer_social_position": "right",
    "jnews_footer_scheme": "dark",
    "jnews_footer_widget_title_color": "#fbb731",
    "jnews_footer_linkhover_color": "#fbb731",
    "jnews_single_blog_template": "2",
    "jnews_single_blog_layout": "right-sidebar",
    "jnews_single_show_popup_post": false,
    "jnews_single_show_author_box": false,
    "jnews_single_share_position": "topbottom",
    "jnews_single_share_float_style": "share-normal",
    "jnews_boxed_layout": false,
    "jnews_category_sticky_sidebar": false,
    "jnews_category_header": "2",
    "jnews_category_hero_show": false,
    "jnews_category_global_bg_color": "",
    "jnews_search_content": "5",
    "jnews_index_content": "5",
    "jnews_archive_content": "5",
    "jnews_author_content": "5",
    "jnews_author_content_pagination_align": "center",
    "jnews_author_content_pagination_show_navtext": true,
    "jnews_author_content_pagination_show_pageinfo": false,
    "jnews_index_content_pagination_show_navtext": true,
    "jnews_archive_content_pagination_show_navtext": true,
    "jnews_search_content_pagination_show_navtext": true,
    "jnews_social_icon": [
      {
        "social_icon": "facebook",
        "social_url": "https://www.facebook.com/jegtheme/"
      },
      {
        "social_icon": "twitter",
        "social_url": "https://twitter.com/jegtheme"
      },
      {
        "social_icon": "youtube",
        "social_url": "#"
      },
      {
        "social_icon": "vimeo",
        "social_url": "#"
      },
      {
        "social_icon": "googleplus",
        "social_url": "#"
      }
    ],
    "jnews_single_sidebar": "adsense",
    "jnews_header_menu_search_noexpand_result_text_color": "#1c1c1c",
    "jnews_hb_display_desktop_bottom_right": "grow",
    "jnews_hb_element_desktop_bottom_center": [
      "main_menu"
    ],
    "jnews_header_bottombar_height": "60",
    "jnews_header_bottombar_scheme": "jeg_navbar_dark",
    "jnews_header_bottombar_background_color": "#1c1c1c",
    "jnews_header_bottombar_border_bottom_height": "0",
    "jnews_header_menu_animation": "animateTransform",
    "jnews_header_menu_text_color": "#aaaaaa",
    "jnews_header_menu_hover_text_color": "#ffffff",
    "jnews_header_submenu_text_color": "#424242",
    "jnews_header_submenu_hover_text_color": "#1c1c1c"
  },
  "options": {
    "site_icon": "{{image:favicon:id}}",
    "show_on_front" : "page",
    "page_on_front" : "{{post:home-1:id}}",
    "nav_menus_created_posts": [],
    "amp_customizer[header_color]": "#fff",
    "amp_customizer[header_background_color]": "#0a89c0",
    "amp_customizer[color_scheme]": "light"
  },
  "wp_css": ""
}
