{
  "default-sidebar": {
    "media_video-2": {
      "attachment_id": "0",
      "url": "https://www.youtube.com/watch?v=5rwhxPlTOoU",
      "title": "YouTube @TopGear",
      "preload": "metadata",
      "loop": "",
      "content": "",
      "mp4": "",
      "m4v": "",
      "webm": "",
      "ogv": "",
      "flv": "",
      "second_title": "",
      "header_url": "",
      "header_type": "heading_8",
      "header_background": "",
      "header_text_color": ""
    },
    "jnews_module_block_22-2": {
      "first_title": "Test Drive",
      "second_title": "",
      "url": "",
      "header_type": "heading_8",
      "header_background": "",
      "header_secondary_background": "",
      "header_text_color": "",
      "header_line_color": "",
      "header_accent_color": "",
      "header_filter_category": "",
      "header_filter_author": "",
      "header_filter_tag": "",
      "header_filter_text": "All",
      "post_type": "post",
      "content_type": "all",
      "number_post": "4",
      "post_offset": "0",
      "unique_content": "disable",
      "include_post": "",
      "exclude_post": "",
      "include_category": "{{category:video:id}},{{category:review:id}}",
      "exclude_category": "",
      "include_author": "",
      "include_tag": "",
      "exclude_tag": "",
      "sort_by": "latest",
      "date_format": "default",
      "date_format_custom": "Y/m/d",
      "pagination_mode": "disable",
      "pagination_number_post": "3",
      "pagination_scroll_limit": "0",
      "scheme": "normal",
      "column_width": "auto",
      "title_color": "",
      "accent_color": "",
      "alt_color": "",
      "excerpt_color": ""
    },
    "tag_cloud-2": {
      "title": "Tags",
      "taxonomy": "post_tag",
      "second_title": "",
      "header_url": "",
      "header_type": "heading_8",
      "header_background": "",
      "header_text_color": ""
    },
    "archives-2": {
      "title": "",
      "dropdown": "on",
      "second_title": "",
      "header_url": "",
      "header_type": "heading_8",
      "header_background": "",
      "header_text_color": ""
    }
  },
  "footer-widget-1": {
    "mc4wp_form_widget-2": {
      "title": "Newsletter",
      "second_title": "",
      "header_url": "",
      "header_type": "heading_6",
      "header_background": "",
      "header_text_color": ""
    }
  },
  "footer-widget-2": {
    "categories-3": {
      "title": "Categories",
      "second_title": "",
      "header_url": "",
      "header_type": "heading_6",
      "header_background": "",
      "header_text_color": ""
    }
  },
  "footer-widget-3": {
    "meta-3": {
      "title": "Site Links",
      "second_title": "",
      "header_url": "",
      "header_type": "heading_6",
      "header_background": "",
      "header_text_color": ""
    }
  },
  "footer-widget-4": {
    "jnews_about-2": {
      "title": "About",
      "aboutimg": "",
      "aboutimgretina": "",
      "aboutname": "",
      "aboutoccupation": "",
      "aboutdesc": "We bring you the best Premium WordPress Themes that perfect for news, magazine, personal blog, etc. Check our landing page for details.",
      "signature": "",
      "signatureretina": "",
      "second_title": "",
      "header_url": "",
      "header_type": "heading_6",
      "header_background": "",
      "header_text_color": ""
    }
  },
  "adsense": {
    "jnews_module_element_ads-2": {
      "ads_type": "image",
      "ads_image": "{{image:ad_345x345:id}}",
      "ads_image_link": "#",
      "ads_image_alt": "",
      "google_publisher_id": "",
      "google_slot_id": "",
      "google_desktop": "auto",
      "google_tab": "auto",
      "google_phone": "auto",
      "content": "",
      "scheme": "normal",
      "column_width": "auto"
    },
    "media_video-4": {
      "attachment_id": "0",
      "url": "https://www.youtube.com/watch?v=jKKZisB4QLA",
      "title": "",
      "preload": "metadata",
      "loop": "",
      "content": "",
      "mp4": "",
      "m4v": "",
      "webm": "",
      "ogv": "",
      "flv": "",
      "second_title": "YouTube @TopGear",
      "header_url": "",
      "header_type": "heading_6",
      "header_background": "",
      "header_text_color": ""
    },
    "archives-3": {
      "title": "",
      "dropdown": "on",
      "second_title": "",
      "header_url": "",
      "header_type": "heading_8",
      "header_background": "",
      "header_text_color": ""
    },
    "jnews_module_block_22-3": {
      "first_title": "Test Drive",
      "second_title": "",
      "url": "",
      "header_type": "heading_8",
      "header_background": "",
      "header_secondary_background": "",
      "header_text_color": "",
      "header_line_color": "",
      "header_accent_color": "",
      "header_filter_category": "",
      "header_filter_author": "",
      "header_filter_tag": "",
      "header_filter_text": "All",
      "post_type": "post",
      "content_type": "post",
      "number_post": "4",
      "post_offset": "0",
      "unique_content": "disable",
      "include_post": "",
      "exclude_post": "",
      "include_category": "{{category:test-drive:id}}",
      "exclude_category": "",
      "include_author": "",
      "include_tag": "",
      "exclude_tag": "",
      "sort_by": "latest",
      "date_format": "default",
      "date_format_custom": "Y/m/d",
      "pagination_mode": "disable",
      "pagination_number_post": "3",
      "pagination_scroll_limit": "0",
      "scheme": "normal",
      "column_width": "auto",
      "title_color": "",
      "accent_color": "",
      "alt_color": "",
      "excerpt_color": ""
    }
  }
}