{
  "default-sidebar": {
    "jnews_module_element_ads-4": {
      "ads_type": "image",
      "ads_image": "{{image:ad_300x600:id}}",
      "ads_image_link": "http://bit.ly/jnewsio",
      "ads_image_alt": "",
      "ads_image_new_tab": "1",
      "google_publisher_id": "",
      "google_slot_id": "",
      "google_desktop": "auto",
      "google_tab": "auto",
      "google_phone": "auto",
      "ads_code": "",
      "scheme": "normal",
      "column_width": "auto"
    },
    "jnews_module_block_21-3": {
      "first_title": "Recommended",
      "second_title": "",
      "url": "",
      "header_type": "heading_8",
      "header_background": "",
      "header_text_color": "",
      "header_filter_category": "",
      "header_filter_author": "",
      "header_filter_tag": "",
      "header_filter_text": "",
      "post_type": "post",
      "content_type": "all",
      "number_post": "2",
      "post_offset": "",
      "unique_content": "disable",
      "include_post": "",
      "exclude_post": "",
      "include_category": "",
      "exclude_category": "",
      "include_author": "",
      "include_tag": "",
      "exclude_tag": "",
      "sort_by": "random",
      "date_format": "ago",
      "date_format_custom": "",
      "pagination_mode": "disable",
      "pagination_number_post": "1",
      "pagination_scroll_limit": "",
      "scheme": "normal",
      "column_width": "auto"
    },
    "jnews_popular-4": {
      "title": "Popular News",
      "limit": "5",
      "order_by": "comments",
      "range": "daily",
      "second_title": "",
      "header_url": "",
      "header_type": "heading_8",
      "header_background": "",
      "header_text_color": ""
    },
    "jnews_facebook_page-2": {
      "title": "Connect with us",
      "url": "http://facebook.com/jegtheme",
      "appid": "1708153456106457",
      "tabs": "false",
      "height": "",
      "cover": "false",
      "photo": "true",
      "second_title": "",
      "header_url": "",
      "header_type": "heading_8",
      "header_background": "",
      "header_text_color": ""
    }
  },
  "footer-widget-1": {
    "jnews_about-3": {
      "title": "Newsletter",
      "aboutimg": "",
      "aboutimgretina": "",
      "aboutname": "",
      "aboutoccupation": "",
      "aboutdesc": "Lorem ipsum dolor sit amet, consectetuer adipiscing elit. Aenean commodo ligula eget dolor.<br/><a class=\"btn btn-default\" href=\"#\">SUBSCRIBE</a>",
      "signature": "",
      "signatureretina": "",
      "second_title": "",
      "header_url": "",
      "header_background": "",
      "header_text_color": ""
    }
  },
  "footer-widget-2": {
    "categories-3": {
      "title": "Category",
      "second_title": "",
      "header_url": "",
      "header_background": "",
      "header_text_color": ""
    }
  },
  "footer-widget-3": {
    "meta-3": {
      "title": "Site Links",
      "second_title": "",
      "header_url": "",
      "header_background": "",
      "header_text_color": ""
    }
  },
  "footer-widget-4": {
    "jnews_about-2": {
      "title": "About Us",
      "aboutimg": "",
      "aboutimgretina": "",
      "aboutname": "",
      "aboutoccupation": "",
      "aboutdesc": "We bring you the best Premium WordPress Themes that perfect for news, magazine, personal blog, etc. Check our landing page for details.",
      "signature": "",
      "signatureretina": "",
      "second_title": "",
      "header_url": "",
      "header_background": "",
      "header_text_color": ""
    }
  },
  "home-3-loop": {
    "jnews_social_counter-2": {
      "title": "Follow Us",
      "column": "col3",
      "style": "light",
      "newtab": "1",
      "fb_id": "1708153456106457",
      "fb_secret": "ae408213fb9a2e29d3ad858e03ec5a75",
      "fb_key": "1708153456106457|LBeqPdQFTJXpeFL3sPex1LQBMVY",
      "gg_key": "AIzaSyCNRPgcByJDdhhZZRZ0AEyUnZ9lqmlBrvE",
      "bh_key": "t2wwIJCdYCWCdAdPHwef3hGvcx8ztA8o",
      "twitch_key": "",
      "linkedin_id": "",
      "linkedin_secret": "",
      "linkedin_code": "",
      "linkedin_key": "",
      "vk_id": "",
      "rss_count": "",
      "account": "%5B%7B%22social_icon%22%3A%22facebook%22%2C%22social_url%22%3A%22jegtheme%22%7D%2C%7B%22social_icon%22%3A%22twitter%22%2C%22social_url%22%3A%22https%3A%2F%2Ftwitter.com%2Fjegtheme%22%7D%2C%7B%22social_icon%22%3A%22google-plus%22%2C%22social_url%22%3A%22https%3A%2F%2Fplus.google.com%2F%2Benvato%22%7D%2C%7B%22social_icon%22%3A%22behance%22%2C%22social_url%22%3A%22https%3A%2F%2Fwww.behance.net%2Fjegtheme%22%7D%2C%7B%22social_icon%22%3A%22instagram%22%2C%22social_url%22%3A%22https%3A%2F%2Fwww.instagram.com%2Fenvato%2F%22%7D%2C%7B%22social_icon%22%3A%22youtube%22%2C%22social_url%22%3A%22http%3A%2F%2Fwww.youtube.com%2Fuser%2FEnvato%22%7D%5D",
      "second_title": "",
      "header_url": "",
      "header_type": "heading_5",
      "header_background": "",
      "header_text_color": ""
    },
    "jnews_module_block_9-2": {
      "first_title": "Business",
      "second_title": "",
      "url": "",
      "header_type": "heading_5",
      "header_background": "",
      "header_text_color": "",
      "header_filter_category": "",
      "header_filter_author": "",
      "header_filter_tag": "",
      "header_filter_text": "",
      "post_type": "post",
      "content_type": "all",
      "number_post": "3",
      "post_offset": "",
      "unique_content": "disable",
      "include_post": "",
      "exclude_post": "",
      "include_category": "{{category:business:id}}",
      "exclude_category": "",
      "include_author": "",
      "include_tag": "",
      "exclude_tag": "",
      "sort_by": "latest",
      "date_format": "ago",
      "date_format_custom": "",
      "pagination_mode": "disable",
      "pagination_number_post": "16",
      "pagination_scroll_limit": "",
      "scheme": "normal",
      "column_width": "auto"
    },
    "jnews_module_block_9-3": {
      "first_title": "Entertainment",
      "second_title": "",
      "url": "",
      "header_type": "heading_5",
      "header_background": "",
      "header_text_color": "",
      "header_filter_category": "",
      "header_filter_author": "",
      "header_filter_tag": "",
      "header_filter_text": "",
      "post_type": "post",
      "content_type": "all",
      "number_post": "3",
      "post_offset": "",
      "unique_content": "disable",
      "include_post": "",
      "exclude_post": "",
      "include_category": "{{category:entertainment:id}}",
      "exclude_category": "",
      "include_author": "",
      "include_tag": "",
      "exclude_tag": "",
      "sort_by": "latest",
      "date_format": "ago",
      "date_format_custom": "",
      "pagination_mode": "disable",
      "pagination_number_post": "16",
      "pagination_scroll_limit": "",
      "scheme": "normal",
      "column_width": "auto"
    }
  },
  "home-3": {
    "jnews_popular-5": {
      "title": "Popular News",
      "limit": "5",
      "order_by": "comments",
      "range": "daily",
      "second_title": "",
      "header_url": "",
      "header_type": "heading_5",
      "header_background": "",
      "header_text_color": ""
    },
    "jnews_tab_post-2": {
      "title": "",
      "limit": "4",
      "range": "all",
      "second_title": "",
      "header_url": "",
      "header_type": "heading_5",
      "header_background": "",
      "header_text_color": ""
    }
  },
  "home-5": {
    "jnews_tab_post-3": {
      "header_background": "",
      "header_text_color": "",
      "header_type": "heading_6",
      "header_url": "",
      "limit": "4",
      "range": "all",
      "title": ""
    },
    "jnews_popular-2": {
      "header_background": "",
      "header_text_color": "",
      "header_type": "heading_6",
      "header_url": "",
      "limit": "5",
      "order_by": "views",
      "range": "all",
      "title": "Popular Stories"
    }
  },
  "home-5-loop": {
    "jnews_social_counter-3": {
      "title": "Follow Us",
      "column": "col3",
      "style": "light",
      "fb_id": "1708153456106457",
      "fb_secret": "ae408213fb9a2e29d3ad858e03ec5a75",
      "fb_key": "1708153456106457|LBeqPdQFTJXpeFL3sPex1LQBMVY",
      "gg_key": "AIzaSyCNRPgcByJDdhhZZRZ0AEyUnZ9lqmlBrvE",
      "bh_key": "t2wwIJCdYCWCdAdPHwef3hGvcx8ztA8o",
      "twitch_key": "",
      "linkedin_id": "",
      "linkedin_secret": "",
      "linkedin_code": "",
      "linkedin_key": "",
      "vk_id": "",
      "rss_count": "",
      "account": "%5B%7B%22social_icon%22%3A%22facebook%22%2C%22social_url%22%3A%22jegtheme%22%7D%2C%7B%22social_icon%22%3A%22twitter%22%2C%22social_url%22%3A%22https%3A%2F%2Ftwitter.com%2Fjegtheme%22%7D%2C%7B%22social_icon%22%3A%22google-plus%22%2C%22social_url%22%3A%22https%3A%2F%2Fplus.google.com%2F%2Benvato%22%7D%2C%7B%22social_icon%22%3A%22behance%22%2C%22social_url%22%3A%22https%3A%2F%2Fwww.behance.net%2Fjegtheme%22%7D%2C%7B%22social_icon%22%3A%22instagram%22%2C%22social_url%22%3A%22https%3A%2F%2Fwww.instagram.com%2Fenvato%2F%22%7D%2C%7B%22social_icon%22%3A%22dribbble%22%2C%22social_url%22%3A%22https%3A%2F%2Fdribbble.com%2Fenvato%22%7D%2C%7B%22social_icon%22%3A%22youtube%22%2C%22social_url%22%3A%22http%3A%2F%2Fwww.youtube.com%2Fuser%2FEnvato%22%7D%2C%7B%22social_icon%22%3A%22flickr%22%2C%22social_url%22%3A%22https%3A%2F%2Fwww.flickr.com%2Fphotos%2Fwe-are-envato%2F%22%7D%2C%7B%22social_icon%22%3A%22soundcloud%22%2C%22social_url%22%3A%22https%3A%2F%2Fsoundcloud.com%2Fdialogdinihari%22%7D%5D",
      "second_title": "",
      "header_url": "",
      "header_type": "heading_6",
      "header_background": "",
      "header_text_color": ""
    },
    "jnews_module_block_21-2": {
      "column_width": "auto",
      "date_format": "default",
      "date_format_custom": "Y/m/d",
      "exclude_category": "",
      "exclude_post": "",
      "exclude_tag": "",
      "first_title": "Recommended",
      "header_background": "",
      "header_filter_author": "",
      "header_filter_category": "",
      "header_filter_tag": "",
      "header_filter_text": "All",
      "header_text_color": "",
      "header_type": "heading_6",
      "include_author": "",
      "include_category": "",
      "include_post": "",
      "include_tag": "",
      "number_post": "3",
      "pagination_mode": "disable",
      "pagination_number_post": "6",
      "pagination_scroll_limit": "0",
      "post_offset": "0",
      "post_type": "post",
      "second_title": "",
      "sort_by": "random",
      "unique_content": "unique5",
      "url": ""
    },
    "jnews_module_element_ads-3": {
      "ads_code": "",
      "ads_image": "{{image:ad_300x250:id}}",
      "ads_image_alt": "",
      "ads_image_link": "http://bit.ly/jnewsio",
      "ads_image_new_tab": "1",
      "ads_type": "image",
      "column_width": "auto",
      "google_desktop": "auto",
      "google_phone": "auto",
      "google_publisher_id": "",
      "google_slot_id": "",
      "google_tab": "auto"
    },
    "jnews_module_block_9-1": {
      "column_width": "auto",
      "date_format": "default",
      "date_format_custom": "Y/m/d",
      "exclude_category": "",
      "exclude_post": "",
      "exclude_tag": "",
      "first_title": "Most Popular",
      "header_background": "",
      "header_filter_author": "",
      "header_filter_category": "",
      "header_filter_tag": "",
      "header_filter_text": "All",
      "header_text_color": "",
      "header_type": "heading_6",
      "include_author": "",
      "include_category": "",
      "include_post": "",
      "include_tag": "",
      "number_post": "3",
      "pagination_mode": "disable",
      "pagination_number_post": "4",
      "pagination_scroll_limit": "0",
      "post_offset": "0",
      "post_type": "post",
      "second_title": "",
      "sort_by": "latest",
      "unique_content": "unique5",
      "url": ""
    }
  },
  "author": {
    "jnews_social_counter-1": {
      "account": "%5B%7B%22social_icon%22%3A%22facebook%22%2C%22social_url%22%3A%22jegtheme%22%7D%2C%7B%22social_icon%22%3A%22twitter%22%2C%22social_url%22%3A%22https%3A%2F%2Ftwitter.com%2Fjegtheme%22%7D%2C%7B%22social_icon%22%3A%22google-plus%22%2C%22social_url%22%3A%22https%3A%2F%2Fplus.google.com%2F%2Benvato%22%7D%2C%7B%22social_icon%22%3A%22behance%22%2C%22social_url%22%3A%22https%3A%2F%2Fwww.behance.net%2Fjegtheme%22%7D%2C%7B%22social_icon%22%3A%22instagram%22%2C%22social_url%22%3A%22https%3A%2F%2Fwww.instagram.com%2Fenvato%2F%22%7D%2C%7B%22social_icon%22%3A%22dribbble%22%2C%22social_url%22%3A%22https%3A%2F%2Fdribbble.com%2Fenvato%22%7D%2C%7B%22social_icon%22%3A%22youtube%22%2C%22social_url%22%3A%22http%3A%2F%2Fwww.youtube.com%2Fuser%2FEnvato%22%7D%2C%7B%22social_icon%22%3A%22soundcloud%22%2C%22social_url%22%3A%22https%3A%2F%2Fsoundcloud.com%2Fdialogdinihari%22%7D%5D",
      "bh_key": "t2wwIJCdYCWCdAdPHwef3hGvcx8ztA8o",
      "column": "col1",
      "fb_id": "1708153456106457",
      "fb_key": "1708153456106457|LBeqPdQFTJXpeFL3sPex1LQBMVY",
      "fb_secret": "ae408213fb9a2e29d3ad858e03ec5a75",
      "gg_key": "AIzaSyCNRPgcByJDdhhZZRZ0AEyUnZ9lqmlBrvE",
      "header_background": "",
      "header_text_color": "",
      "header_type": "heading_6",
      "header_url": "",
      "linkedin_code": "",
      "linkedin_id": "",
      "linkedin_key": "",
      "linkedin_secret": "",
      "rss_count": "",
      "style": "light",
      "title": "Follow Me",
      "twitch_key": "",
      "vk_id": ""
    },
    "jnews_instagram-1": {
      "button": "",
      "column": "3",
      "header_background": "",
      "header_text_color": "",
      "header_type": "heading_6",
      "header_url": "",
      "hover": "like",
      "newtab": "1",
      "row": "3",
      "sort": "most_recent",
      "title": "Instagram Photos",
      "username": "natgeo"
    }
  },
  "home-1": {
    "jnews_popular-3": {
      "title": "Popular News",
      "limit": "5",
      "order_by": "comments",
      "range": "monthly",
      "second_title": "",
      "header_url": "",
      "header_type": "heading_8",
      "header_background": "",
      "header_text_color": ""
    }
  },
  "home-2": {
    "jnews_tab_post-4": {
      "title": "",
      "limit": "3",
      "range": "all",
      "second_title": "",
      "header_url": "",
      "header_type": "heading_6",
      "header_background": "",
      "header_text_color": ""
    }
  }
}