{
  "template": "jnews",
  "mods": {
    "nav_menu_locations":{
      "navigation": "{{menu_location:main-navigation:id}}",
      "top_navigation": "{{menu_location:footer-navigation:id}}",
      "footer_navigation":"{{menu_location:footer-navigation:id}}",
      "mobile_navigation": "{{menu_location:mobile-navigation:id}}"
    },
    "jnews_social_icon":[
      {
        "social_icon":"facebook",
        "social_url":"http:\/\/facebook.com"
      },
      {
        "social_icon":"twitter",
        "social_url":"http:\/\/twitter.com"
      },
      {
        "social_icon":"youtube",
        "social_url":"#"
      },
      {
        "social_icon":"vimeo",
        "social_url":"#"
      },
      {
        "social_icon":"instagram",
        "social_url":"#"
      }
    ],
    "custom_css_post_id":-1,
    "jnews_hb_element_desktop_top_left":[

    ],
    "jnews_hb_element_desktop_top_right":[

    ],
    "jnews_hb_element_desktop_mid_right":[

    ],
    "jnews_hb_display_desktop_mid_left":"grow",
    "jnews_hb_element_desktop_mid_left":[

    ],
    "jnews_hb_element_desktop_mid_center":[
      "logo"
    ],
    "jnews_header_midbar_background_image": "{{image:header_bg:url:full}}",
    "jnews_header_midbar_background_repeat":"no-repeat",
    "jnews_header_midbar_background_position":"center top",
    "jnews_header_midbar_background_fixed":"scroll",
    "jnews_header_midbar_background_size":"cover",
    "jnews_header_bottombar_scheme":"jeg_navbar_dark",
    "jnews_header_menu_style":"jeg_menu_style_5",
    "jnews_hb_element_desktop_bottom_right":[
      "social_icon"
    ],
    "jnews_header_topbar_text_color":"#888888",
    "jnews_header_social_icon_text_color":"#ffffff",
    "jnews_header_search_icon_color":"",
    "jnews_header_midbar_height":"160",
    "jnews_header_bottombar_height":"60",
    "jnews_header_logo": "{{image:logo:url:full}}",
    "jnews_header_logo_retina": "{{image:logo2x:url:full}}",
    "jnews_body_color":"#2b2b2b",
    "jnews_accent_color":"#000000",
    "jnews_heading_color":"#000000",
    "jnews_alt_color":"#999999",
    "jnews_body_font":{
      "font-family":"Lato",
      "font-size":"",
      "variant":[
        "regular",
        "italic",
        "700",
        "700italic"
      ],
      "line-height":"",
      "color":"",
      "show_variants":true,
      "show_subsets":true,
      "subsets":[

      ]
    },
    "jnews_h1_font":{
      "font-family":"Woodford Bourne",
      "font-size":"",
      "variant":[
        "regular",
        "700"
      ],
      "line-height":"",
      "color":"",
      "show_variants":true,
      "show_subsets":true,
      "subsets":[

      ]
    },
    "jnews_header_bottombar_border_bottom_height":"0",
    "jnews_header_midbar_border_bottom_color":"",
    "jnews_header_bottombar_background_color":"#000000",
    "jnews_hb_display_desktop_bottom_right":"grow",
    "jnews_hb_element_desktop_bottom_left":[
      "nav_icon",
      "search_icon"
    ],
    "jnews_hb_element_desktop_bottom_center":[
      "main_menu"
    ],
    "jnews_header_width":"normal",
    "jnews_header_topbar_side_border":"",
    "jnews_header_bottombar_border_color":"",
    "jnews_header_social_icon":"nobg",
    "jnews_p_font":{
      "font-family":"PT Serif",
      "font-size":"",
      "variant":[
        "regular",
        "italic",
        "700",
        "700italic"
      ],
      "line-height":"",
      "color":"",
      "show_variants":true,
      "show_subsets":true,
      "subsets":[

      ]
    },
    "jnews_additional_font":[
      {
        "font_name":"Woodford Bourne",
        "font_weight":"400",
        "font_style":"regular"
      },
      {
        "font_name":"Woodford Bourne",
        "font_weight":"600",
        "font_style":"regular"
      }
    ],
    "jnews_block_heading_font":{
      "font-family":"Woodford Bourne",
      "font-size":"",
      "variant":[

      ],
      "line-height":"",
      "color":"",
      "show_variants":true,
      "show_subsets":true,
      "subsets":[

      ]
    },
    "jnews_main_menu_font":{
      "font-family":"Woodford Bourne",
      "font-size":"",
      "variant":[
        "600"
      ],
      "line-height":"",
      "color":"",
      "show_variants":true,
      "show_subsets":true,
      "subsets":[

      ]
    },
    "jnews_footer_bg_color":"#000000",
    "jnews_footer_widget_title_color":"#ffffff",
    "jnews_footer_menu_position":"right",
    "jnews_footer_social_position":"hide",
    "jnews_footer_link_color":"#ffffff",
    "jnews_footer_linkhover_color":"#888888",
    "jnews_single_blog_template":"10",
    "jnews_single_blog_layout":"no-sidebar-narrow",
    "jnews_single_share_position":"bottom",
    "jnews_single_share_float_style":"share-monocrhome",
    "jnews_single_show_tag":true,
    "jnews_single_show_prev_next_post":false,
    "jnews_single_post_related_header":"heading_5",
    "jnews_single_post_pagination_related":"disable",
    "jnews_single_post_related_template":"25",
    "jnews_single_post_related_excerpt":"36",
    "jnews_footer_style":"5",
    "jnews_footer_scheme":"dark",
    "jnews_footer_show_social":true,
    "jnews_footer_show_secondary":true,
    "jnews_single_show_post_author_image":true,
    "jnews_single_show_category":false,
    "jnews_single_show_post_date":true,
    "jnews_category_hero":"13",
    "jnews_category_header":"2",
    "jnews_category_hero_style":"jeg_hero_style_7",
    "jnews_category_content":"10",
    "jnews_hb_element_mobile_drawer_top_center":[
      "search_form",
      "mobile_menu"
    ],
    "jnews_header_mobile_drawer_scheme":"dark",
    "jnews_header_mobile_drawer_background_color":"",
    "jnews_header_drawer_social_icon_text_color":"#ffffff",
    "jnews_header_mobile_drawer_overlay_color":"rgba(0,0,0,0.7)",
    "jnews_header_mobile_drawer_background_image": "{{image:menubg:url:full}}",
    "jnews_header_mobile_drawer_background_repeat":"no-repeat",
    "jnews_header_mobile_drawer_background_fixed":"scroll",
    "jnews_header_mobile_drawer_background_size":"cover",
    "jnews_header_midbar_background":"#000000",
    "jnews_header_stickybar_scheme":"jeg_navbar_dark",
    "jnews_hb_display_desktop_sticky_mid_left":"grow",
    "jnews_hb_display_desktop_sticky_mid_right":"grow",
    "jnews_hb_element_desktop_sticky_mid_left":[
      "nav_icon",
      "search_icon"
    ],
    "jnews_hb_element_desktop_sticky_mid_center":[
      "main_menu"
    ],
    "jnews_header_stickybar_background_color":"#000000",
    "jnews_header_stickybar_border_bottom_height":"0",
    "jnews_hb_element_desktop_sticky_mid_right":[
      "social_icon"
    ],
    "jnews_header_sticky_width":"full",
    "jnews_header_menu_hover_line_color":"",
    "jnews_header_menu_hover_background_color":"",
    "jnews_header_menu_hover_text_color":"#888888",
    "jnews_header_submenu_icon_color":"",
    "jnews_header_submenu_background":"#000000",
    "jnews_header_submenu_border_color":"#000000",
    "jnews_header_submenu_text_color":"#999999",
    "jnews_header_submenu_hover_background_color":"#000000",
    "jnews_header_submenu_hover_text_color":"#f5f5f5",
    "jnews_header_mega_menu_subcat_newsfeed_bg_color":"#000000",
    "jnews_header_mega_menu_newsfeed_bg_color":"#121212",
    "jnews_header_mega_menu_newsfeed_text_color":"#f5f5f5",
    "jnews_header_mega_menu_newsfeed_tags_heading_color":"#ffffff",
    "jnews_header_mega_menu_newsfeed_tags_list_color":"#999999",
    "jnews_header_mega_menu_newsfeed_tags_border_color":"#000000",
    "jnews_header_mega_menu_newsfeed_arrow_color":"#999999",
    "jnews_header_mega_menu_newsfeed_arrow_bg_color":"#222222",
    "jnews_header_mega_menu_newsfeed_arrow_border_color":"#000000",
    "jnews_header_mega_menu_newsfeed_arrow_hover_color":"#ffffff",
    "jnews_header_mega_menu_newsfeed_arrow_hover_bg_color":"#000000",
    "jnews_header_mega_menu_newsfeed_arrow_disabled_color":"#555555",
    "jnews_header_mega_menu_newsfeed_arrow_disabled_bg_color":"#121212",
    "jnews_archive_content":"10",
    "jnews_archive_sidebar":"default-sidebar",
    "jnews_hb_element_mobile_drawer_bottom_center":[
      "social_icon",
      "footer_copyright"
    ],
    "jnews_header_menu_search_form_style":"round",
    "jnews_header_mobile_midbar_background_color":"#aa8f6d",
    "jnews_sticky_menu_logo": "{{image:logo:url:full}}",
    "jnews_sticky_menu_logo_retina": "{{image:logo2x:url:full}}",
    "jnews_mobile_logo": "{{image:mobile:url:full}}",
    "jnews_mobile_logo_retina": "{{image:mobile2x:url:full}}",
    "jnews_hb_display_mobile_mid_center":"grow",
    "jnews_hb_display_mobile_mid_right":"normal",
    "jnews_hb_element_mobile_mid_left":[
      "logo"
    ],
    "jnews_hb_element_mobile_mid_center":[

    ],
    "jnews_hb_element_mobile_mid_right":[
      "nav_icon",
      "search_icon"
    ],
    "jnews_ads_mobile_sticky_enable":false,
    "jnews_ads_mobile_sticky_type":"image",
    "jnews_page_level_ads_enable":false,
    "jnews_header_mega_menu_newsfeed_overlay_bg_color":"#000000",
    "jnews_search_content":"5",
    "jnews_search_show_sidebar":false,
    "jnews_search_content_excerpt":"40",
    "jnews_author_content":"10",
    "jnews_author_sidebar":"author",
    "jnews_author_content_excerpt":"38",
    "jnews_search_content_pagination":"nav_2",
    "jnews_author_content_pagination":"nav_2",
    "jnews_archive_content_pagination":"nav_2",
    "jnews_404_content":"25",
    "jnews_ads_content_bottom_enable":true,
    "jnews_ads_content_bottom_type":"image",
    "jnews_ads_content_bottom_image": "{{image:ad_728x90:url:full}}",
    "jnews_single_show_author_box":true,
    "jnews_single_blog_enable_fullscreen":false,
    "jnews_header_search_mobile_popup_icon_color":"#515151",
    "jnews_header_search_mobile_input_color":"#070707",
    "jnews_mobile_browser_color":"#d3c29e",
    "jnews_ads_header_text":"Advertisement Banner",
    "jnews_ads_content_bottom_link":"#",
    "jnews_ads_content_bottom_text":"Advertisement Banner"
  },
  "options": {
    "site_icon": "{{image:favicon:id}}",
    "show_on_front": "page",
    "page_on_front": "{{post:home-1:id}}",
    "nav_menus_created_posts": [],
    "jnews_option[preview_slider_toggle]": false,
    "jnews_option[preview_slider_desc]": false,
    "jnews_option[preview_slider_ads]": false,
    "jnews_option[preview_slider_loader]": "dot",
    "jnews_option[ads_preview_slider_type]": "googleads",
    "jnews_option[ads_preview_slider_image]": "",
    "jnews_option[ads_preview_slider_link]": "",
    "jnews_option[ads_preview_slider_text]": "",
    "jnews_option[ads_preview_slider_google_publisher]": "",
    "jnews_option[ads_preview_slider_google_id]": "",
    "jnews_option[ads_preview_slider_google_desktop]": "auto",
    "jnews_option[ads_preview_slider_code]": "",
    "jnews_option[ads_preview_slider_shortcode]": "",
    "jnews_option[instagram_feed_enable]": "hide",
    "jnews_option[footer_instagram_username]": "greenandmustard",
    "jnews_option[footer_instagram_row]": "1",
    "jnews_option[footer_instagram_column]": "10",
    "jnews_option[footer_instagram_sort_type]": "most_recent",
    "jnews_option[footer_instagram_hover_style]": "zoom",
    "jnews_option[footer_instagram_follow_button]": "FOLLOW ON INSTAGRAM",
    "jnews_option[footer_instagram_newtab]": true,
    "jnews_option[single_view_option]": "jnews",
    "jnews_option[single_social_share_main]": [
      {
        "social_share": "facebook",
        "social_text": "Share on Facebook"
      },
      {
        "social_share": "twitter",
        "social_text": "Share on Twitter"
      },
      {
        "social_share": "googleplus",
        "social_text": ""
      }
    ],
    "jnews_option[single_social_share_secondary]": [
      {
        "social_share": "linkedin"
      },
      {
        "social_share": "pinterest"
      }
    ],
    "jnews_option[single_social_share_threshold]": "0",
    "jnews_option[single_social_share_via_twitter]": "jegtheme",
    "jnews_option[single_view_initial_value]": "3520",
    "jnews_option[single_social_share_view_percentage]": "21",
    "jnews_option[single_like_view_percentage]": "14"
  }
}