{
  "default-sidebar": {
    "search-6": {
      "title": "Find an Ideas",
      "second_title": "",
      "header_url": "",
      "header_type": "heading_9",
      "header_background": "",
      "header_text_color": ""
    },
    "jnews_module_element_ads-3": {
      "ads_type": "image",
      "ads_image": "{{image:ad_300x600:id}}",
      "ads_image_link": "#",
      "ads_image_alt": "",
      "google_publisher_id": "",
      "google_slot_id": "",
      "google_desktop": "auto",
      "google_tab": "auto",
      "google_phone": "auto",
      "ads_code": "",
      "scheme": "normal",
      "column_width": "auto"
    },
    "categories-8": {
      "title": "Category",
      "count": "on",
      "second_title": "",
      "header_url": "",
      "header_type": "heading_9",
      "header_background": "",
      "header_text_color": ""
    },
    "jnews_instagram-6": {
      "title": "Instagram",
      "username": "greenandmustard",
      "column": "2",
      "row": "3",
      "hover": "like",
      "sort": "most_recent",
      "button": "",
      "newtab": "1",
      "second_title": "",
      "header_url": "",
      "header_type": "heading_9",
      "header_background": "",
      "header_text_color": ""
    }
  },
  "footer-widget-1": {
    "nav_menu-2": {
      "title": "Navigate",
      "nav_menu": "{{menu_location:footer-navigation:id}}",
      "header_url": "",
      "header_background": "",
      "header_text_color": ""
    }
  },
  "footer-widget-2": {
    "tag_cloud-2": {
      "title": "Tags",
      "taxonomy": "post_tag",
      "second_title": "",
      "header_url": "",
      "header_type": "heading_6",
      "header_background": "",
      "header_text_color": ""
    }
  },
  "footer-widget-3": {
    "categories-5": {
      "title": "Category",
      "second_title": "",
      "header_url": "",
      "header_type": "heading_6",
      "header_background": "",
      "header_text_color": ""
    }
  },
  "home": {
    "search-5": {
      "title": "Find an Ideas",
      "second_title": "",
      "header_url": "",
      "header_type": "heading_9",
      "header_background": "",
      "header_text_color": ""
    },
    "jnews_module_element_ads-2": {
      "ads_type": "image",
      "ads_image": "{{image:ad_300x250:id}}",
      "ads_image_link": "#",
      "ads_image_alt": "",
      "google_publisher_id": "",
      "google_slot_id": "",
      "google_desktop": "auto",
      "google_tab": "auto",
      "google_phone": "auto",
      "ads_code": "",
      "scheme": "normal",
      "column_width": "auto"
    },
    "categories-9": {
      "title": "Category",
      "count": "on",
      "second_title": "",
      "header_url": "",
      "header_type": "heading_9",
      "header_background": "",
      "header_text_color": ""
    },
    "jnews_instagram-3": {
      "title": "Instagram",
      "username": "greenandmustard",
      "column": "2",
      "row": "3",
      "hover": "like",
      "sort": "most_recent",
      "button": "",
      "newtab": "1",
      "second_title": "",
      "header_url": "",
      "header_type": "heading_9",
      "header_background": "",
      "header_text_color": ""
    }
  },
  "author": {
    "jnews_social_counter-2": {
      "account": "%5B%7B%22social_icon%22%3A%22facebook%22%2C%22social_url%22%3A%22jegtheme%22%7D%2C%7B%22social_icon%22%3A%22twitter%22%2C%22social_url%22%3A%22https%3A%2F%2Ftwitter.com%2Fjegtheme%22%7D%2C%7B%22social_icon%22%3A%22google-plus%22%2C%22social_url%22%3A%22https%3A%2F%2Fplus.google.com%2F%2Benvato%22%7D%2C%7B%22social_icon%22%3A%22behance%22%2C%22social_url%22%3A%22https%3A%2F%2Fwww.behance.net%2Fjegtheme%22%7D%2C%7B%22social_icon%22%3A%22instagram%22%2C%22social_url%22%3A%22https%3A%2F%2Fwww.instagram.com%2Fenvato%2F%22%7D%2C%7B%22social_icon%22%3A%22dribbble%22%2C%22social_url%22%3A%22https%3A%2F%2Fdribbble.com%2Fenvato%22%7D%2C%7B%22social_icon%22%3A%22youtube%22%2C%22social_url%22%3A%22http%3A%2F%2Fwww.youtube.com%2Fuser%2FEnvato%22%7D%2C%7B%22social_icon%22%3A%22soundcloud%22%2C%22social_url%22%3A%22https%3A%2F%2Fsoundcloud.com%2Fdialogdinihari%22%7D%5D",
      "bh_key": "t2wwIJCdYCWCdAdPHwef3hGvcx8ztA8o",
      "column": "col1",
      "fb_id": "1708153456106457",
      "fb_key": "1708153456106457|LBeqPdQFTJXpeFL3sPex1LQBMVY",
      "fb_secret": "ae408213fb9a2e29d3ad858e03ec5a75",
      "gg_key": "AIzaSyCNRPgcByJDdhhZZRZ0AEyUnZ9lqmlBrvE",
      "header_background": "",
      "header_text_color": "",
      "header_type": "heading_6",
      "header_url": "",
      "linkedin_code": "",
      "linkedin_id": "",
      "linkedin_key": "",
      "linkedin_secret": "",
      "rss_count": "",
      "style": "light",
      "title": "Follow Me",
      "twitch_key": "",
      "vk_id": ""
    },
    "jnews_instagram-4": {
      "button": "",
      "column": "3",
      "header_background": "",
      "header_text_color": "",
      "header_type": "heading_6",
      "header_url": "",
      "hover": "like",
      "newtab": "1",
      "row": "3",
      "sort": "most_recent",
      "title": "Instagram Photos",
      "username": "natgeo"
    }
  },
  "contact-page": {
    "jnews_about-4": {
      "title": "",
      "aboutimg": "{{image:author:id}}",
      "aboutimgretina": "{{image:author:id}}",
      "aboutname": "Grey Matter",
      "aboutoccupation": "Interior Designer",
      "aboutdesc": "Hello & welcome to my blog! My name is Grey Matter and I'm a 20-year-old independent blogger with a passion for sharing about fashion and lifestyle.",
      "signature": "",
      "signatureretina": "",
      "align": "1",
      "second_title": "",
      "header_url": "",
      "header_type": "heading_9",
      "header_background": "",
      "header_text_color": ""
    },
    "jnews_social-4": {
      "title": "Follow & Subscribe",
      "widgetstyle": "nobg",
      "icon_color": "#000000",
      "bg_color": "",
      "align": "1",
      "beforesocial": "",
      "aftersocial": "",
      "account": "%5B%7B%22social_icon%22%3A%22facebook%22%2C%22social_url%22%3A%22http%3A%2F%2Ffacebook.com%2Fjegtheme%22%7D%2C%7B%22social_icon%22%3A%22twitter%22%2C%22social_url%22%3A%22https%3A%2F%2Ftwitter.com%2Fjegtheme%22%7D%2C%7B%22social_icon%22%3A%22googleplus%22%2C%22social_url%22%3A%22https%3A%2F%2Fplus.google.com%2F%2Benvato%22%7D%2C%7B%22social_icon%22%3A%22vk%22%2C%22social_url%22%3A%22%23%22%7D%2C%7B%22social_icon%22%3A%22instagram%22%2C%22social_url%22%3A%22https%3A%2F%2Fwww.instagram.com%2Fjegtheme%2F%22%7D%2C%7B%22social_icon%22%3A%22flickr%22%2C%22social_url%22%3A%22%23%22%7D%2C%7B%22social_icon%22%3A%22tumblr%22%2C%22social_url%22%3A%22http%3A%2F%2Ftumblr.com%22%7D%2C%7B%22social_icon%22%3A%22youtube%22%2C%22social_url%22%3A%22http%3A%2F%2Fyoutube.com%22%7D%5D",
      "second_title": "",
      "header_url": "",
      "header_type": "heading_5",
      "header_background": "",
      "header_text_color": ""
    },
    "mc4wp_form_widget-2": {
      "title": "",
      "second_title": "",
      "header_url": "",
      "header_type": "heading_9",
      "header_background": "",
      "header_text_color": ""
    }
  },
  "home-3": {
    "jnews_about-3": {
      "title": "",
      "aboutimg": "{{image:author:id}}",
      "aboutimgretina": "{{image:author:id}}",
      "aboutname": "Grey Matter",
      "aboutoccupation": "Interior Designer",
      "aboutdesc": "Hello & welcome to my blog! My name is Grey Matter and I'm a 20-year-old independent blogger with a passion for sharing about fashion and lifestyle.",
      "signature": "",
      "signatureretina": "",
      "align": "1",
      "second_title": "",
      "header_url": "",
      "header_type": "heading_9",
      "header_background": "",
      "header_text_color": ""
    },
    "categories-7": {
      "title": "Category",
      "count": "on",
      "second_title": "",
      "header_url": "",
      "header_type": "heading_9",
      "header_background": "",
      "header_text_color": ""
    },
    "jnews_instagram-5": {
      "title": "Instagram",
      "username": "greenandmustard",
      "column": "2",
      "row": "3",
      "hover": "like",
      "sort": "most_recent",
      "button": "",
      "newtab": "1",
      "second_title": "",
      "header_url": "",
      "header_type": "heading_9",
      "header_background": "",
      "header_text_color": ""
    }
  }
}