{
  "template": "jnews",
  "mods": {
    "nav_menu_locations": {
      "mobile_navigation": "{{menu_location:mobile-navigation:id}}",
      "navigation": "{{menu_location:main-navigation:id}}",
      "footer_navigation": "{{menu_location:footer-navigation:id}}"
    },
    "custom_css_post_id": -1,
    "jnews_override_container_width": true,
    "jnews_content_desktop": 1380,
    "jnews_content_laptop": 1370,
    "jnews_social_icon": [
      {
        "social_icon": "facebook",
        "social_url": "https://www.facebook.com/jegtheme/"
      },
      {
        "social_icon": "twitter",
        "social_url": "https://twitter.com/jegtheme"
      },
      {
        "social_icon": "youtube",
        "social_url": "#"
      },
      {
        "social_icon": "rss",
        "social_url": "#"
      }
    ],
    "jnews_header_logo": "{{image:logo:url:full}}",
    "jnews_header_logo_retina": "{{image:logo2x:url:full}}",
    "jnews_hb_element_desktop_mid_left": [],
    "jnews_hb_element_desktop_mid_center": [
      "logo"
    ],
    "jnews_hb_display_desktop_mid_left": "grow",
    "jnews_hb_display_desktop_bottom_right": "grow",
    "jnews_hb_element_desktop_bottom_left": [
      "nav_icon"
    ],
    "jnews_hb_element_desktop_bottom_center": [
      "main_menu"
    ],
    "jnews_header_width": "full",
    "jnews_header_midbar_height": "90",
    "jnews_hb_element_desktop_top_left": [],
    "jnews_header_bottombar_border_top_height": "1",
    "jnews_header_bottombar_border_top_color": "#000000",
    "jnews_header_font": {
      "font-family": "Roboto Condensed",
      "font-size": "",
      "variant": [
        "regular",
        "700"
      ],
      "line-height": "",
      "color": "",
      "show_variants": true,
      "show_subsets": true,
      "subsets": []
    },
    "jnews_body_font": {
      "font-family": "Roboto",
      "font-size": "",
      "variant": [
        "regular",
        "700"
      ],
      "line-height": "",
      "color": "",
      "show_variants": true,
      "show_subsets": true,
      "subsets": []
    },
    "jnews_h1_font": {
      "font-family": "Roboto Condensed",
      "font-size": "",
      "variant": [
        "regular",
        "700"
      ],
      "line-height": "",
      "color": "",
      "show_variants": true,
      "show_subsets": true,
      "subsets": []
    },
    "jnews_container_background": "#f0f1f2",
    "jnews_header_midbar_background": "#ffffff",
    "jnews_header_bottombar_background_color": "#ffffff",
    "jnews_body_color": "#666666",
    "jnews_accent_color": "#000000",
    "jnews_heading_color": "#000000",
    "jnews_header_menu_style": "jeg_menu_style_1",
    "jnews_header_menu_text_color": "#000000",
    "jnews_p_font": {
      "font-family": "PT Serif",
      "font-size": "",
      "variant": [
        "regular",
        "italic",
        "700",
        "700italic"
      ],
      "line-height": "",
      "color": "",
      "show_variants": true,
      "show_subsets": true,
      "subsets": []
    },
    "jnews_footer_style": "custom",
    "jnews_footer_scheme": "normal",
    "jnews_footer_bg_color": "#ffffff",
    "jnews_footer_widget_title_color": "#000000",
    "jnews_footer_secondary_bg_color": "",
    "jnews_footer_copyright_color": "#666666",
    "jnews_footer_secondary_link_color": "#333333",
    "jnews_footer_menu_color": "#222222",
    "jnews_single_blog_layout": "double-sidebar",
    "jnews_single_sidebar": "single-left",
    "jnews_single_second_sidebar": "single-right",
    "jnews_ads_content_inline_enable": false,
    "jnews_ads_content_inline_type": "image",
    "jnews_ads_content_inline_image": "{{image:ad_300x250:url:full}}",
    "jnews_ads_content_inline_align": "right",
    "jnews_ads_content_inline_paragraph": "1",
    "jnews_single_show_prev_next_post": false,
    "jnews_single_show_author_box": true,
    "jnews_single_post_pagination_related": "disable",
    "jnews_single_number_post_related": "3",
    "jnews_single_post_related_template": "22",
    "jnews_single_show_post_related": true,
    "jnews_single_post_related_header": "heading_5",
    "jnews_single_number_popup_post": "3",
    "jnews_category_override_color_{{category:politics:id}}": true,
    "jnews_category_color_{{category:politics:id}}": "#d32f2f",
    "jnews_category_override_color_{{category:travel:id}}": true,
    "jnews_category_color_{{category:travel:id}}": "#7b1fa2",
    "jnews_category_override_color_{{category:sports:id}}": true,
    "jnews_category_color_{{category:sports:id}}": "#26c0ef",
    "jnews_category_override_color_{{category:culture:id}}": true,
    "jnews_category_color_{{category:culture:id}}": "#b38a58",
    "jnews_category_override_color_{{category:business:id}}": true,
    "jnews_category_color_{{category:business:id}}": "#2979ff",
    "jnews_category_override_color_{{category:world:id}}": true,
    "jnews_category_color_{{category:world:id}}": "#136f63",
    "jnews_category_override_color_{{category:lifestyle:id}}": true,
    "jnews_category_color_{{category:lifestyle:id}}": "#ff4081",
    "jnews_category_override_color_{{category:opinion:id}}": true,
    "jnews_category_color_{{category:opinion:id}}": "#ffba08",
    "jnews_footer_custom_layout": "{{post:footer:id}}",
    "jnews_boxed_container": true,
    "jnews_boxed_container_shadow": true,
    "jnews_category_page_layout": "double-sidebar",
    "jnews_category_hero": "7",
    "jnews_category_sidebar": "archive-left",
    "jnews_category_content": "3",
    "jnews_category_content_excerpt": "20",
    "jnews_category_hero_margin": "2",
    "jnews_category_second_sidebar": "archive-right",
    "jnews_index_page_layout": "double-sidebar",
    "jnews_index_sidebar": "archive-left",
    "jnews_index_second_sidebar": "archive-right",
    "jnews_archive_page_layout": "double-sidebar",
    "jnews_archive_sidebar": "archive-left",
    "jnews_archive_second_sidebar": "archive-right",
    "jnews_attachment_page_layout": "right-sidebar-narrow",
    "jnews_attachment_sidebar": "single-right",
    "jnews_404_page_layout": "double-sidebar",
    "jnews_404_sidebar": "single-left",
    "jnews_404_second_sidebar": "archive-right",
    "jnews_hb_display_desktop_sticky_mid_right": "grow",
    "jnews_hb_element_desktop_sticky_mid_left": [
      "nav_icon"
    ],
    "jnews_hb_element_desktop_sticky_mid_center": [
      "main_menu"
    ],
    "jnews_header_sticky_width": "full",
    "jnews_sticky_menu_logo": "{{image:logo:url:full}}",
    "jnews_sticky_menu_logo_retina": "{{image:logo2x:url:full}}",
    "jnews_header_stickybar_border": false,
    "jnews_header_stickybar_border_bottom_color": "#000000",
    "jnews_mobile_logo": "{{image:mobile_logo:url:full}}",
    "jnews_mobile_logo_retina": "{{image:mobile_logo2x:url:full}}",
    "jnews_header_mobile_midbar_scheme": "normal",
    "jnews_header_nav_icon_mobilcolor": "#000000",
    "jnews_header_search_icon_color": "",
    "jnews_header_search_mobile_icon_color": "#000000",
    "jnews_category_override_color_{{category:national:id}}": true,
    "jnews_category_color_{{category:national:id}}": "#95c623",
    "jnews_header_mobile_midbar_background_color": "#ffffff",
    "jnews_header_logo_spacing": {
      "top": "0px",
      "bottom": "0px",
      "left": "0px",
      "right": "0px"
    },
    "jnews_author_page_layout": "double-sidebar",
    "jnews_author_sidebar": "archive-left",
    "jnews_author_second_sidebar": "archive-right"
  },
  "options": {
    "site_icon": "{{image:favicon:id}}",
    "show_on_front": "page",
    "page_on_front": "{{post:home-1:id}}",
    "nav_menus_created_posts": [],
    "amp_customizer[header_color]": "#fff",
    "amp_customizer[header_background_color]": "#0a89c0",
    "amp_customizer[color_scheme]": "light"
  },
  "wp_css": ""
}
