{
  "template": "jnews",
  "mods": {
    "nav_menu_locations": {
      "mobile_navigation": "{{menu_location:main-navigation:id}}",
      "navigation": "{{menu_location:main-navigation:id}}",
      "top_navigation": "{{menu_location:main-navigation:id}}",
      "footer_navigation": "{{menu_location:main-navigation:id}}"
    },
    "jnews_social_icon": [
      {
        "social_icon": "facebook",
        "social_url": "http:\/\/facebook.com"
      },
      {
        "social_icon": "twitter",
        "social_url": "http:\/\/twitter.com"
      },
      {
        "social_icon": "vk",
        "social_url": "#"
      },
      {
        "social_icon": "tumblr",
        "social_url": "#"
      },
      {
        "social_icon": "pinterest",
        "social_url": "http:\/\/pinterest.com"
      },
      {
        "social_icon": "instagram",
        "social_url": "http:\/\/instagram.com\/jegtheme"
      },
      {
        "social_icon": "rss",
        "social_url": "#"
      }
    ],
    "custom_css_post_id": -1,
    "jnews_header_style": "5",
    "jnews_header_menu_style": "jeg_menu_style_2",
    "jnews_header_menu_border": false,
    "jnews_header_menu_shadow": true,
    "jnews_header_menu_show_search": false,
    "jnews_accent_color": "#b49169",
    "jnews_header_logo": "{{image:logo:url:full}}",
    "jnews_header_logo_retina": "{{image:logo2x:url:full}}",
    "jnews_mobile_logo": "{{image:mobile_logo:url:full}}",
    "jnews_mobile_logo_retina": "{{image:mobile_logo2x:url:full}}",
    "jnews_sticky_menu_logo": "",
    "jnews_sticky_menu_logo_retina": "",
    "jnews_header5_logo_spacing": {
      "top": "60px",
      "bottom": "40px",
      "left": "0px",
      "right": "0px"
    },
    "jnews_btnhover_color": "#c69f73",
    "jnews_footer_style": "5",
    "jnews_footer_5_scheme": "custom",
    "jnews_body_font": {
      "font-family": "Lato",
      "font-size": "13px",
      "variant": [
        "700",
        "700italic",
        "regular",
        "italic"
      ],
      "line-height": "22px",
      "color": "",
      "show_variants": true,
      "show_subsets": true,
      "subsets": []
    },
    "jnews_h1_font": {
      "font-family": "Playfair Display",
      "font-size": "",
      "variant": [
        "regular",
        "700",
        "italic",
        "700italic"
      ],
      "line-height": "",
      "color": "",
      "show_variants": true,
      "show_subsets": true,
      "subsets": []
    },
    "jnews_header_topbar_social_position": "left",
    "jnews_header_topbar_menu_position": "hide",
    "jnews_header_topbar_date_position": "hide",
    "jnews_header_topbar_account_show": "hide",
    "jnews_header_topbar_search_show": "right",
    "jnews_header_topbar_search_type": "jeg_search_no_expand",
    "jnews_header_topbar_scheme": "dark",
    "jnews_ads_article_top_enable": false,
    "jnews_ads_article_top_type": "image",
    "jnews_ads_article_top_link": "#",
    "jnews_ads_article_top_open_tab": true,
    "jnews_single_blog_template": "4",
    "jnews_single_blog_enable_fullscreen": false,
    "jnews_single_share_position": "float",
    "jnews_alt_color": "#252627",
    "jnews_single_show_tag": true,
    "jnews_single_post_related_template": "23",
    "jnews_single_post_pagination_related": "loadmore",
    "jnews_single_number_post_related": "6",
    "jnews_single_post_related_match": "tag",
    "jnews_single_post_related_header": "heading_8",
    "jnews_single_show_author_box": true,
    "jnews_body_color": "#252627",
    "jnews_heading_color": "#252627",
    "jnews_header_topbar_bg_color": "#252627",
    "jnews_header_topbar_text_color": "#f5f5f5",
    "jnews_header_topbar_text_color_hover": "#ba9b76",
    "jnews_header_topbar_border_bottom": "",
    "jnews_header_topbar_side_border": "rgba(255,255,255,0.17)",
    "jnews_header_menu_search_noexpand_input_background_color": "",
    "jnews_footer_5_show_social": true,
    "jnews_footer_5_menu_position": "hide",
    "jnews_footer_5_copyright_position": "center",
    "jnews_footer_5_social_position": "left",
    "jnews_footer_5_social_icon_color": "#ffffff",
    "jnews_footer_5_social_icon_bg_color": "#252627",
    "jnews_footer_5_social_text_color": "",
    "jnews_footer_5_social_icon_hover_bg_color": "#b49169",
    "jnews_footer_5_line_separator_color": "#eeeeee",
    "jnews_footer_5_bg_color": "#ffffff",
    "jnews_footer_5_heading_color": "",
    "jnews_footer_5_text_color": "",
    "jnews_footer_5_tags_bg": "",
    "jnews_footer_5_link_color": "#252627",
    "jnews_p_font": {
      "font-family": "Lora",
      "font-size": "",
      "variant": [
        "regular",
        "italic",
        "700",
        "700italic"
      ],
      "line-height": "",
      "color": "#22222",
      "show_variants": true,
      "show_subsets": true,
      "subsets": []
    },
    "jnews_category_header": "4",
    "jnews_category_header_bg_image": "{{image:fashion1:url:full}}",
    "jnews_category_hero": "4",
    "jnews_category_hero_show": false,
    "jnews_category_content": "10",
    "jnews_category_content_excerpt": "58",
    "jnews_category_content_pagination": "nav_3",
    "jnews_search_content": "5",
    "jnews_search_show_sidebar": false,
    "jnews_search_sidebar": "default-sidebar",
    "jnews_search_content_excerpt": "38",
    "jnews_search_content_pagination": "nav_2",
    "jnews_search_content_pagination_show_navtext": true,
    "jnews_search_content_pagination_show_pageinfo": true,
    "jnews_hb_align_desktop_bottom_right": "right",
    "jnews_hb_display_desktop_mid_left": "grow",
    "jnews_hb_display_desktop_mid_right": "grow",
    "jnews_hb_display_desktop_bottom_right": "grow",
    "jnews_hb_element_desktop_mid_left": [],
    "jnews_hb_element_desktop_mid_center": [
      "logo"
    ],
    "jnews_hb_element_desktop_mid_right": [],
    "jnews_hb_element_desktop_bottom_left": [],
    "jnews_hb_element_desktop_bottom_center": [
      "main_menu"
    ],
    "jnews_hb_element_desktop_bottom_right": [],
    "jnews_header_mobile_midbar_scheme": "dark",
    "jnews_header_mobile_midbar_background_color": "#252627",
    "jnews_header_mobile_midbar_height": "79",
    "jnews_hb_element_mobile_mid_right": [
      "nav_icon"
    ],
    "jnews_hb_element_mobile_mid_left": [
      "logo"
    ],
    "jnews_hb_element_mobile_mid_center": [],
    "jnews_hb_display_desktop_top_right": "grow",
    "jnews_hb_element_desktop_top_left": [
      "social_icon"
    ],
    "jnews_hb_element_desktop_top_right": [
      "search_form",
      "html1"
    ],
    "jnews_header_social_icon_text_color": "#f5f5f5",
    "jnews_header_html_mobile": "",
    "jnews_header_html_1": "<a href=\"#\"><i class=\"fa fa-envelope\"><\/i> Newsletter<\/a>",
    "jnews_header_width": "full",
    "jnews_header_topbar_height": "36",
    "jnews_header_midbar_height": "175",
    "jnews_header_menu_search_form_width": "25",
    "jnews_header_menu_search_noexpand_input_color": "#f5f5f5",
    "jnews_header_menu_search_noexpand_icon_color": "",
    "jnews_hb_arrange_bar": [
      "top",
      "mid",
      "bottom"
    ],
    "jnews_header_menu_search_form_style": "square",
    "jnews_hb_element_desktop_top_center": [],
    "jnews_header_menu_text_color": "#212121",
    "jnews_header_topbar_link_color_hover": "#f5f5f5",
    "jnews_header_button_1_form": "outline",
    "jnews_header_menu_search_noexpand_result_text_color": "#212121",
    "jnews_header_menu_search_noexpand_input_result_border_color": "#eeeeee",
    "jnews_footer_scheme": "normal",
    "jnews_footer_bg_color": "#ffffff",
    "jnews_footer_link_color": "",
    "jnews_footer_social_icon_bg_color": "#252627",
    "jnews_footer_social_text_color": "#252627",
    "jnews_footer5_social_icon_color": "#ffffff",
    "jnews_footer_social_icon_hover_bg_color": "#b49169",
    "jnews_footer_widget_title_color": "#b49169",
    "jnews_footer_linkhover_color": ""
  },
  "options": {
    "site_icon": "{{image:favicon:id}}",
    "show_on_front" : "page",
    "page_on_front" : "{{post:home-1:id}}",
    "nav_menus_created_posts": [],
    "jnews_option[preview_slider_toggle]": false,
    "jnews_option[preview_slider_desc]": false,
    "jnews_option[preview_slider_ads]": false,
    "jnews_option[preview_slider_loader]": "dot",
    "jnews_option[ads_preview_slider_type]": "googleads",
    "jnews_option[ads_preview_slider_image]": "",
    "jnews_option[ads_preview_slider_link]": "",
    "jnews_option[ads_preview_slider_text]": "",
    "jnews_option[ads_preview_slider_google_publisher]": "",
    "jnews_option[ads_preview_slider_google_id]": "",
    "jnews_option[ads_preview_slider_google_desktop]": "auto",
    "jnews_option[ads_preview_slider_code]": "",
    "jnews_option[ads_preview_slider_shortcode]": "",
    "jnews_option[instagram_feed_enable]": "only_footer",
    "jnews_option[footer_instagram_username]": "lookbook",
    "jnews_option[footer_instagram_row]": 1,
    "jnews_option[footer_instagram_column]": "6",
    "jnews_option[footer_instagram_sort_type]": "most_recent",
    "jnews_option[footer_instagram_hover_style]": "like",
    "jnews_option[footer_instagram_follow_button]": "@Instagram",
    "jnews_option[footer_instagram_newtab]": true,
    "jnews_option[single_view_option]": "jnews",
    "jnews_option[single_social_share_main]": [
      {
        "social_share": "facebook",
        "social_text": "Share on Facebook"
      },
      {
        "social_share": "twitter",
        "social_text": "Share on Twitter"
      },
      {
        "social_share": "googleplus",
        "social_text": ""
      }
    ],
    "jnews_option[single_social_share_secondary]": [
      {
        "social_share": "linkedin"
      },
      {
        "social_share": "pinterest"
      }
    ],
    "jnews_option[single_social_share_threshold]": 0,
    "jnews_option[single_social_share_via_twitter]": "",
    "jnews_option[single_view_initial_value]": 0,
    "jnews_option[single_social_share_view_percentage]": 0,
    "jnews_option[single_like_view_percentage]": 0
  }
}