{
  "default-sidebar": {
    "jnews_module_block_21-2": {
      "first_title": "Recommended",
      "second_title": "",
      "url": "",
      "header_type": "heading_1",
      "header_background": "",
      "header_text_color": "",
      "header_filter_category": "",
      "header_filter_author": "",
      "header_filter_tag": "",
      "header_filter_text": "",
      "post_type": "post",
      "number_post": "2",
      "post_offset": "",
      "unique_content": "disable",
      "include_post": "",
      "exclude_post": "",
      "include_category": "",
      "exclude_category": "",
      "include_author": "",
      "include_tag": "",
      "exclude_tag": "",
      "sort_by": "random",
      "date_format": "ago",
      "date_format_custom": "",
      "pagination_mode": "disable",
      "pagination_number_post": "16",
      "pagination_scroll_limit": "",
      "column_width": "auto"
    },
    "jnews_module_element_ads-3": {
      "ads_type": "image",
      "ads_image": "{{image:ad_345x345:id}}",
      "ads_image_link": "#",
      "ads_image_alt": "",
      "ads_image_new_tab": "1",
      "google_publisher_id": "",
      "google_slot_id": "",
      "google_desktop": "auto",
      "google_tab": "auto",
      "google_phone": "auto",
      "ads_code": "",
      "column_width": "auto"
    },
    "mc4wp_form_widget-4": {
      "title": "",
      "header_url": "",
      "header_type": "heading_1",
      "header_background": "",
      "header_text_color": ""
    },
    "jnews_module_block_19-5": {
      "first_title": "Don't Miss",
      "second_title": "",
      "url": "",
      "header_type": "heading_1",
      "header_background": "",
      "header_text_color": "",
      "header_filter_category": "",
      "header_filter_author": "",
      "header_filter_tag": "",
      "header_filter_text": "All",
      "post_type": "post",
      "number_post": "4",
      "post_offset": "0",
      "unique_content": "disable",
      "include_post": "",
      "exclude_post": "",
      "include_category": "",
      "exclude_category": "",
      "include_author": "",
      "include_tag": "",
      "exclude_tag": "",
      "sort_by": "latest",
      "date_format": "default",
      "date_format_custom": "Y/m/d",
      "pagination_mode": "disable",
      "pagination_number_post": "6",
      "pagination_scroll_limit": "0",
      "column_width": "auto"
    }
  },
  "footer-widget-1": {
    "jnews_about-3": {
      "title": "",
      "aboutimg": "{{image:footer_logo:id}}",
      "aboutimgretina": "{{image:footer_logo2x:id}}",
      "aboutname": "",
      "aboutoccupation": "",
      "aboutdesc": "We bring you the best Premium WordPress Themes that perfect for news, magazine, personal blog, etc. Check our landing page for details.",
      "signature": "",
      "signatureretina": "",
      "header_url": "",
      "header_type": "heading_6",
      "header_background": "",
      "header_text_color": ""
    },
    "jnews_social-2": {
      "title": "Follow us",
      "widgetstyle": "square",
      "icon_color": "",
      "bg_color": "",
      "beforesocial": "",
      "aftersocial": "",
      "account": "%5B%7B%22social_icon%22%3A%22facebook%22%2C%22social_url%22%3A%22https%3A%2F%2Ffb.me%2Fjegtheme%22%7D%2C%7B%22social_icon%22%3A%22twitter%22%2C%22social_url%22%3A%22https%3A%2F%2Ftwitter.com%2Fjegtheme%22%7D%2C%7B%22social_icon%22%3A%22googleplus%22%2C%22social_url%22%3A%22https%3A%2F%2Fplus.google.com%2F%2BJegtheme%22%7D%2C%7B%22social_icon%22%3A%22instagram%22%2C%22social_url%22%3A%22https%3A%2F%2Fwww.instagram.com%2Fjegtheme%2F%22%7D%2C%7B%22social_icon%22%3A%22vk%22%2C%22social_url%22%3A%22%23%22%7D%5D",
      "header_url": "",
      "header_background": "",
      "header_text_color": ""
    }
  },
  "footer-widget-2": {
    "jnews_recent_news-2": {
      "title": "Recent News",
      "postnumber": "2",
      "header_url": "",
      "header_background": "",
      "header_text_color": ""
    }
  },
  "footer-widget-3": {
    "categories-7": {
      "title": "Categories",
      "header_url": "",
      "header_type": "heading_6",
      "header_background": "",
      "header_text_color": ""
    },
    "tag_cloud-3": {
      "header_background": "",
      "header_text_color": "",
      "header_type": "heading_6",
      "header_url": "",
      "taxonomy": "post_tag",
      "title": "Tags"
    }
  },
  "home": {
    "jnews_social_counter-7": {
      "title": "Connect With Us",
      "column": "col4",
      "style": "colored",
      "fb_id": "1708153456106457",
      "fb_secret": "ae408213fb9a2e29d3ad858e03ec5a75",
      "fb_key": "1708153456106457|LBeqPdQFTJXpeFL3sPex1LQBMVY",
      "gg_key": "AIzaSyCNRPgcByJDdhhZZRZ0AEyUnZ9lqmlBrvE",
      "bh_key": "t2wwIJCdYCWCdAdPHwef3hGvcx8ztA8o",
      "twitch_key": "",
      "linkedin_id": "",
      "linkedin_secret": "",
      "linkedin_code": "",
      "linkedin_key": "",
      "vk_id": "",
      "rss_count": "",
      "account": "%5B%7B%22social_icon%22%3A%22facebook%22%2C%22social_url%22%3A%22jegtheme%22%7D%2C%7B%22social_icon%22%3A%22twitter%22%2C%22social_url%22%3A%22https%3A%2F%2Ftwitter.com%2Fjegtheme%22%7D%2C%7B%22social_icon%22%3A%22google-plus%22%2C%22social_url%22%3A%22https%3A%2F%2Fplus.google.com%2F%2Benvato%22%7D%2C%7B%22social_icon%22%3A%22behance%22%2C%22social_url%22%3A%22https%3A%2F%2Fwww.behance.net%2Fjegtheme%22%7D%2C%7B%22social_icon%22%3A%22instagram%22%2C%22social_url%22%3A%22https%3A%2F%2Fwww.instagram.com%2Fenvato%2F%22%7D%2C%7B%22social_icon%22%3A%22dribbble%22%2C%22social_url%22%3A%22https%3A%2F%2Fdribbble.com%2Fenvato%22%7D%2C%7B%22social_icon%22%3A%22youtube%22%2C%22social_url%22%3A%22http%3A%2F%2Fwww.youtube.com%2Fuser%2FEnvato%22%7D%2C%7B%22social_icon%22%3A%22soundcloud%22%2C%22social_url%22%3A%22https%3A%2F%2Fsoundcloud.com%2Fdialogdinihari%22%7D%5D",
      "header_url": "",
      "header_type": "heading_1",
      "header_background": "",
      "header_text_color": ""
    },
    "jnews_module_element_ads-7": {
      "ads_type": "image",
      "ads_image": "{{image:ad_345x345:id}}",
      "ads_image_link": "#",
      "ads_image_alt": "",
      "ads_image_new_tab": "1",
      "google_publisher_id": "",
      "google_slot_id": "",
      "google_desktop": "auto",
      "google_tab": "auto",
      "google_phone": "auto",
      "ads_code": "",
      "column_width": "auto"
    },
    "jnews_popular-5": {
      "title": "Popular News",
      "limit": "5",
      "order_by": "comments",
      "range": "all",
      "header_url": "",
      "header_type": "heading_1",
      "header_background": "",
      "header_text_color": ""
    },
    "categories-11": {
      "title": "Browse by Categories",
      "count": "on",
      "header_url": "",
      "header_type": "heading_1",
      "header_background": "",
      "header_text_color": ""
    },
    "tag_cloud-5": {
      "title": "Browse by Topics",
      "taxonomy": "post_tag",
      "header_url": "",
      "header_type": "heading_1",
      "header_background": "",
      "header_text_color": ""
    }
  },
  "home-2": {
    "jnews_social_counter-8": {
      "title": "Connect With Us",
      "column": "col4",
      "style": "colored",
      "fb_id": "1708153456106457",
      "fb_secret": "ae408213fb9a2e29d3ad858e03ec5a75",
      "fb_key": "1708153456106457|LBeqPdQFTJXpeFL3sPex1LQBMVY",
      "gg_key": "AIzaSyCNRPgcByJDdhhZZRZ0AEyUnZ9lqmlBrvE",
      "bh_key": "t2wwIJCdYCWCdAdPHwef3hGvcx8ztA8o",
      "twitch_key": "",
      "linkedin_id": "",
      "linkedin_secret": "",
      "linkedin_code": "",
      "linkedin_key": "",
      "vk_id": "",
      "rss_count": "",
      "account": "%5B%7B%22social_icon%22%3A%22facebook%22%2C%22social_url%22%3A%22jegtheme%22%7D%2C%7B%22social_icon%22%3A%22twitter%22%2C%22social_url%22%3A%22https%3A%2F%2Ftwitter.com%2Fjegtheme%22%7D%2C%7B%22social_icon%22%3A%22google-plus%22%2C%22social_url%22%3A%22https%3A%2F%2Fplus.google.com%2F%2Benvato%22%7D%2C%7B%22social_icon%22%3A%22behance%22%2C%22social_url%22%3A%22https%3A%2F%2Fwww.behance.net%2Fjegtheme%22%7D%2C%7B%22social_icon%22%3A%22instagram%22%2C%22social_url%22%3A%22https%3A%2F%2Fwww.instagram.com%2Fenvato%2F%22%7D%2C%7B%22social_icon%22%3A%22dribbble%22%2C%22social_url%22%3A%22https%3A%2F%2Fdribbble.com%2Fenvato%22%7D%2C%7B%22social_icon%22%3A%22youtube%22%2C%22social_url%22%3A%22http%3A%2F%2Fwww.youtube.com%2Fuser%2FEnvato%22%7D%2C%7B%22social_icon%22%3A%22soundcloud%22%2C%22social_url%22%3A%22https%3A%2F%2Fsoundcloud.com%2Fdialogdinihari%22%7D%5D",
      "header_url": "",
      "header_type": "heading_1",
      "header_background": "",
      "header_text_color": ""
    },
    "jnews_popular-4": {
      "title": "Popular News",
      "limit": "5",
      "order_by": "comments",
      "range": "all",
      "header_url": "",
      "header_type": "heading_1",
      "header_background": "",
      "header_text_color": ""
    },
    "jnews_module_element_ads-4": {
      "ads_type": "image",
      "ads_image": "{{image:ad_345x345:id}}",
      "ads_image_link": "#",
      "ads_image_alt": "",
      "google_publisher_id": "",
      "google_slot_id": "",
      "google_desktop": "auto",
      "google_tab": "auto",
      "google_phone": "auto",
      "ads_code": "",
      "column_width": "auto"
    },
    "categories-8": {
      "title": "Find by Categories",
      "count": "on",
      "header_url": "",
      "header_type": "heading_1",
      "header_background": "",
      "header_text_color": ""
    },
    "tag_cloud-2": {
      "title": "Find by Topics",
      "taxonomy": "post_tag",
      "header_url": "",
      "header_type": "heading_1",
      "header_background": "",
      "header_text_color": ""
    }
  },
  "home-3": {
    "jnews_social_counter-9": {
      "title": "Connect With Us",
      "column": "col4",
      "style": "colored",
      "fb_id": "1708153456106457",
      "fb_secret": "ae408213fb9a2e29d3ad858e03ec5a75",
      "fb_key": "1708153456106457|LBeqPdQFTJXpeFL3sPex1LQBMVY",
      "gg_key": "AIzaSyCNRPgcByJDdhhZZRZ0AEyUnZ9lqmlBrvE",
      "bh_key": "t2wwIJCdYCWCdAdPHwef3hGvcx8ztA8o",
      "twitch_key": "",
      "linkedin_id": "",
      "linkedin_secret": "",
      "linkedin_code": "",
      "linkedin_key": "",
      "vk_id": "",
      "rss_count": "",
      "account": "%5B%7B%22social_icon%22%3A%22facebook%22%2C%22social_url%22%3A%22jegtheme%22%7D%2C%7B%22social_icon%22%3A%22twitter%22%2C%22social_url%22%3A%22https%3A%2F%2Ftwitter.com%2Fjegtheme%22%7D%2C%7B%22social_icon%22%3A%22google-plus%22%2C%22social_url%22%3A%22https%3A%2F%2Fplus.google.com%2F%2Benvato%22%7D%2C%7B%22social_icon%22%3A%22behance%22%2C%22social_url%22%3A%22https%3A%2F%2Fwww.behance.net%2Fjegtheme%22%7D%2C%7B%22social_icon%22%3A%22instagram%22%2C%22social_url%22%3A%22https%3A%2F%2Fwww.instagram.com%2Fenvato%2F%22%7D%2C%7B%22social_icon%22%3A%22dribbble%22%2C%22social_url%22%3A%22https%3A%2F%2Fdribbble.com%2Fenvato%22%7D%2C%7B%22social_icon%22%3A%22youtube%22%2C%22social_url%22%3A%22http%3A%2F%2Fwww.youtube.com%2Fuser%2FEnvato%22%7D%2C%7B%22social_icon%22%3A%22soundcloud%22%2C%22social_url%22%3A%22https%3A%2F%2Fsoundcloud.com%2Fdialogdinihari%22%7D%5D",
      "header_url": "",
      "header_type": "heading_1",
      "header_background": "",
      "header_text_color": ""
    },
    "jnews_module_element_ads-5": {
      "ads_type": "image",
      "ads_image": "{{image:ad_345x345:id}}",
      "ads_image_link": "#",
      "ads_image_alt": "",
      "google_publisher_id": "",
      "google_slot_id": "",
      "google_desktop": "auto",
      "google_tab": "auto",
      "google_phone": "auto",
      "ads_code": "",
      "column_width": "auto"
    },
    "categories-9": {
      "title": "Find by Categories",
      "count": "on",
      "header_url": "",
      "header_type": "heading_1",
      "header_background": "",
      "header_text_color": ""
    },
    "tag_cloud-4": {
      "title": "Find by Topics",
      "taxonomy": "post_tag",
      "header_url": "",
      "header_type": "heading_1",
      "header_background": "",
      "header_text_color": ""
    }
  },
  "contact": {
    "jnews_social_counter-10": {
      "title": "Follow Us",
      "column": "col1",
      "style": "light",
      "fb_id": "1708153456106457",
      "fb_secret": "ae408213fb9a2e29d3ad858e03ec5a75",
      "fb_key": "1708153456106457|LBeqPdQFTJXpeFL3sPex1LQBMVY",
      "gg_key": "AIzaSyCNRPgcByJDdhhZZRZ0AEyUnZ9lqmlBrvE",
      "bh_key": "t2wwIJCdYCWCdAdPHwef3hGvcx8ztA8o",
      "twitch_key": "",
      "linkedin_id": "",
      "linkedin_secret": "",
      "linkedin_code": "",
      "linkedin_key": "",
      "vk_id": "",
      "rss_count": "",
      "account": "%5B%7B%22social_icon%22%3A%22facebook%22%2C%22social_url%22%3A%22jegtheme%22%7D%2C%7B%22social_icon%22%3A%22twitter%22%2C%22social_url%22%3A%22https%3A%2F%2Ftwitter.com%2Fjegtheme%22%7D%2C%7B%22social_icon%22%3A%22google-plus%22%2C%22social_url%22%3A%22https%3A%2F%2Fplus.google.com%2F%2Benvato%22%7D%2C%7B%22social_icon%22%3A%22behance%22%2C%22social_url%22%3A%22https%3A%2F%2Fwww.behance.net%2Fjegtheme%22%7D%2C%7B%22social_icon%22%3A%22instagram%22%2C%22social_url%22%3A%22https%3A%2F%2Fwww.instagram.com%2Fenvato%2F%22%7D%2C%7B%22social_icon%22%3A%22dribbble%22%2C%22social_url%22%3A%22https%3A%2F%2Fdribbble.com%2Fenvato%22%7D%2C%7B%22social_icon%22%3A%22youtube%22%2C%22social_url%22%3A%22http%3A%2F%2Fwww.youtube.com%2Fuser%2FEnvato%22%7D%2C%7B%22social_icon%22%3A%22soundcloud%22%2C%22social_url%22%3A%22https%3A%2F%2Fsoundcloud.com%2Fdialogdinihari%22%7D%5D",
      "header_url": "",
      "header_type": "heading_1",
      "header_background": "",
      "header_text_color": ""
    },
    "mc4wp_form_widget-5": {
      "title": "",
      "header_url": "",
      "header_type": "heading_1",
      "header_background": "",
      "header_text_color": ""
    }
  },
  "home-5": {
    "jnews_module_element_ads-6": {
      "ads_type": "image",
      "ads_image": "{{image:ad_345x345:id}}",
      "ads_image_link": "#",
      "ads_image_alt": "",
      "google_publisher_id": "",
      "google_slot_id": "",
      "google_desktop": "auto",
      "google_tab": "auto",
      "google_phone": "auto",
      "ads_code": "",
      "column_width": "auto"
    },
    "jnews_tab_post-5": {
      "title": "",
      "limit": "3",
      "range": "daily",
      "header_url": "",
      "header_background": "",
      "header_text_color": ""
    },
    "jnews_module_block_20-2": {
      "first_title": "FOOD & NUTRITION",
      "second_title": "",
      "url": "",
      "header_type": "heading_5",
      "header_background": "",
      "header_text_color": "",
      "header_filter_category": "",
      "header_filter_author": "",
      "header_filter_tag": "",
      "header_filter_text": "",
      "post_type": "post",
      "number_post": "4",
      "post_offset": "",
      "unique_content": "disable",
      "include_post": "",
      "exclude_post": "",
      "include_category": "",
      "exclude_category": "",
      "include_author": "",
      "include_tag": "",
      "exclude_tag": "",
      "sort_by": "latest",
      "date_format": "ago",
      "date_format_custom": "",
      "pagination_mode": "disable",
      "pagination_number_post": "16",
      "pagination_scroll_limit": "",
      "column_width": "auto"
    },
    "mc4wp_form_widget-6": {
      "title": "NEWSLETTER",
      "header_url": "",
      "header_type": "heading_5",
      "header_background": "",
      "header_text_color": ""
    },
    "jnews_module_block_20-3": {
      "first_title": "LIFESTYLE",
      "second_title": "",
      "url": "",
      "header_type": "heading_5",
      "header_background": "",
      "header_text_color": "",
      "header_filter_category": "",
      "header_filter_author": "",
      "header_filter_tag": "",
      "header_filter_text": "",
      "post_type": "post",
      "number_post": "4",
      "post_offset": "",
      "unique_content": "disable",
      "include_post": "",
      "exclude_post": "",
      "include_category": "",
      "exclude_category": "",
      "include_author": "",
      "include_tag": "",
      "exclude_tag": "",
      "sort_by": "latest",
      "date_format": "ago",
      "date_format_custom": "",
      "pagination_mode": "disable",
      "pagination_number_post": "16",
      "pagination_scroll_limit": "",
      "column_width": "auto"
    },
    "categories-10": {
      "title": "CATEGORIES",
      "count": "on",
      "header_url": "",
      "header_type": "heading_5",
      "header_background": "",
      "header_text_color": ""
    }
  },
  "archives": {
    "jnews_popular-6": {
      "title": "Popular News",
      "limit": "5",
      "order_by": "comments",
      "range": "all",
      "header_url": "",
      "header_type": "heading_1",
      "header_background": "",
      "header_text_color": ""
    },
    "jnews_module_element_ads-8": {
      "ads_type": "image",
      "ads_image": "{{image:ad_300x600:id}}",
      "ads_image_link": "#",
      "ads_image_alt": "",
      "ads_image_new_tab": "1",
      "google_publisher_id": "",
      "google_slot_id": "",
      "google_desktop": "auto",
      "google_tab": "auto",
      "google_phone": "auto",
      "ads_code": "",
      "column_width": "auto"
    }
  }
}