{
  "mods": {
    "custom_css_post_id": -1,
    "jnews_accent_color": "#002e5b",
    "jnews_alt_color": "#840032",
    "jnews_archive_content_pagination_align": "left",
    "jnews_archive_content_pagination_show_navtext": true,
    "jnews_archive_content_pagination_show_pageinfo": true,
    "jnews_author_content": "5",
    "jnews_author_content_pagination_align": "left",
    "jnews_author_content_pagination_show_navtext": true,
    "jnews_author_content_pagination_show_pageinfo": true,
    "jnews_author_sidebar": "author",
    "jnews_block_heading_font": {
      "color": "",
      "font-family": "Montserrat",
      "font-size": "",
      "line-height": "",
      "show_subsets": true,
      "show_variants": true,
      "subsets": [],
      "variant": [
        "700"
      ]
    },
    "jnews_body_color": "#666666",
    "jnews_body_font": {
      "color": "",
      "font-family": "Roboto",
      "font-size": "",
      "line-height": "",
      "show_subsets": true,
      "show_variants": true,
      "subsets": [],
      "variant": [
        "regular",
        "700"
      ]
    },
    "jnews_category_content": "5",
    "jnews_category_content_pagination_align": "left",
    "jnews_category_content_pagination_show_navtext": true,
    "jnews_category_content_pagination_show_pageinfo": true,
    "jnews_category_global_bg_color": "#f6da09",
    "jnews_category_global_text_color": "#02010a",
    "jnews_category_header": "3",
    "jnews_category_header_bg_image": "{{image:news1:url:full}}",
    "jnews_category_hero": "5",
    "jnews_footer_bg_color": "#002c5b",
    "jnews_footer_copyright_color": "#b2c0cd",
    "jnews_footer_copyright_position": "left",
    "jnews_footer_menu_position": "hide",
    "jnews_footer_secondary_bg_color": "#00214f",
    "jnews_footer_social_icon_color": "#b2c0cd",
    "jnews_footer_social_icon_hover_color": "#f6da09",
    "jnews_footer_social_position": "right",
    "jnews_footer_style": "3",
    "jnews_footer_text_color": "#b2c0cd",
    "jnews_footer_widget_title_color": "#f6da09",
    "jnews_h1_font": {
      "color": "",
      "font-family": "Montserrat",
      "font-size": "",
      "line-height": "",
      "show_subsets": true,
      "show_variants": true,
      "subsets": [],
      "variant": [
        "700",
        "regular"
      ]
    },
    "jnews_hb_align_desktop_mid_right": "left",
    "jnews_hb_display_desktop_mid_left": "grow",
    "jnews_hb_display_desktop_mid_right": "normal",
    "jnews_hb_element_desktop_bottom_left": [
      "nav_icon",
      "main_menu"
    ],
    "jnews_hb_element_desktop_bottom_right": [
      "social_icon",
      "button1"
    ],
    "jnews_hb_element_desktop_mid_left": [
      "logo",
      "search_form"
    ],
    "jnews_hb_element_desktop_mid_right": [
      "date",
      "separator4",
      "login"
    ],
    "jnews_hb_element_desktop_sticky_mid_left": [
      "logo",
      "main_menu"
    ],
    "jnews_hb_element_desktop_sticky_mid_right": [
      "search_icon"
    ],
    "jnews_hb_element_desktop_top_left": [],
    "jnews_hb_element_desktop_top_right": [],
    "jnews_hb_element_mobile_drawer_bottom_center": [
      "social_icon",
      "footer_copyright"
    ],
    "jnews_hb_element_mobile_drawer_top_center": [
      "search_form",
      "mobile_menu"
    ],
    "jnews_header_account_submenu_background_hover_color": "#f6da09",
    "jnews_header_account_submenu_border_color": "#ffffff",
    "jnews_header_account_submenu_text_color": "#02010a",
    "jnews_header_account_text_color": "#ffffff",
    "jnews_header_bottombar_background_color": "#00214f",
    "jnews_header_bottombar_border_bottom_height": "0",
    "jnews_header_bottombar_scheme": "jeg_navbar_dark",
    "jnews_header_button_1_background_color": "#f6da09",
    "jnews_header_button_1_border_color": "#fde428",
    "jnews_header_button_1_form": "default",
    "jnews_header_button_1_link": "#mc4wp_form_widget-2",
    "jnews_header_button_1_target": "_self",
    "jnews_header_button_1_text": "Subscribe",
    "jnews_header_button_1_text_color": "#02010a",
    "jnews_header_date_text_color": "#b2c0cd",
    "jnews_header_drawer_social_icon_text_color": "#002C5B",
    "jnews_header_font": {
      "color": "",
      "font-family": "",
      "font-size": "",
      "line-height": "",
      "show_subsets": true,
      "show_variants": true,
      "subsets": [],
      "variant": null
    },
    "jnews_header_logo": "{{image:logo:url:full}}",
    "jnews_header_logo_retina": "{{image:logo2x:url:full}}",
    "jnews_header_logo_spacing": {
      "bottom": "0px",
      "left": "0px",
      "right": "0px",
      "top": "0"
    },
    "jnews_header_menu_follow": "scroll",
    "jnews_header_menu_hover_line_color": "#f6da09",
    "jnews_header_menu_hover_text_color": "#f6da09",
    "jnews_header_menu_search_form_style": "rounded",
    "jnews_header_menu_search_form_width": "40",
    "jnews_header_menu_search_noexpand_result_text_color": "#02010a",
    "jnews_header_menu_style": "jeg_menu_style_5",
    "jnews_header_mid_link_color_hover": "#02010a",
    "jnews_header_midbar_background": "#002b5a",
    "jnews_header_midbar_border_bottom_height": "0",
    "jnews_header_midbar_height": "92",
    "jnews_header_midbar_scheme": "dark",
    "jnews_header_mobile_drawer_scheme": "normal",
    "jnews_header_mobile_midbar_background_color": "#00214f",
    "jnews_header_search_mobile_icon_color": "#ffffff",
    "jnews_header_social_icon": "nobg",
    "jnews_header_social_icon_text_color": "#ffffff",
    "jnews_header_stickybar_background_color": "#00214f",
    "jnews_header_stickybar_border_bottom_height": "0",
    "jnews_header_stickybar_scheme": "jeg_navbar_dark",
    "jnews_header_submenu_background": "#ffffff",
    "jnews_header_submenu_border_color": "#eeeeee",
    "jnews_header_submenu_hover_background_color": "#fde428",
    "jnews_header_submenu_hover_text_color": "#02010a",
    "jnews_header_submenu_text_color": "#666666",
    "jnews_header_topbar_bg_color": "#002b5a",
    "jnews_header_topbar_link_color_hover": "#1e73be",
    "jnews_header_topbar_side_border": "rgba(255,255,255,0)",
    "jnews_heading_color": "#02010a",
    "jnews_main_menu_font": {
      "color": "",
      "font-family": "",
      "font-size": "",
      "line-height": "",
      "show_subsets": true,
      "show_variants": true,
      "subsets": [],
      "variant": [
        "regular"
      ]
    },
    "jnews_mobile_logo": "{{image:logo:url:full}}",
    "jnews_mobile_logo_retina": "{{image:logo2x:url:full}}",
    "jnews_p_font": {
      "color": "",
      "font-family": "PT Serif",
      "font-size": "",
      "line-height": "",
      "show_subsets": true,
      "show_variants": true,
      "subsets": [],
      "variant": [
        "regular",
        "italic",
        "700"
      ]
    },
    "jnews_search_content_pagination_align": "left",
    "jnews_search_content_pagination_show_navtext": true,
    "jnews_search_content_pagination_show_pageinfo": true,
    "jnews_single_blog_template": "2",
    "jnews_single_show_post_author_image": false,
    "jnews_social_icon": [
      {
        "social_icon": "facebook",
        "social_url": "https://www.facebook.com/jegtheme/"
      },
      {
        "social_icon": "twitter",
        "social_url": "https://twitter.com/jegtheme"
      },
      {
        "social_icon": "googleplus",
        "social_url": "https://plus.google.com/ Jegtheme"
      },
      {
        "social_icon": "linkedin",
        "social_url": "https://www.linkedin.com/"
      }
    ],
    "jnews_sticky_menu_logo": "{{image:logo:url:full}}",
    "jnews_sticky_menu_logo_retina": "{{image:logo2x:url:full}}",
    "nav_menu_locations": {
      "mobile_navigation": "{{menu_location:mobile-navigation:id}}",
      "navigation": "{{menu_location:main-navigation:id}}",
      "top_navigation": "{{menu_location:footer-navigation:id}}",
      "footer_navigation": "{{menu_location:footer-navigation:id}}"
    }
  },
  "options": {
    "amp_customizer[color_scheme]": "light",
    "amp_customizer[header_background_color]": "#0a89c0",
    "amp_customizer[header_color]": "#fff",
    "jnews_option[amp_ads_above_article_enable]": "",
    "jnews_option[amp_ads_above_article_google_id]": "",
    "jnews_option[amp_ads_above_article_google_publisher]": "",
    "jnews_option[amp_ads_above_article_size]": "auto",
    "jnews_option[amp_ads_above_content_enable]": "",
    "jnews_option[amp_ads_above_content_google_id]": "",
    "jnews_option[amp_ads_above_content_google_publisher]": "",
    "jnews_option[amp_ads_above_content_size]": "auto",
    "jnews_option[amp_ads_above_header_enable]": "",
    "jnews_option[amp_ads_above_header_google_id]": "",
    "jnews_option[amp_ads_above_header_google_publisher]": "",
    "jnews_option[amp_ads_above_header_size]": "auto",
    "jnews_option[amp_ads_below_article_enable]": "",
    "jnews_option[amp_ads_below_article_google_id]": "",
    "jnews_option[amp_ads_below_article_google_publisher]": "",
    "jnews_option[amp_ads_below_article_size]": "auto",
    "jnews_option[amp_ads_below_content_enable]": "",
    "jnews_option[amp_ads_below_content_google_id]": "",
    "jnews_option[amp_ads_below_content_google_publisher]": "",
    "jnews_option[amp_ads_below_content_size]": "auto",
    "jnews_option[amp_ads_inline_content_enable]": "",
    "jnews_option[amp_ads_inline_content_google_id]": "",
    "jnews_option[amp_ads_inline_content_google_publisher]": "",
    "jnews_option[amp_ads_inline_content_paragraph]": "3",
    "jnews_option[amp_ads_inline_content_paragraph_random]": "",
    "jnews_option[amp_ads_inline_content_size]": "auto",
    "jnews_option[article_schema_type]": "article",
    "jnews_option[autoload_blog_layout]": "right-sidebar",
    "jnews_option[autoload_blog_template]": "2",
    "jnews_option[autoload_disable_comment]": "hide",
    "jnews_option[autoload_sidebar]": "default-sidebar",
    "jnews_option[enable_schema]": true,
    "jnews_option[footer_instagram_column]": 8,
    "jnews_option[footer_instagram_follow_button]": "",
    "jnews_option[footer_instagram_hover_style]": "zoom",
    "jnews_option[footer_instagram_newtab]": "",
    "jnews_option[footer_instagram_row]": 1,
    "jnews_option[footer_instagram_sort_type]": "most_recent",
    "jnews_option[footer_instagram_username]": "",
    "jnews_option[instagram_feed_enable]": "hide",
    "jnews_option[main_schema_logo]": "",
    "jnews_option[main_schema_organization_name]": "",
    "jnews_option[main_schema_person_name]": "",
    "jnews_option[main_schema_type]": "organization",
    "jnews_option[main_schema_type_header_person]": "",
    "jnews_option[main_scheme_area]": "",
    "jnews_option[main_scheme_contact_type]": "customer_service",
    "jnews_option[main_scheme_person_address]": "",
    "jnews_option[main_scheme_telp]": "",
    "jnews_option[single_like_view_percentage]": "7",
    "jnews_option[single_social_share_main]": [
      {
        "social_share": "facebook",
        "social_text": "Share on Facebook"
      },
      {
        "social_share": "twitter",
        "social_text": "Share on Twitter"
      },
      {
        "social_share": "googleplus",
        "social_text": ""
      }
    ],
    "jnews_option[single_social_share_secondary]": [
      {
        "social_share": "linkedin"
      },
      {
        "social_share": "pinterest"
      }
    ],
    "jnews_option[single_social_share_threshold]": 0,
    "jnews_option[single_social_share_via_twitter]": "",
    "jnews_option[single_social_share_view_percentage]": "8",
    "jnews_option[single_view_initial_value]": "1900",
    "jnews_option[single_view_option]": "jnews",
    "jnews_option[social_login_alert]": "info",
    "jnews_option[social_login_enable_facebook]": "",
    "jnews_option[social_login_enable_google]": "",
    "jnews_option[social_login_enable_linkedin]": "",
    "jnews_option[social_login_facebook_id]": "",
    "jnews_option[social_login_facebook_secret]": "",
    "jnews_option[social_login_google_app_name]": "",
    "jnews_option[social_login_google_id]": "",
    "jnews_option[social_login_google_secret]": "",
    "jnews_option[social_login_linkedin_id]": "",
    "jnews_option[social_login_linkedin_secret]": "",
    "jnews_option[social_login_show]": "hide",
    "jnews_option[social_login_style]": "normal",
    "jnews_option[social_login_user_role]": "subscriber",
    "jnews_option[social_meta_fb_app_id]": "",
    "jnews_option[top_bar_weather_item]": "hide",
    "jnews_option[top_bar_weather_item_autodelay]": "2",
    "jnews_option[top_bar_weather_item_autohover]": true,
    "jnews_option[top_bar_weather_item_autoplay]": "",
    "jnews_option[top_bar_weather_item_content]": "temp",
    "jnews_option[top_bar_weather_item_count]": "4",
    "jnews_option[top_bar_weather_location]": "",
    "jnews_option[top_bar_weather_location_auto]": "",
    "jnews_option[weather_aerisweather_id]": "",
    "jnews_option[weather_aerisweather_secret]": "",
    "jnews_option[weather_cache_expired]": "1",
    "jnews_option[weather_darksky_api_key]": "",
    "jnews_option[weather_default_temperature]": "c",
    "jnews_option[weather_forecast_source]": "yahoo",
    "jnews_option[weather_openweathermap_api_key]": "",
    "nav_menus_created_posts": [],
    "site_icon": "{{image:favicon:id}}",
    "show_on_front": "page",
    "page_on_front": "{{post:home-1:id}}"
  },
  "template": "jnews",
  "wp_css": ""
}