{
  "author": {
    "jnews_social_counter-3": {
      "account": "%5B%7B%22social_icon%22%3A%22facebook%22%2C%22social_url%22%3A%22jegtheme%22%7D%2C%7B%22social_icon%22%3A%22twitter%22%2C%22social_url%22%3A%22https%3A%2F%2Ftwitter.com%2Fjegtheme%22%7D%2C%7B%22social_icon%22%3A%22google-plus%22%2C%22social_url%22%3A%22https%3A%2F%2Fplus.google.com%2F%2Benvato%22%7D%2C%7B%22social_icon%22%3A%22behance%22%2C%22social_url%22%3A%22https%3A%2F%2Fwww.behance.net%2Fjegtheme%22%7D%2C%7B%22social_icon%22%3A%22instagram%22%2C%22social_url%22%3A%22https%3A%2F%2Fwww.instagram.com%2Fenvato%2F%22%7D%2C%7B%22social_icon%22%3A%22vk%22%2C%22social_url%22%3A%22https%3A%2F%2Fvk.com%2Fcnn_page%22%7D%2C%7B%22social_icon%22%3A%22youtube%22%2C%22social_url%22%3A%22http%3A%2F%2Fwww.youtube.com%2Fuser%2FEnvato%22%7D%2C%7B%22social_icon%22%3A%22flickr%22%2C%22social_url%22%3A%22https%3A%2F%2Fwww.flickr.com%2Fphotos%2Fwe-are-envato%2F%22%7D%2C%7B%22social_icon%22%3A%22soundcloud%22%2C%22social_url%22%3A%22https%3A%2F%2Fsoundcloud.com%2Fdialogdinihari%22%7D%5D",
      "bh_key": "t2wwIJCdYCWCdAdPHwef3hGvcx8ztA8o",
      "column": "col3",
      "fb_id": "1708153456106457",
      "fb_key": "1708153456106457|LBeqPdQFTJXpeFL3sPex1LQBMVY",
      "fb_secret": "ae408213fb9a2e29d3ad858e03ec5a75",
      "gg_key": "AIzaSyCNRPgcByJDdhhZZRZ0AEyUnZ9lqmlBrvE",
      "header_background": "",
      "header_text_color": "",
      "header_type": "heading_8",
      "header_url": "",
      "rss_count": "",
      "second_title": "",
      "style": "light",
      "title": "Stay Connected",
      "twitch_key": "",
      "vk_id": "210700286"
    },
    "jnews_popular-4": {
      "header_background": "",
      "header_text_color": "",
      "header_type": "heading_8",
      "header_url": "",
      "limit": "5",
      "order_by": "views",
      "range": "all",
      "second_title": "",
      "title": "Popular Post"
    }
  },
  "default-sidebar": {
    "jnews_module_element_ads-4": {
      "ads_image": "{{image:ad_345x345:id}}",
      "ads_image_alt": "",
      "ads_image_link": "http://bit.ly/jnewsio",
      "ads_image_new_tab": "1",
      "ads_type": "image",
      "column_width": "auto",
      "content": "",
      "google_desktop": "auto",
      "google_phone": "auto",
      "google_publisher_id": "",
      "google_slot_id": "",
      "google_tab": "auto",
      "scheme": "normal"
    },
    "jnews_tab_post-1": {
      "header_background": "",
      "header_text_color": "",
      "header_type": "heading_6",
      "header_url": "",
      "limit": "4",
      "range": "all",
      "second_title": "",
      "title": ""
    }
  },
  "footer-widget-1": {
    "jnews_recent_news-2": {
      "title": "Recent News",
      "postnumber": "2",
      "header_url": "",
      "header_background": "",
      "header_text_color": ""
    }
  },
  "footer-widget-2": {
    "categories-2": {
      "count": 0,
      "dropdown": 0,
      "hierarchical": 0,
      "title": ""
    }
  },
  "footer-widget-3": {
    "nav_menu-2": {
      "header_background": "",
      "header_text_color": "",
      "header_type": "heading_6",
      "header_url": "",
      "nav_menu": "{{menu_location:footer-navigation:id}}",
      "second_title": "",
      "title": "Site Navigation"
    }
  },
  "footer-widget-4": {
    "jnews_about-4": {
      "aboutdesc": "We bring you the best Premium WordPress Themes that perfect for news, magazine, personal blog, etc. Check our <a href=\"https://jnews.io/landing\">landing page</a> for details.",
      "aboutimg": "{{image:logo:id}}",
      "aboutimgretina": "{{image:logo2x:id}}",
      "aboutname": "",
      "aboutoccupation": "",
      "header_background": "",
      "header_text_color": "",
      "header_type": "heading_6",
      "header_url": "",
      "second_title": "",
      "signature": "",
      "signatureretina": "",
      "title": ""
    }
  },
  "home": {
    "jnews_tab_post-3": {
      "header_background": "",
      "header_text_color": "",
      "header_type": "heading_6",
      "header_url": "",
      "limit": "4",
      "range": "all",
      "title": ""
    }
  },
  "home-4": {
    "jnews_tab_post-4": {
      "header_background": "",
      "header_text_color": "",
      "header_type": "heading_6",
      "header_url": "",
      "limit": "3",
      "range": "all",
      "second_title": "",
      "title": ""
    }
  },
  "home-loop": {
    "jnews_social_counter-2": {
      "account": "%5B%7B%22social_icon%22%3A%22facebook%22%2C%22social_url%22%3A%22jegtheme%22%7D%2C%7B%22social_icon%22%3A%22twitter%22%2C%22social_url%22%3A%22https%3A%2F%2Ftwitter.com%2Fjegtheme%22%7D%2C%7B%22social_icon%22%3A%22google-plus%22%2C%22social_url%22%3A%22https%3A%2F%2Fplus.google.com%2F%2Benvato%22%7D%2C%7B%22social_icon%22%3A%22behance%22%2C%22social_url%22%3A%22https%3A%2F%2Fwww.behance.net%2Fjegtheme%22%7D%2C%7B%22social_icon%22%3A%22instagram%22%2C%22social_url%22%3A%22https%3A%2F%2Fwww.instagram.com%2Fenvato%2F%22%7D%2C%7B%22social_icon%22%3A%22vk%22%2C%22social_url%22%3A%22https%3A%2F%2Fvk.com%2Fcnn_page%22%7D%2C%7B%22social_icon%22%3A%22youtube%22%2C%22social_url%22%3A%22http%3A%2F%2Fwww.youtube.com%2Fuser%2FEnvato%22%7D%2C%7B%22social_icon%22%3A%22flickr%22%2C%22social_url%22%3A%22https%3A%2F%2Fwww.flickr.com%2Fphotos%2Fwe-are-envato%2F%22%7D%5D",
      "bh_key": "t2wwIJCdYCWCdAdPHwef3hGvcx8ztA8o",
      "column": "col4",
      "fb_id": "1708153456106457",
      "fb_key": "1708153456106457|LBeqPdQFTJXpeFL3sPex1LQBMVY",
      "fb_secret": "ae408213fb9a2e29d3ad858e03ec5a75",
      "gg_key": "AIzaSyCNRPgcByJDdhhZZRZ0AEyUnZ9lqmlBrvE",
      "header_background": "",
      "header_text_color": "",
      "header_type": "heading_5",
      "header_url": "",
      "newtab": "1",
      "rss_count": "",
      "second_title": "",
      "style": "light",
      "title": "Follow Us",
      "twitch_key": "",
      "vk_id": "210700286"
    },
    "jnews_popular-3": {
      "header_background": "",
      "header_text_color": "",
      "header_type": "heading_5",
      "header_url": "",
      "limit": "5",
      "order_by": "views",
      "range": "all",
      "second_title": "",
      "title": "Popular News"
    },
    "jnews_module_element_ads-1": {
      "ads_code": "",
      "ads_image": "{{image:ad_345x345:id}}",
      "ads_image_alt": "",
      "ads_image_link": "http://bit.ly/jnewsio",
      "ads_image_new_tab": "1",
      "ads_type": "image",
      "column_width": "auto",
      "google_desktop": "auto",
      "google_phone": "auto",
      "google_publisher_id": "",
      "google_slot_id": "",
      "google_tab": "auto"
    }
  },
  "stocks-sticker": {
    "widget_stockdio_ticker-2": {
      "culture": "",
      "exchange": "NYSENasdaq",
      "header_background": "",
      "header_text_color": "",
      "header_type": "heading_6",
      "header_url": "",
      "second_title": "",
      "symbols": "AAPL;MSFT;GOOG;HPQ;^SPX;^DJI",
      "title": "",
      "width": "100%"
    }
  }
}