{
  "mods": {
    "custom_css_post_id": -1,
    "jnews_accent_color": "#c69d6d",
    "jnews_additional_font": [],
    "jnews_alt_color": "#141204",
    "jnews_archive_content_excerpt": "50",
    "jnews_author_content": "27",
    "jnews_author_content_excerpt": "38",
    "jnews_block_heading_font": {
      "color": "",
      "font-family": "",
      "font-size": "",
      "line-height": "",
      "show_subsets": true,
      "show_variants": true,
      "subsets": [],
      "variant": null
    },
    "jnews_body_color": "#666666",
    "jnews_body_font": {
      "color": "",
      "font-family": "Work Sans",
      "font-size": "",
      "line-height": "",
      "show_subsets": true,
      "show_variants": true,
      "subsets": [],
      "variant": [
        "regular",
        "600"
      ]
    },
    "jnews_category_content": "27",
    "jnews_category_content_excerpt": "39",
    "jnews_category_hero_show": false,
    "jnews_footer_bg_color": "#060502",
    "jnews_footer_linkhover_color": "#ffffff",
    "jnews_footer_scheme": "dark",
    "jnews_footer_style": "custom",
    "jnews_footer_custom_layout": "{{post:footer:id}}",
    "jnews_footer_widget_title_color": "#c69d6d",
    "jnews_h1_font": {
      "color": "",
      "font-family": "Lora",
      "font-size": "",
      "line-height": "",
      "show_subsets": true,
      "show_variants": true,
      "subsets": [],
      "variant": [
        "regular",
        "700"
      ]
    },
    "jnews_hb_arrange_bar": [
      "top",
      "bottom",
      "mid"
    ],
    "jnews_hb_display_desktop_mid_left": "grow",
    "jnews_hb_element_desktop_bottom_right": [
      "social_icon",
      "separator5",
      "search_icon"
    ],
    "jnews_hb_element_desktop_mid_center": [
      "logo"
    ],
    "jnews_hb_element_desktop_mid_left": [],
    "jnews_hb_element_desktop_sticky_mid_right": [
      "social_icon",
      "separator1",
      "search_icon"
    ],
    "jnews_hb_element_desktop_top_left": [],
    "jnews_hb_element_mobile_drawer_bottom_center": [
      "social_icon"
    ],
    "jnews_hb_element_mobile_mid_center": [
      "logo"
    ],
    "jnews_header_bottombar_background_color": "#141204",
    "jnews_header_bottombar_scheme": "jeg_navbar_dark",
    "jnews_header_drawer_social_icon_text_color": "#141104",
    "jnews_header_font": {
      "color": "",
      "font-family": "",
      "font-size": "",
      "line-height": "",
      "show_subsets": true,
      "show_variants": true,
      "subsets": [],
      "variant": null
    },
    "jnews_header_html_mobile": "",
    "jnews_header_logo": "{{image:logo:url:full}}",
    "jnews_header_logo_retina": "{{image:logo2x:url:full}}",
    "jnews_header_logo_spacing": {
      "bottom": "5px",
      "left": "0px",
      "right": "0px",
      "top": "0px"
    },
    "jnews_header_menu_follow": "fixed",
    "jnews_header_menu_hover_text_color": "#c69d6d",
    "jnews_header_menu_search_form_style": "round",
    "jnews_header_menu_search_form_width": "38",
    "jnews_header_menu_search_noexpand_input_background_color": "rgba(10,10,10,0)",
    "jnews_header_menu_style": "jeg_menu_style_5",
    "jnews_header_menu_text_color": "#ffffff",
    "jnews_header_midbar_border_bottom_height": "1",
    "jnews_header_midbar_height": "205",
    "jnews_header_mobile_midbar_background_color": "#141204",
    "jnews_header_mobile_midbar_scheme": "dark",
    "jnews_header_nav_icon_color": "#ffffff",
    "jnews_header_nav_icon_mobilcolor": "#ffffff",
    "jnews_header_search_icon_color": "#ffffff",
    "jnews_header_social_icon_text_color": "#ffffff",
    "jnews_header_stickybar_background_color": "#141204",
    "jnews_header_stickybar_border_bottom_height": "0",
    "jnews_header_stickybar_scheme": "jeg_navbar_dark",
    "jnews_header_width": "normal",
    "jnews_heading_color": "#141204",
    "jnews_mobile_logo": "{{image:mobile_logo:url:full}}",
    "jnews_mobile_logo_retina": "{{image:mobile_logo2x:url:full}}",
    "jnews_p_font": {
      "color": "",
      "font-family": "Lora",
      "font-size": "",
      "line-height": "",
      "show_subsets": true,
      "show_variants": true,
      "subsets": [],
      "variant": [
        "regular",
        "700"
      ]
    },
    "jnews_search_content_excerpt": "50",
    "jnews_single_blog_enable_fullscreen": false,
    "jnews_single_blog_template": "5",
    "jnews_single_comment": false,
    "jnews_single_number_post_related": "4",
    "jnews_single_post_pagination_related": "disable",
    "jnews_single_post_related_excerpt": "39",
    "jnews_single_post_related_header": "heading_5",
    "jnews_single_post_related_template": "27",
    "jnews_single_share_position": "bottom",
    "jnews_single_show_author_box": true,
    "jnews_single_show_category": false,
    "jnews_single_show_popup_post": false,
    "jnews_single_show_post_author": false,
    "jnews_single_show_post_related": true,
    "jnews_single_show_prev_next_post": false,
    "jnews_single_show_tag": false,
    "jnews_social_icon": [
      {
        "social_icon": "facebook",
        "social_url": "http://facebook.com"
      },
      {
        "social_icon": "twitter",
        "social_url": "http://twitter.com"
      },
      {
        "social_icon": "vk",
        "social_url": "#"
      },
      {
        "social_icon": "pinterest",
        "social_url": "http://pinterest.com"
      },
      {
        "social_icon": "instagram",
        "social_url": "http://instagram.com/jegtheme"
      }
    ],
    "jnews_sticky_menu_logo": "",
    "jnews_sticky_menu_logo_retina": "",
    "nav_menu_locations": {
      "mobile_navigation": "{{menu_location:main-navigation:id}}",
      "navigation": "{{menu_location:main-navigation:id}}",
      "top_navigation": "{{menu_location:main-navigation:id}}",
      "footer_navigation": "{{menu_location:footer-navigation:id}}"
    }
  },
  "options": {
    "amp_customizer[color_scheme]": "light",
    "amp_customizer[header_background_color]": "#0a89c0",
    "amp_customizer[header_color]": "#fff",
    "jnews_option[ads_preview_slider_code]": "",
    "jnews_option[ads_preview_slider_google_desktop]": "auto",
    "jnews_option[ads_preview_slider_google_id]": "",
    "jnews_option[ads_preview_slider_google_publisher]": "",
    "jnews_option[ads_preview_slider_image]": "",
    "jnews_option[ads_preview_slider_link]": "",
    "jnews_option[ads_preview_slider_shortcode]": "",
    "jnews_option[ads_preview_slider_text]": "",
    "jnews_option[ads_preview_slider_type]": "googleads",
    "jnews_option[amp_ads_above_article_custom]": "",
    "jnews_option[amp_ads_above_article_enable]": "",
    "jnews_option[amp_ads_above_article_google_id]": "",
    "jnews_option[amp_ads_above_article_google_publisher]": "",
    "jnews_option[amp_ads_above_article_size]": "auto",
    "jnews_option[amp_ads_above_article_type]": "googleads",
    "jnews_option[amp_ads_above_content_custom]": "",
    "jnews_option[amp_ads_above_content_enable]": "",
    "jnews_option[amp_ads_above_content_google_id]": "",
    "jnews_option[amp_ads_above_content_google_publisher]": "",
    "jnews_option[amp_ads_above_content_size]": "auto",
    "jnews_option[amp_ads_above_content_type]": "googleads",
    "jnews_option[amp_ads_above_header_custom]": "",
    "jnews_option[amp_ads_above_header_enable]": "",
    "jnews_option[amp_ads_above_header_google_id]": "",
    "jnews_option[amp_ads_above_header_google_publisher]": "",
    "jnews_option[amp_ads_above_header_size]": "auto",
    "jnews_option[amp_ads_above_header_type]": "googleads",
    "jnews_option[amp_ads_below_article_custom]": "",
    "jnews_option[amp_ads_below_article_enable]": "",
    "jnews_option[amp_ads_below_article_google_id]": "",
    "jnews_option[amp_ads_below_article_google_publisher]": "",
    "jnews_option[amp_ads_below_article_size]": "auto",
    "jnews_option[amp_ads_below_article_type]": "googleads",
    "jnews_option[amp_ads_below_content_custom]": "",
    "jnews_option[amp_ads_below_content_enable]": "",
    "jnews_option[amp_ads_below_content_google_id]": "",
    "jnews_option[amp_ads_below_content_google_publisher]": "",
    "jnews_option[amp_ads_below_content_size]": "auto",
    "jnews_option[amp_ads_below_content_type]": "googleads",
    "jnews_option[amp_ads_inline_content_custom]": "",
    "jnews_option[amp_ads_inline_content_enable]": "",
    "jnews_option[amp_ads_inline_content_google_id]": "",
    "jnews_option[amp_ads_inline_content_google_publisher]": "",
    "jnews_option[amp_ads_inline_content_paragraph]": "3",
    "jnews_option[amp_ads_inline_content_paragraph_random]": "",
    "jnews_option[amp_ads_inline_content_size]": "auto",
    "jnews_option[amp_ads_inline_content_type]": "googleads",
    "jnews_option[article_schema_type]": "article",
    "jnews_option[enable_schema]": true,
    "jnews_option[footer_instagram_column]": 8,
    "jnews_option[footer_instagram_follow_button]": "",
    "jnews_option[footer_instagram_hover_style]": "zoom",
    "jnews_option[footer_instagram_newtab]": "",
    "jnews_option[footer_instagram_row]": 1,
    "jnews_option[footer_instagram_sort_type]": "most_recent",
    "jnews_option[footer_instagram_username]": "",
    "jnews_option[instagram_feed_enable]": "hide",
    "jnews_option[main_schema_logo]": "",
    "jnews_option[main_schema_organization_name]": "",
    "jnews_option[main_schema_person_name]": "",
    "jnews_option[main_schema_type]": "organization",
    "jnews_option[main_schema_type_header_person]": "",
    "jnews_option[main_scheme_area]": "",
    "jnews_option[main_scheme_contact_type]": "customer_service",
    "jnews_option[main_scheme_person_address]": "",
    "jnews_option[main_scheme_telp]": "",
    "jnews_option[preview_slider_ads]": false,
    "jnews_option[preview_slider_desc]": false,
    "jnews_option[preview_slider_loader]": "dot",
    "jnews_option[preview_slider_toggle]": false,
    "jnews_option[single_like_view_percentage]": "11",
    "jnews_option[single_social_share_fb_token]": "",
    "jnews_option[single_social_share_main]": [
      {
        "social_share": "facebook",
        "social_text": "Share on Facebook"
      },
      {
        "social_share": "twitter",
        "social_text": "Share on Twitter"
      },
      {
        "social_share": "googleplus",
        "social_text": ""
      }
    ],
    "jnews_option[single_social_share_secondary]": [
      {
        "social_share": "linkedin"
      },
      {
        "social_share": "pinterest"
      }
    ],
    "jnews_option[single_social_share_threshold]": 0,
    "jnews_option[single_social_share_via_twitter]": "",
    "jnews_option[single_social_share_view_percentage]": "16",
    "jnews_option[single_view_initial_value]": "1876",
    "jnews_option[single_view_option]": "jnews",
    "jnews_option[social_login_alert]": "info",
    "jnews_option[social_login_enable_facebook]": "",
    "jnews_option[social_login_enable_google]": "",
    "jnews_option[social_login_enable_linkedin]": "",
    "jnews_option[social_login_facebook_id]": "",
    "jnews_option[social_login_facebook_secret]": "",
    "jnews_option[social_login_google_app_name]": "",
    "jnews_option[social_login_google_id]": "",
    "jnews_option[social_login_google_secret]": "",
    "jnews_option[social_login_linkedin_id]": "",
    "jnews_option[social_login_linkedin_secret]": "",
    "jnews_option[social_login_show]": "hide",
    "jnews_option[social_login_style]": "normal",
    "jnews_option[social_login_user_role]": "subscriber",
    "jnews_option[social_meta_fb_app_id]": "",
    "nav_menus_created_posts": [],
    "site_icon": "{{image:favicon:id}}",
    "show_on_front": "page",
    "page_on_front": "{{post:home-1:id}}"
  },
  "template": "jnews",
  "wp_css": ""
}