{
  "home-2": {
    "categories-5": {
      "count": "on",
      "header_background": "",
      "header_text_color": "",
      "header_type": "heading_1",
      "header_url": "",
      "title": "Categories"
    },
    "jnews_module_block_19-1": {
      "column_width": "auto",
      "date_format": "default",
      "date_format_custom": "Y\/m\/d",
      "exclude_category": "",
      "exclude_post": "",
      "exclude_tag": "",
      "first_title": "Most Popular",
      "header_background": "",
      "header_filter_author": "",
      "header_filter_category": "",
      "header_filter_tag": "",
      "header_filter_text": "All",
      "header_text_color": "",
      "header_type": "heading_1",
      "include_author": "",
      "include_category": "",
      "include_post": "",
      "include_tag": "",
      "number_post": "4",
      "pagination_mode": "disable",
      "pagination_number_post": "6",
      "pagination_scroll_limit": "0",
      "post_offset": "0",
      "post_type": "post",
      "second_title": "",
      "sort_by": "latest",
      "unique_content": "disable",
      "url": ""
    },
    "jnews_social_counter-1": {
      "account": "%5B%7B%22social_icon%22%3A%22facebook%22%2C%22social_url%22%3A%22jegtheme%22%7D%2C%7B%22social_icon%22%3A%22twitter%22%2C%22social_url%22%3A%22https%3A%2F%2Ftwitter.com%2Fjegtheme%22%7D%2C%7B%22social_icon%22%3A%22google-plus%22%2C%22social_url%22%3A%22https%3A%2F%2Fplus.google.com%2F%2Benvato%22%7D%2C%7B%22social_icon%22%3A%22behance%22%2C%22social_url%22%3A%22https%3A%2F%2Fwww.behance.net%2Fjegtheme%22%7D%2C%7B%22social_icon%22%3A%22instagram%22%2C%22social_url%22%3A%22https%3A%2F%2Fwww.instagram.com%2Fenvato%2F%22%7D%2C%7B%22social_icon%22%3A%22dribbble%22%2C%22social_url%22%3A%22https%3A%2F%2Fdribbble.com%2Fenvato%22%7D%2C%7B%22social_icon%22%3A%22youtube%22%2C%22social_url%22%3A%22http%3A%2F%2Fwww.youtube.com%2Fuser%2FEnvato%22%7D%2C%7B%22social_icon%22%3A%22soundcloud%22%2C%22social_url%22%3A%22https%3A%2F%2Fsoundcloud.com%2Fdialogdinihari%22%7D%5D",
      "bh_key": "t2wwIJCdYCWCdAdPHwef3hGvcx8ztA8o",
      "column": "col4",
      "fb_id": "1708153456106457",
      "fb_key": "1708153456106457|LBeqPdQFTJXpeFL3sPex1LQBMVY",
      "fb_secret": "ae408213fb9a2e29d3ad858e03ec5a75",
      "gg_key": "AIzaSyCNRPgcByJDdhhZZRZ0AEyUnZ9lqmlBrvE",
      "header_background": "",
      "header_text_color": "",
      "header_type": "heading_1",
      "header_url": "",
      "linkedin_code": "",
      "linkedin_id": "",
      "linkedin_key": "",
      "linkedin_secret": "",
      "rss_count": "",
      "style": "light",
      "title": "Stay Connected",
      "twitch_key": "",
      "vk_id": ""
    },
    "jnews_module_element_ads-3": {
      "ads_code": "",
      "ads_image": "12",
      "ads_image_alt": "",
      "ads_image_link": "#",
      "ads_image_new_tab": "1",
      "ads_type": "image",
      "column_width": "auto",
      "google_desktop": "auto",
      "google_phone": "auto",
      "google_publisher_id": "",
      "google_slot_id": "",
      "google_tab": "auto"
    },
    "jnews_about-4": {
      "title": "About Me",
      "aboutimg": "{{image:fashion1:id}}",
      "aboutimgretina": "{{image:fashion1:id}}",
      "aboutname": "Mocha Rose",
      "aboutoccupation": "Fashion Blogger & Traveler",
      "aboutdesc": "Hello & welcome to my blog! My name is Mocha Rose and I'm a 20-year-old independent blogger with a passion for sharing about fashion and lifestyle.",
      "signature": "",
      "signatureretina": "",
      "align": "1",
      "header_url": "",
      "header_type": "heading_3",
      "header_background": "#252627",
      "header_text_color": ""
    },
    "jnews_module_element_ads-1": {
      "ads_type": "image",
      "ads_image": "11",
      "ads_image_link": "#",
      "ads_image_alt": "",
      "ads_image_new_tab": "1",
      "google_publisher_id": "",
      "google_slot_id": "",
      "google_desktop": "auto",
      "google_tab": "auto",
      "google_phone": "auto",
      "content": "",
      "scheme": "normal",
      "column_width": "auto"
    },
    "jnews_social-1": {
      "title": "Follow Me",
      "widgetstyle": "nobg",
      "icon_color": "#252627",
      "bg_color": "",
      "align": "1",
      "beforesocial": "",
      "aftersocial": "",
      "account": "%5B%7B%22social_icon%22%3A%22facebook%22%2C%22social_url%22%3A%22http%3A%2F%2Ffacebook.com%2Fjegtheme%22%7D%2C%7B%22social_icon%22%3A%22twitter%22%2C%22social_url%22%3A%22https%3A%2F%2Ftwitter.com%2Fjegtheme%22%7D%2C%7B%22social_icon%22%3A%22googleplus%22%2C%22social_url%22%3A%22https%3A%2F%2Fplus.google.com%2F%2Benvato%22%7D%2C%7B%22social_icon%22%3A%22instagram%22%2C%22social_url%22%3A%22https%3A%2F%2Fwww.instagram.com%2Fjegtheme%2F%22%7D%2C%7B%22social_icon%22%3A%22pinterest%22%2C%22social_url%22%3A%22https%3A%2F%2Fpinterest.com%2Fjegtheme%2F%22%7D%2C%7B%22social_icon%22%3A%22vk%22%2C%22social_url%22%3A%22%23%22%7D%2C%7B%22social_icon%22%3A%22flickr%22%2C%22social_url%22%3A%22%23%22%7D%5D",
      "header_url": "",
      "header_type": "heading_3",
      "header_background": "#252627",
      "header_text_color": ""
    },
    "jnews_popular-1": {
      "title": "Popular Posts",
      "limit": "5",
      "order_by": "comments",
      "range": "daily",
      "header_url": "",
      "header_type": "heading_3",
      "header_background": "#252627",
      "header_text_color": ""
    },
    "jnews_module_element_ads-4": {
      "ads_type": "image",
      "ads_image": "",
      "ads_image_link": "#",
      "ads_image_alt": "",
      "ads_image_new_tab": "1",
      "google_publisher_id": "",
      "google_slot_id": "",
      "google_desktop": "auto",
      "google_tab": "auto",
      "google_phone": "auto",
      "ads_code": "",
      "column_width": "auto"
    },
    "jnews_facebook_page-3": {
      "title": "Facebook",
      "url": "https:\/\/www.facebook.com\/lookbook\/",
      "appid": "1708153456106457",
      "tabs": "false",
      "height": "",
      "cover": "false",
      "photo": "true",
      "header_url": "",
      "header_type": "heading_3",
      "header_background": "#252627",
      "header_text_color": ""
    },
    "jnews_instagram-2": {
      "title": "Instagram",
      "username": "lookbook",
      "column": "3",
      "row": "3",
      "hover": "zoom",
      "sort": "most_recent",
      "button": "",
      "newtab": "1",
      "header_url": "",
      "header_type": "heading_3",
      "header_background": "#252627",
      "header_text_color": ""
    }
  },
  "home-4": {
    "jnews_about-5": {
      "title": "About Me",
      "aboutimg": "{{image:fashion1:id}}",
      "aboutimgretina": "{{image:fashion1:id}}",
      "aboutname": "Mocha Rose",
      "aboutoccupation": "Fashion Blogger & Traveler",
      "aboutdesc": "Hello & welcome to my blog! My name is Mocha Rose and I'm a 20-year-old independent blogger with a passion for sharing about fashion and lifestyle.",
      "signature": "",
      "signatureretina": "",
      "align": "1",
      "header_url": "",
      "header_type": "heading_3",
      "header_background": "#252627",
      "header_text_color": ""
    },
    "jnews_social-2": {
      "title": "Follow Me",
      "widgetstyle": "nobg",
      "icon_color": "#252627",
      "bg_color": "",
      "align": "1",
      "beforesocial": "",
      "aftersocial": "",
      "account": "%5B%7B%22social_icon%22%3A%22facebook%22%2C%22social_url%22%3A%22http%3A%2F%2Ffacebook.com%2Fjegtheme%22%7D%2C%7B%22social_icon%22%3A%22twitter%22%2C%22social_url%22%3A%22https%3A%2F%2Ftwitter.com%2Fjegtheme%22%7D%2C%7B%22social_icon%22%3A%22googleplus%22%2C%22social_url%22%3A%22https%3A%2F%2Fplus.google.com%2F%2Benvato%22%7D%2C%7B%22social_icon%22%3A%22instagram%22%2C%22social_url%22%3A%22https%3A%2F%2Fwww.instagram.com%2Fjegtheme%2F%22%7D%2C%7B%22social_icon%22%3A%22pinterest%22%2C%22social_url%22%3A%22https%3A%2F%2Fpinterest.com%2Fjegtheme%2F%22%7D%2C%7B%22social_icon%22%3A%22vk%22%2C%22social_url%22%3A%22%23%22%7D%2C%7B%22social_icon%22%3A%22flickr%22%2C%22social_url%22%3A%22%23%22%7D%5D",
      "header_url": "",
      "header_type": "heading_3",
      "header_background": "#252627",
      "header_text_color": ""
    }
  },
  "home-4-loop": {
    "search-5": {
      "title": "SEARCH POST",
      "header_url": "",
      "header_type": "heading_3",
      "header_background": "#252627",
      "header_text_color": ""
    },
    "jnews_instagram-3": {
      "title": "Instagram",
      "username": "lookbook",
      "column": "3",
      "row": "3",
      "hover": "zoom",
      "sort": "most_recent",
      "button": "",
      "newtab": "1",
      "header_url": "",
      "header_type": "heading_3",
      "header_background": "#252627",
      "header_text_color": ""
    },
    "categories-6": {
      "title": "Categories",
      "count": "on",
      "header_url": "",
      "header_type": "heading_3",
      "header_background": "#252627",
      "header_text_color": ""
    },
    "jnews_recent_news-1": {
      "title": "RECENT POSTS",
      "postnumber": "3",
      "header_url": "",
      "header_type": "heading_3",
      "header_background": "#252627",
      "header_text_color": ""
    },
    "jnews_facebook_page-4": {
      "title": "Facebook",
      "url": "https:\/\/www.facebook.com\/lookbook\/",
      "appid": "1708153456106457",
      "tabs": "false",
      "height": "",
      "cover": "false",
      "photo": "true",
      "header_url": "",
      "header_type": "heading_3",
      "header_background": "#252627",
      "header_text_color": ""
    }
  },
  "default-sidebar": {
    "jnews_about-3": {
      "title": "About Me",
      "aboutimg": "{{image:fashion1:id}}",
      "aboutimgretina": "{{image:fashion1:id}}",
      "aboutname": "Serdadu Tridatu",
      "aboutoccupation": "Blogger & Traveler",
      "aboutdesc": "Hello & welcome to my blog! My name is Serdadu Tridatu and I'm a 20-year-old independent blogger with a passion for sharing about fashion and lifestyle.",
      "signature": "",
      "signatureretina": "",
      "align": "1",
      "second_title": "",
      "header_url": "",
      "header_type": "heading_3",
      "header_background": "#141204",
      "header_text_color": ""
    },
    "categories-8": {
      "title": "Categories",
      "count": "on",
      "second_title": "",
      "header_url": "",
      "header_type": "heading_3",
      "header_background": "#141204",
      "header_text_color": ""
    },
    "jnews_popular-3": {
      "title": "Popular",
      "limit": "5",
      "order_by": "views",
      "range": "all",
      "second_title": "",
      "header_url": "",
      "header_type": "heading_3",
      "header_background": "#141204",
      "header_text_color": ""
    },
    "jnews_instagram-4": {
      "title": "Instagram",
      "username": "jnews_fashionblog",
      "column": "3",
      "row": "3",
      "hover": "normal",
      "sort": "most_recent",
      "button": "",
      "newtab": "1",
      "second_title": "",
      "header_url": "",
      "header_type": "heading_3",
      "header_background": "#141204",
      "header_text_color": ""
    }
  },
  "contact": {
    "jnews_about-6": {
      "title": "About Me",
      "aboutimg": "{{image:fashion1:id}}",
      "aboutimgretina": "{{image:fashion1:id}}",
      "aboutname": "Serdadu Tridatu",
      "aboutoccupation": "Blogger & Traveler",
      "aboutdesc": "Hello & welcome to my blog! My name is Serdadu Tridatu and I'm a 20-year-old independent blogger with a passion for sharing about fashion and lifestyle.",
      "signature": "",
      "signatureretina": "",
      "align": "1",
      "second_title": "",
      "header_url": "",
      "header_type": "heading_3",
      "header_background": "#141204",
      "header_text_color": ""
    },
    "jnews_social-3": {
      "title": "Follow Me",
      "widgetstyle": "square",
      "icon_color": "",
      "bg_color": "",
      "align": "1",
      "beforesocial": "",
      "aftersocial": "",
      "account": "%5B%7B%22social_icon%22%3A%22facebook%22%2C%22social_url%22%3A%22https%3A%2F%2Fwww.facebook.com%2Fjegtheme%2F%22%7D%2C%7B%22social_icon%22%3A%22twitter%22%2C%22social_url%22%3A%22https%3A%2F%2Ftwitter.com%2Fjegtheme%22%7D%2C%7B%22social_icon%22%3A%22vk%22%2C%22social_url%22%3A%22%23%22%7D%2C%7B%22social_icon%22%3A%22pinterest%22%2C%22social_url%22%3A%22https%3A%2F%2Fpinterest.com%22%7D%2C%7B%22social_icon%22%3A%22instagram%22%2C%22social_url%22%3A%22https%3A%2F%2Finstagram.com%2Fjegtheme%22%7D%2C%7B%22social_icon%22%3A%22youtube%22%2C%22social_url%22%3A%22httpshttps%3A%2F%2Fwww.youtube.com%2Fchannel%2FUCiSEZYAicvipL95JrvISyIw%22%7D%2C%7B%22social_icon%22%3A%22rss%22%2C%22social_url%22%3A%22https%3A%2F%2Fjnews.io%2Fclassic-blog%2Ffeed%2F%22%7D%5D",
      "second_title": "",
      "header_url": "",
      "header_type": "heading_3",
      "header_background": "#141204",
      "header_text_color": ""
    },
    "categories-7": {
      "title": "Categories",
      "count": "on",
      "second_title": "",
      "header_url": "",
      "header_type": "heading_3",
      "header_background": "#141204",
      "header_text_color": ""
    }
  }
}