{
  "mods": {
    "custom_css_post_id": -1,
    "jnews_accent_color": "#fcb11e",
    "jnews_ads_content_bottom_enable": true,
    "jnews_ads_content_bottom_image": "{{image:ad_728x90:url:full}}",
    "jnews_ads_content_bottom_link": "#",
    "jnews_ads_content_bottom_type": "image",
    "jnews_ads_header_image": "{{image:ad_728x90:url:full}}",
    "jnews_ads_inline_module_enable": true,
    "jnews_ads_inline_module_image": "{{image:ad_728x90:url:full}}",
    "jnews_ads_inline_module_link": "#",
    "jnews_ads_inline_module_paragraph": "3",
    "jnews_ads_inline_module_type": "image",
    "jnews_archive_content": "5",
    "jnews_body_font": {
      "color": "",
      "font-family": "Open Sans",
      "font-size": "",
      "line-height": "",
      "show_subsets": true,
      "show_variants": true,
      "subsets": [],
      "variant": [
        "regular",
        "600"
      ]
    },
    "jnews_category_content": "5",
    "jnews_category_content_pagination_show_navtext": true,
    "jnews_category_global_text_color": "#191818",
    "jnews_category_hero": "9",
    "jnews_category_hero_margin": "2",
    "jnews_category_hero_style": "jeg_hero_style_4",
    "jnews_footer_bg_color": "#191818",
    "jnews_footer_copyright": "© 2018 JNews by <a href=\"http://jegtheme.com\" title=\"Jegtheme\">Jegtheme</a>.",
    "jnews_footer_logo": "{{image:footer_logo:url:full}}",
    "jnews_footer_logo_retina": "{{image:footer_logo2x:url:full}}",
    "jnews_footer_menu_color": "#ffffff",
    "jnews_footer_menu_hover_text_color": "#fcd15b",
    "jnews_footer_nav_text_color": "#fcd15b",
    "jnews_footer_social_text_color": "#fcd15b",
    "jnews_footer_style": "custom",
    "jnews_footer_custom_layout": "{{post:footer:id}}",
    "jnews_hb_element_desktop_bottom_center": [],
    "jnews_hb_element_desktop_bottom_right": [
      "search_form"
    ],
    "jnews_hb_element_desktop_mid_left": [
      "logo"
    ],
    "jnews_hb_element_desktop_mid_right": [
      "ads"
    ],
    "jnews_hb_element_desktop_top_left": [
      "top_bar_menu"
    ],
    "jnews_hb_element_desktop_top_right": [
      "social_icon",
      "html1"
    ],
    "jnews_header_bottombar_background_color": "#2d2d2b",
    "jnews_header_bottombar_border_bottom_height": "0",
    "jnews_header_bottombar_fitwidth": false,
    "jnews_header_bottombar_scheme": "jeg_navbar_dark",
    "jnews_header_html_1": "<a href=\"#\">Newsletter</a>",
    "jnews_header_logo": "{{image:logo:url:full}}",
    "jnews_header_logo_retina": "{{image:logo2x:url:full}}",
    "jnews_mobile_logo": "{{image:footer_logo:url:full}}",
    "jnews_mobile_logo_retina": "{{image:footer_logo2x:url:full}}",
    "jnews_header_logo_spacing": {
      "bottom": "0px",
      "left": "5px",
      "right": "0px",
      "top": "0px"
    },
    "jnews_header_menu_hover_background_color": "#fcb11e",
    "jnews_header_menu_hover_text_color": "#191818",
    "jnews_header_menu_search_form_style": "rounded",
    "jnews_header_menu_search_form_width": "100",
    "jnews_header_menu_search_noexpand_icon_color": "#191818",
    "jnews_header_menu_search_noexpand_input_background_color": "#ffffff",
    "jnews_header_menu_search_noexpand_input_color": "#191818",
    "jnews_header_menu_search_noexpand_input_placeholder_color": "rgba(25,24,24,0.65)",
    "jnews_header_menu_style": "jeg_menu_style_4",
    "jnews_header_menu_text_color": "#ffffff",
    "jnews_header_midbar_background": "#191818",
    "jnews_header_midbar_background_fixed": "fixed",
    "jnews_header_midbar_background_image": "",
    "jnews_header_midbar_background_position": "center top",
    "jnews_header_midbar_background_repeat": "no-repeat",
    "jnews_header_midbar_background_size": "cover",
    "jnews_header_midbar_scheme": "dark",
    "jnews_header_search_icon_color": "#ffffff",
    "jnews_header_social_icon": "nobg",
    "jnews_header_social_icon_text_color": "#9e9e9e",
    "jnews_header_stickybar_border_bottom_height": "0",
    "jnews_header_submenu_icon_color": "rgba(0,0,0,0.4)",
    "jnews_header_topbar_bg_color": "#191818",
    "jnews_header_topbar_border_top_color": "#fcb11e",
    "jnews_header_topbar_border_top_height": "0",
    "jnews_header_topbar_link_color_hover": "#ffffff",
    "jnews_header_topbar_text_color": "#9e9e9e",
    "jnews_single_number_post_related": "5",
    "jnews_single_post_inline_related_float": "right",
    "jnews_single_post_inline_related_ftitle": "Related articles",
    "jnews_single_post_inline_related_fullwidth": true,
    "jnews_single_post_inline_related_header": "heading_7",
    "jnews_single_post_inline_related_number": "2",
    "jnews_single_post_inline_related_pagination": "disable",
    "jnews_single_post_inline_related_paragraph": "2",
    "jnews_single_post_inline_related_stitle": "",
    "jnews_single_post_inline_related_template": "21",
    "jnews_single_post_pagination_related": "loadmore",
    "jnews_single_post_related_header": "heading_7",
    "jnews_single_post_related_template": "3",
    "jnews_single_post_show_inline_related": true,
    "jnews_single_share_position": "topbottom",
    "jnews_single_show_popup_post": false,
    "jnews_single_show_post_related": true,
    "jnews_social_icon": [
      {
        "social_icon": "facebook",
        "social_url": "https://www.facebook.com/jegtheme/"
      },
      {
        "social_icon": "twitter",
        "social_url": "https://twitter.com/jegtheme"
      },
      {
        "social_icon": "googleplus",
        "social_url": "https://plus.google.com/+Jegtheme"
      },
      {
        "social_icon": "linkedin",
        "social_url": "https://www.linkedin.com/"
      }
    ],
    "jnews_sticky_menu_logo": "",
    "jnews_sticky_menu_logo_retina": "",
    "nav_menu_locations": {
      "mobile_navigation": "{{menu_location:mobile-navigation:id}}",
      "navigation": "{{menu_location:main-navigation:id}}",
      "top_navigation": "{{menu_location:top-navigation:id}}",
      "footer_navigation": "{{menu_location:footer-navigation:id}}"
    }
  },
  "options": {
    "amp_customizer[color_scheme]": "light",
    "amp_customizer[header_background_color]": "#0a89c0",
    "amp_customizer[header_color]": "#fff",
    "jnews_option[amp_ads_above_article_custom]": "",
    "jnews_option[amp_ads_above_article_enable]": "",
    "jnews_option[amp_ads_above_article_google_id]": "",
    "jnews_option[amp_ads_above_article_google_publisher]": "",
    "jnews_option[amp_ads_above_article_size]": "auto",
    "jnews_option[amp_ads_above_article_type]": "googleads",
    "jnews_option[amp_ads_above_content_custom]": "",
    "jnews_option[amp_ads_above_content_enable]": "",
    "jnews_option[amp_ads_above_content_google_id]": "",
    "jnews_option[amp_ads_above_content_google_publisher]": "",
    "jnews_option[amp_ads_above_content_size]": "auto",
    "jnews_option[amp_ads_above_content_type]": "googleads",
    "jnews_option[amp_ads_above_header_custom]": "",
    "jnews_option[amp_ads_above_header_enable]": "",
    "jnews_option[amp_ads_above_header_google_id]": "",
    "jnews_option[amp_ads_above_header_google_publisher]": "",
    "jnews_option[amp_ads_above_header_size]": "auto",
    "jnews_option[amp_ads_above_header_type]": "googleads",
    "jnews_option[amp_ads_below_article_custom]": "",
    "jnews_option[amp_ads_below_article_enable]": "",
    "jnews_option[amp_ads_below_article_google_id]": "",
    "jnews_option[amp_ads_below_article_google_publisher]": "",
    "jnews_option[amp_ads_below_article_size]": "auto",
    "jnews_option[amp_ads_below_article_type]": "googleads",
    "jnews_option[amp_ads_below_content_custom]": "",
    "jnews_option[amp_ads_below_content_enable]": "",
    "jnews_option[amp_ads_below_content_google_id]": "",
    "jnews_option[amp_ads_below_content_google_publisher]": "",
    "jnews_option[amp_ads_below_content_size]": "auto",
    "jnews_option[amp_ads_below_content_type]": "googleads",
    "jnews_option[amp_ads_inline_content_custom]": "",
    "jnews_option[amp_ads_inline_content_enable]": "",
    "jnews_option[amp_ads_inline_content_google_id]": "",
    "jnews_option[amp_ads_inline_content_google_publisher]": "",
    "jnews_option[amp_ads_inline_content_paragraph]": "3",
    "jnews_option[amp_ads_inline_content_paragraph_random]": "",
    "jnews_option[amp_ads_inline_content_size]": "auto",
    "jnews_option[amp_ads_inline_content_type]": "googleads",
    "jnews_option[article_schema_type]": "article",
    "jnews_option[enable_schema]": true,
    "jnews_option[footer_instagram_column]": 8,
    "jnews_option[footer_instagram_follow_button]": "",
    "jnews_option[footer_instagram_hover_style]": "zoom",
    "jnews_option[footer_instagram_newtab]": "",
    "jnews_option[footer_instagram_row]": 1,
    "jnews_option[footer_instagram_sort_type]": "most_recent",
    "jnews_option[footer_instagram_username]": "",
    "jnews_option[instagram_feed_enable]": "hide",
    "jnews_option[main_schema_logo]": "",
    "jnews_option[main_schema_organization_name]": "",
    "jnews_option[main_schema_person_name]": "",
    "jnews_option[main_schema_type]": "organization",
    "jnews_option[main_schema_type_header_person]": "",
    "jnews_option[main_scheme_area]": "",
    "jnews_option[main_scheme_contact_type]": "customer_service",
    "jnews_option[main_scheme_person_address]": "",
    "jnews_option[main_scheme_telp]": "",
    "jnews_option[single_like_view_percentage]": "4",
    "jnews_option[single_social_share_fb_token]": "",
    "jnews_option[single_social_share_main]": [
      {
        "social_share": "facebook",
        "social_text": "Share on Facebook"
      },
      {
        "social_share": "twitter",
        "social_text": "Share on Twitter"
      }
    ],
    "jnews_option[single_social_share_secondary]": [
      {
        "social_share": "linkedin"
      },
      {
        "social_share": "googleplus"
      },
      {
        "social_share": "pinterest"
      }
    ],
    "jnews_option[single_social_share_threshold]": 0,
    "jnews_option[single_social_share_via_twitter]": "jegtheme",
    "jnews_option[single_social_share_view_percentage]": "13",
    "jnews_option[single_view_initial_value]": "1452",
    "jnews_option[single_view_option]": "jnews",
    "jnews_option[social_login_alert]": "info",
    "jnews_option[social_login_enable_facebook]": "",
    "jnews_option[social_login_enable_google]": "",
    "jnews_option[social_login_enable_linkedin]": "",
    "jnews_option[social_login_facebook_id]": "",
    "jnews_option[social_login_facebook_secret]": "",
    "jnews_option[social_login_google_app_name]": "",
    "jnews_option[social_login_google_id]": "",
    "jnews_option[social_login_google_secret]": "",
    "jnews_option[social_login_linkedin_id]": "",
    "jnews_option[social_login_linkedin_secret]": "",
    "jnews_option[social_login_show]": "hide",
    "jnews_option[social_login_style]": "normal",
    "jnews_option[social_login_user_role]": "subscriber",
    "jnews_option[social_meta_fb_app_id]": "",
    "jnews_option[top_bar_weather_item]": "hide",
    "jnews_option[top_bar_weather_item_autodelay]": "2",
    "jnews_option[top_bar_weather_item_autohover]": true,
    "jnews_option[top_bar_weather_item_autoplay]": "",
    "jnews_option[top_bar_weather_item_content]": "temp",
    "jnews_option[top_bar_weather_item_count]": "4",
    "jnews_option[top_bar_weather_location]": "",
    "jnews_option[top_bar_weather_location_auto]": "",
    "jnews_option[weather_aerisweather_id]": "",
    "jnews_option[weather_aerisweather_secret]": "",
    "jnews_option[weather_cache_expired]": "1",
    "jnews_option[weather_darksky_api_key]": "",
    "jnews_option[weather_default_temperature]": "c",
    "jnews_option[weather_forecast_source]": "yahoo",
    "jnews_option[weather_openweathermap_api_key]": "",
    "nav_menus_created_posts": [],
    "site_icon": "{{image:favicon:id}}",
    "show_on_front": "page",
    "page_on_front": "{{post:home-1:id}}"
  },
  "template": "jnews",
  "wp_css": ""
}