{
  "template": "jnews",
  "mods": {
    "0":false,
    "custom_css_post_id":137,
    "nav_menu_locations":{
      "navigation": "{{menu_location:main-navigation:id}}",
      "mobile_navigation": "{{menu_location:main-navigation:id}}",
      "footer_navigation": "{{menu_location:footer-navigation:id}}"
    },
    "jnews_header_menu_search_style":"jeg_search_fullwidth_expand",
    "jnews_ads_header_1_enable":"1",
    "jnews_ads_header_1_image": "{{image:ad_728x90:url:full}}",
    "jnews_ads_header_1_type":"image",
    "jnews_ads_header_top_enable":false,
    "jnews_ads_header_top_type":"image",
    "jnews_archive_content":"5",
    "jnews_body_font":{
      "font-family":"Poppins",
      "font-size":"",
      "variant":[
        "regular",
        "700"
      ],
      "line-height":"",
      "color":"",
      "show_variants":true,
      "show_subsets":true,
      "subsets":[

      ]
    },
    "jnews_h1_font":{
      "font-family":"Poppins",
      "font-size":"",
      "variant":[
        "regular",
        "700"
      ],
      "line-height":"",
      "color":"",
      "show_variants":"1",
      "show_subsets":"1",
      "subsets":[

      ]
    },
    "jnews_p_font":{
      "font-family":"Source Sans Pro",
      "font-size":"",
      "variant":null,
      "line-height":"",
      "color":"",
      "show_variants":"1",
      "show_subsets":"1",
      "subsets":[

      ]
    },
    "jnews_social_icon":[
      {
        "social_icon":"facebook",
        "social_url":"http:\/\/facebook.com"
      },
      {
        "social_icon":"twitter",
        "social_url":"http:\/\/twitter.com"
      },
      {
        "social_icon":"googleplus",
        "social_url":"http:\/\/plus.google.com"
      },
      {
        "social_icon":"pinterest",
        "social_url":"http:\/\/pinterest.com"
      },
      {
        "social_icon":"rss",
        "social_url":"#"
      }
    ],
    "jnews_header_style":"1",
    "jnews_mobile_backgrond_color":"#3f3f3f",
    "jnews_mobile_button_background":"#6d6d6d",
    "jnews_hb_preset":"",
    "jnews_hb_element_desktop_top_right":[

    ],
    "jnews_header_social_icon_text_color":"#000000",
    "jnews_hb_arrange_bar":[
      "top",
      "mid",
      "bottom"
    ],
    "jnews_hb_element_desktop_mid_right":[
      "social_icon",
      "separator2",
      "search_icon"
    ],
    "jnews_hb_element_desktop_bottom_left":[

    ],
    "jnews_hb_element_desktop_bottom_right":[

    ],
    "jnews_hb_element_desktop_top_left":[

    ],
    "jnews_hb_element_desktop_mid_left":[
      "logo",
      "main_menu"
    ],
    "jnews_hb_element_desktop_mid_center":[

    ],
    "jnews_header_logo": "{{image:logo:url:full}}",
    "jnews_header_logo_retina": "{{image:logo2x:url:full}}",
    "jnews_hb_display_desktop_mid_center":"normal",
    "jnews_hb_display_desktop_mid_right":"normal",
    "jnews_header_topbar_height":"36",
    "jnews_hb_display_desktop_bottom_left":"grow",
    "jnews_hb_display_desktop_bottom_center":"normal",
    "jnews_hb_element_desktop_bottom_center":"",
    "jnews_header_social_icon":"nobg",
    "jnews_header_bottombar_height":"50",
    "jnews_header_bottombar_border_top_height":"0",
    "jnews_hb_display_desktop_mid_left":"grow",
    "jnews_header_width":"full",
    "jnews_header_midbar_height":"93",
    "jnews_header_midbar_background":"",
    "jnews_header_topbar_scheme":"normal",
    "jnews_header_bottombar_boxed":false,
    "jnews_header_bottombar_fitwidth":false,
    "jnews_header_bottombar_border":false,
    "jnews_header_bottombar_scheme":"jeg_navbar_normal",
    "jnews_header_bottombar_border_color":"",
    "jnews_header_midbar_border_top_height":"0",
    "jnews_header_topbar_bg_color":"",
    "jnews_ads_header_enable":true,
    "jnews_ads_header_top_image": "{{image:ad_728x90:url:full}}",
    "jnews_header_font":{
      "font-family":"Poppins",
      "font-size":"",
      "variant":[
        "regular",
        "700"
      ],
      "line-height":"",
      "color":"",
      "show_variants":true,
      "show_subsets":true,
      "subsets":[

      ]
    },
    "jnews_hb_element_desktop_sticky_mid_left":[
      "nav_icon",
      "logo"
    ],
    "jnews_header_sticky_width":"full",
    "jnews_header_weather_text_color":"#020202",
    "jnews_header_weather_icon_color":"#020202",
    "jnews_header_menu_search_form_style":"square",
    "jnews_header_menu_search_form_width":"70",
    "jnews_header_menu_search_noexpand_input_background_color":"#ffffff",
    "jnews_header_menu_search_noexpand_input_border_color":"#d8d8d8",
    "jnews_header_menu_search_noexpand_icon_color":"#7f7f7f",
    "jnews_header_menu_search_noexpand_input_color":"#111111",
    "jnews_accent_color":"#af1a1a",
    "jnews_alt_color":"#af1a1a",
    "jnews_header_social_icon_background":"#444444",
    "jnews_header_menu_search_noexpand_input_placeholder_color":"#020202",
    "jnews_body_color":"#393f3f",
    "jnews_ads_header_type":"googleads",
    "jnews_header_menu_style":"jeg_menu_style_4",
    "jnews_header_stickybar_border_bottom_height":"1",
    "jnews_hb_align_desktop_sticky_mid_center":"left",
    "jnews_hb_display_desktop_sticky_mid_left":"grow",
    "jnews_hb_display_desktop_sticky_mid_center":"normal",
    "jnews_hb_element_desktop_sticky_mid_center":[

    ],
    "jnews_hb_align_mobile_mid_center":"center",
    "jnews_hb_display_mobile_mid_left":"normal",
    "jnews_hb_display_mobile_mid_center":"grow",
    "jnews_hb_element_mobile_mid_left":[
      "logo"
    ],
    "jnews_hb_element_mobile_mid_center":[

    ],
    "jnews_header_mobile_topbar_scheme":"normal",
    "jnews_header_mobile_midbar_scheme":"normal",
    "jnews_mobile_logo": "{{image:mobile_logo:url:full}}",
    "jnews_mobile_logo_retina": "{{image:mobile_logo2x:url:full}}",
    "jnews_hb_element_mobile_mid_right":[
      "nav_icon"
    ],
    "jnews_footer_style":"1",
    "jnews_footer_4_text":"<strong> Advertise : +1 597 JEG THEME <\/strong>",
    "jnews_footer_3_scheme":"custom",
    "jnews_footer_1_scheme":"custom",
    "jnews_footer_1_widget_title_color":"#aa0000",
    "jnews_footer_1_bg_color":"#efefef",
    "jnews_footer_1_link_color":"",
    "jnews_footer_1_linkhover_color":"#aa0000",
    "jnews_footer_1_line_separator_color":"",
    "jnews_footer_1_copyright_color":"",
    "jnews_hb_element_desktop_sticky_mid_right":[
      "social_icon",
      "search_icon"
    ],
    "jnews_single_blog_template":"3",
    "jnews_single_number_popup_post":"3",
    "jnews_single_post_related_header":"heading_5",
    "jnews_single_number_post_related":"4",
    "jnews_single_post_related_template":"11",
    "jnews_single_blog_enable_fullscreen":true,
    "jnews_single_share_position":"float",
    "jnews_single_share_float_style":"share-normal",
    "jnews_comment_type":"wordpress",
    "jnews_category_override_color_{{category:car:id}}": true,
    "jnews_category_color_44":"#1e73be",
    "jnews_category_override_color_{{category:gadget:id}}": true,
    "jnews_category_color_49":"#b28d29",
    "jnews_category_override_color_{{category:laptop:id}}": true,
    "jnews_category_color_46":"#ba2727",
    "jnews_category_color_47":"#408c2b",
    "jnews_category_override_color_{{category:computer:id}}": true,
    "jnews_category_override_color_{{category:mobile:id}}": true,
    "jnews_category_color_45":"#5b20c9",
    "jnews_category_color_{{category:phone:id}}": "#4f4f4f",
    "jnews_category_color_48":"#4f4f4f",
    "jnews_category_global_bg_color":"#aa0000",
    "jnews_category_header":"4",
    "jnews_category_header_bg_image": "{{image:gadget_bg:url:full}}",
    "jnews_category_hero":"6",
    "jnews_category_header_bg_color":"#a30303",
    "jnews_category_content":"5",
    "jnews_category_content_excerpt":"32",
    "jnews_single_sidebar":"single-post",
    "jnews_header_search_icon_color":"#000000",
    "jnews_module_loader":"circle",
    "jnews_loader_mega_menu":"circle",
    "jnews_sidefeed_loader":"circle",
    "jnews_sidefeed_ajax_loader":"circle",
    "jnews_sticky_menu_logo": "{{image:sticky_logo:url:full}}",
    "jnews_sticky_menu_logo_retina": "{{image:sticky_logo2x:url:full}}",
    "jnews_footer_scheme":"normal",
    "jnews_footer_widget_title_color":"#af1a1a",
    "jnews_mobile_browser_color":"#af1a1a",
    "jnews_single_show_author_box":true
  },
  "options": {
    "site_icon": "{{image:favicon:id}}",
    "show_on_front" : "page",
    "page_on_front" : "{{post:home-1:id}}",
    "nav_menus_created_posts": [],
    "jnews_option[preview_slider_toggle]": false,
    "jnews_option[preview_slider_desc]": false,
    "jnews_option[preview_slider_ads]": false,
    "jnews_option[preview_slider_loader]": "circle",
    "jnews_option[ads_preview_slider_type]": "image",
    "jnews_option[ads_preview_slider_image]": "{{image:ad_300x250:url:full}}",
    "jnews_option[ads_preview_slider_link]": "#",
    "jnews_option[ads_preview_slider_text]": "Advertisement Banner",
    "jnews_option[ads_preview_slider_google_publisher]": "",
    "jnews_option[ads_preview_slider_google_id]": "",
    "jnews_option[ads_preview_slider_google_desktop]": "auto",
    "jnews_option[ads_preview_slider_code]": "",
    "jnews_option[ads_preview_slider_shortcode]": "",
    "jnews_option[price_front]": "$",
    "jnews_option[price_behind]": "",
    "jnews_option[price_float_position]": "none",
    "jnews_option[single_view_option]": "jnews",
    "jnews_option[single_social_share_main]": [
      {
        "social_share": "facebook",
        "social_text": "Share on Facebook"
      },
      {
        "social_share": "twitter",
        "social_text": "Share on Twitter"
      },
      {
        "social_share": "googleplus",
        "social_text": ""
      },
      {
        "social_share": "pinterest",
        "social_text": ""
      }
    ],
    "jnews_option[single_social_share_secondary]": [
      {
        "social_share": "linkedin"
      },
      {
        "social_share": "wechat"
      }
    ],
    "jnews_option[single_social_share_threshold]": 0,
    "jnews_option[single_social_share_via_twitter]": "",
    "jnews_option[single_view_initial_value]": "3645",
    "jnews_option[single_social_share_view_percentage]": "15",
    "jnews_option[single_like_view_percentage]": "8",
    "jnews_option[weather_forecast_source]": "yahoo",
    "jnews_option[weather_darksky_api_key]": "",
    "jnews_option[weather_openweathermap_api_key]": "",
    "jnews_option[weather_aerisweather_id]": "",
    "jnews_option[weather_aerisweather_secret]": "",
    "jnews_option[weather_default_temperature]": "c",
    "jnews_option[weather_cache_expired]": "1",
    "jnews_option[top_bar_weather_location]": "",
    "jnews_option[top_bar_weather_location_auto]": "",
    "jnews_option[top_bar_weather_item]": "hide",
    "jnews_option[top_bar_weather_item_count]": "4",
    "jnews_option[top_bar_weather_item_content]": "temp",
    "jnews_option[top_bar_weather_item_autoplay]": "",
    "jnews_option[top_bar_weather_item_autodelay]": "2",
    "jnews_option[top_bar_weather_item_autohover]": true
  }
}