{
  "template": "jnews",
  "mods": {
    "0": false,
    "nav_menu_locations": {
      "footer_navigation": "{{menu_location:main-navigation:id}}",
      "navigation": "{{menu_location:main-navigation:id}}",
      "mobile_navigation": "{{menu_location:main-navigation:id}}"
    },
    "custom_css_post_id": 222,
    "jnews_accent_color": "#7e6449",
    "jnews_alt_color": "#7e6449",
    "jnews_header_logo_type": "image",
    "jnews_header_logo_text": "Coffee News",
    "jnews_header_logo": "{{image:logo:url:full}}",
    "jnews_header_logo_retina": "{{image:logo2x:url:full}}",
    "jnews_header_logo_text_font": {
      "font-family": "Playfair Display",
      "font-size": "70px",
      "variant": "",
      "line-height": "",
      "color": "#7e6449",
      "show_variants": true,
      "show_subsets": true,
      "subsets": []
    },
    "jnews_hb_display_desktop_mid_center": "grow",
    "jnews_hb_display_desktop_mid_right": "normal",
    "jnews_hb_element_desktop_mid_left": [],
    "jnews_hb_element_desktop_mid_center": [
      "logo"
    ],
    "jnews_hb_display_desktop_bottom_left": "grow",
    "jnews_hb_display_desktop_bottom_center": "normal",
    "jnews_hb_display_desktop_bottom_right": "grow",
    "jnews_hb_element_desktop_bottom_left": [
      "social_icon"
    ],
    "jnews_hb_element_desktop_bottom_center": [
      "main_menu"
    ],
    "jnews_header_social_icon_text_color": "#131200",
    "jnews_h1_font": {
      "font-family": "Source Serif Pro",
      "font-size": "",
      "variant": [
        "regular",
        "600"
      ],
      "line-height": "",
      "color": "",
      "show_variants": true,
      "show_subsets": true,
      "subsets": []
    },
    "jnews_footer_style": "6",
    "jnews_footer_scheme": "dark",
    "jnews_hb_display_desktop_sticky_mid_left": "normal",
    "jnews_hb_display_desktop_sticky_mid_center": "grow",
    "jnews_hb_element_desktop_sticky_mid_left": [
      "social_icon"
    ],
    "jnews_hb_element_desktop_sticky_mid_center": [
      "main_menu"
    ],
    "jnews_footer_social_position": "hide",
    "jnews_social_icon": [
      {
        "social_icon": "facebook",
        "social_url": "https://www.facebook.com/jegtheme/"
      },
      {
        "social_icon": "twitter",
        "social_url": "https://twitter.com/jegtheme"
      },
      {
        "social_icon": "instagram",
        "social_url": "https://instagram.com/jegtheme"
      }
    ],
    "jnews_header_midbar_height": "140",
    "jnews_sticky_menu_logo": "",
    "jnews_sticky_menu_logo_retina": "",
    "jnews_mobile_logo": "{{image:logo:url:full}}",
    "jnews_mobile_logo_retina": "{{image:logo2x:url:full}}",
    "jnews_mobile_logo_type": "image",
    "jnews_mobile_logo_text": "Coffee News",
    "jnews_mobile_logo_text_font": {
      "font-family": "Playfair Display",
      "font-size": "",
      "variant": "",
      "line-height": "",
      "color": "#ffc890",
      "show_variants": true,
      "show_subsets": true,
      "subsets": []
    },
    "jnews_header_mobile_midbar_scheme": "normal",
    "jnews_header_mobile_drawer_scheme": "dark",
    "jnews_single_blog_template": "3",
    "jnews_single_blog_layout": "right-sidebar",
    "jnews_single_reading_time": false,
    "jnews_single_share_position": "float",
    "jnews_single_share_float_style": "share-monocrhome",
    "jnews_single_show_author_box": true,
    "jnews_single_show_reading_progress_bar": false,
    "jnews_single_show_post_related": true,
    "jnews_single_post_related_template": "22",
    "jnews_single_post_show_inline_related": false,
    "jnews_category_override_{{category:coffee:id}}": true,
    "jnews_category_page_layout_{{category:coffee:id}}": "right-sidebar",
    "jnews_category_hero_{{category:coffee:id}}": "7",
    "jnews_category_content_{{category:coffee:id}}": "10",
    "jnews_category_content_pagination_show_pageinfo_{{category:coffee:id}}": false,
    "jnews_category_sidebar_{{category:coffee:id}}": "sidebar",
    "jnews_category_override_{{category:farming:id}}": true,
    "jnews_category_page_layout_{{category:farming:id}}": "right-sidebar",
    "jnews_category_sidebar_{{category:farming:id}}": "sidebar",
    "jnews_category_content_{{category:farming:id}}": "10",
    "jnews_category_content_pagination_{{category:farming:id}}": "nav_1",
    "jnews_category_override_{{category:how-to:id}}": true,
    "jnews_category_page_layout_{{category:how-to:id}}": "right-sidebar",
    "jnews_category_sidebar_{{category:how-to:id}}": "sidebar",
    "jnews_category_content_{{category:how-to:id}}": "10",
    "jnews_category_boxed_{{category:how-to:id}}": false,
    "jnews_category_override_{{category:inspiration:id}}": true,
    "jnews_category_page_layout_{{category:inspiration:id}}": "right-sidebar",
    "jnews_category_content_{{category:inspiration:id}}": "10",
    "jnews_category_sidebar_{{category:inspiration:id}}": "sidebar",
    "jnews_category_override_{{category:news:id}}": true,
    "jnews_category_page_layout_{{category:news:id}}": "right-sidebar",
    "jnews_category_sidebar_{{category:news:id}}": "sidebar",
    "jnews_category_content_{{category:news:id}}": "10",
    "jnews_hb_element_desktop_top_left": [],
    "jnews_header_search_style": "jeg_search_modal_expand",
    "jnews_header_search_icon_color": "#131200",
    "jnews_index_sidebar": "sidebar",
    "jnews_archive_sidebar": "sidebar",
    "jnews_search_sidebar": "sidebar",
    "jnews_author_sidebar": "sidebar",
    "jnews_attachment_page_layout": "no-sidebar",
    "jnews_404_page_layout": "right-sidebar",
    "jnews_404_sidebar": "sidebar",
    "jnews_search_content": "3",
    "jnews_header_stickybar_border": false,
    "jnews_header_stickybar_shadow": true,
    "jnews_archive_page_layout": "right-sidebar",
    "jnews_single_sidebar": "sidebar-single-post",
    "jnews_breadcrumb_show_post": true,
    "jnews_single_post_related_header": "heading_7",
    "jnews_header_mobile_drawer_overlay_color": "",
    "jnews_archive_content": "10",
    "jnews_archive_content_excerpt": "65",
    "jnews_author_content": "10",
    "jnews_author_content_excerpt": "65",
    "jnews_category_hero_style_{{category:coffee:id}}": "jeg_hero_style_1",
    "jnews_category_content": "10",
    "jnews_category_content_excerpt_{{category:coffee:id}}": "65",
    "jnews_category_content_excerpt_{{category:farming:id}}": "65",
    "jnews_category_content_excerpt_{{category:how-to:id}}": "65",
    "jnews_category_content_excerpt_{{category:inspiration:id}}": "65",
    "jnews_category_content_excerpt_{{category:news:id}}": "65",
    "jnews_category_hero_{{category:inspiration:id}}": "1",
    "jnews_category_hero_{{category:farming:id}}": "1",
    "jnews_header_drawer_social_icon_text_color": "#ffffff",
    "jnews_heading_color": "#131200",
    "jnews_header_menu_style": "jeg_menu_style_2",
    "jnews_category_header": "1",
    "jnews_header_midbar_background_image": "{{image:headerbg:url:full}}",
    "jnews_header_bottombar_height": "59",
    "jnews_header_midbar_background_size": "cover",
    "jnews_body_font": {
      "font-family": "Nunito",
      "font-size": "",
      "variant": [
        "regular",
        "italic",
        "700",
        "300italic"
      ],
      "line-height": "",
      "color": "",
      "show_variants": true,
      "show_subsets": true,
      "subsets": []
    },
    "jnews_block_heading_font": {
      "font-family": "",
      "font-size": "",
      "variant": "",
      "line-height": "",
      "color": "",
      "show_variants": true,
      "show_subsets": true,
      "subsets": []
    },
    "jnews_header_logo_spacing": {
      "top": "24px",
      "bottom": "0px",
      "left": "0px",
      "right": "0px"
    },
    "jnews_header_midbar_background_repeat": "no-repeat",
    "jnews_header_midbar_background_position": "center top",
    "jnews_header_social_icon": "nobg",
    "jnews_header_social_icon_background": "",
    "jnews_header_menu_text_color": "#131200",
    "jnews_footer_bg_color": "#131200",
    "jnews_footer_text_color": "rgba(255,255,255,0.6)",
    "jnews_footer_widget_title_color": "rgba(255,255,255,0.8)",
    "jnews_footer_link_color": "#eed1b2",
    "jnews_footer_linkhover_color": "#ffffff",
    "jnews_footer_secondary_link_color": "rgba(255,255,255,0.8)",
    "jnews_footer_copyright_color": "rgba(255,255,255,0.6)",
    "jnews_footer_menu_color": "rgba(255,255,255,0.8)",
    "jnews_footer_secondary_bg_color": "#131200",
    "jnews_footer_menu_separator_color": "rgba(255,255,255,0.2)",
    "jnews_header_mobile_midbar_background_color": "",
    "jnews_header_nav_icon_mobilcolor": "#131200",
    "jnews_header_search_mobile_icon_color": "#131200",
    "jnews_header_mobile_midbar_border_top_height": "0",
    "jnews_header_mobile_drawer_background_color": "#131200",
    "jnews_header_bottombar_border_bottom_height": "0"
  },
  "options": {
  	"site_icon": "{{image:favicon:id}}",
    "show_on_front": "page",
    "page_on_front": "{{post:home-1:id}}",
    "nav_menus_created_posts": [],
    "amp_customizer[header_color]": "#fff",
    "amp_customizer[header_background_color]": "#0a89c0",
    "amp_customizer[color_scheme]": "light"
  },
  "wp_css": ""
}