{
  "default-sidebar": {
    "search-2": {
      "title": ""
    },
    "recent-posts-2": {
      "title": "",
      "number": 5
    },
    "recent-comments-2": {
      "title": "",
      "number": 5
    },
    "archives-2": {
      "title": "",
      "count": 0,
      "dropdown": 0
    },
    "categories-2": {
      "title": "",
      "count": 0,
      "hierarchical": 0,
      "dropdown": 0
    },
    "meta-2": {
      "title": "About Us",
      "second_title": "",
      "header_url": "",
      "header_type": "heading_6",
      "header_background": "",
      "header_text_color": "",
      "widget_class": ""
    }
  },
  "footer-widget-1": {
    "jnews_about-2": {
      "title": "",
      "aboutimg": "{{image:footer:id}}",
      "aboutimgretina": "{{image:footer2x:id}}",
      "aboutname": "",
      "aboutoccupation": "",
      "aboutdesc": "Premium WordPress Themes that perfect for news, magazine, personal blog, etc. Check our landing page for details.",
      "signature": "",
      "signatureretina": "",
      "align": "1",
      "second_title": "",
      "header_url": "",
      "header_type": "heading_6",
      "header_background": "",
      "header_text_color": "",
      "widget_boxed": "0",
      "widget_shadow": "0",
      "widget_class": ""
    },
    "jnews_social-2": {
      "title": "",
      "widgetstyle": "circle",
      "icon_color": "rgba(255,255,255,0.6)",
      "bg_color": "",
      "verticalsocial": "0",
      "align": "1",
      "beforesocial": "",
      "aftersocial": "",
      "account": "%5B%7B%22social_icon%22:%22facebook%22,%22social_url%22:%22https://www.facebook.com/jegtheme/%22%7D,%7B%22social_icon%22:%22twitter%22,%22social_url%22:%22https://twitter.com/jegtheme%22%7D,%7B%22social_icon%22:%22instagram%22,%22social_url%22:%22https://instagram.com/jegtheme%22%7D%5D",
      "second_title": "",
      "header_url": "",
      "header_type": "heading_6",
      "header_background": "",
      "header_text_color": "",
      "widget_boxed": "0",
      "widget_shadow": "0",
      "widget_class": ""
    }
  },
  "sidebar": {
    "jnews_module_element_header-3": {
      "header_icon": "",
      "first_title": "ABOUT ME",
      "second_title": "",
      "url": "",
      "header_type": "heading_7",
      "header_align": "center",
      "header_background": "",
      "header_secondary_background": "",
      "header_text_color": "",
      "header_line_color": "",
      "header_accent_color": "",
      "el_id": "",
      "el_class": "",
      "scheme": "normal",
      "column_width": "auto"
    },
    "jnews_about-3": {
      "title": "",
      "aboutimg": "{{image:fashion2:id}}",
      "aboutimgretina": "",
      "aboutname": "Thomas Dunn",
      "aboutoccupation": "Coffee Roaster",
      "aboutdesc": "Hello & welcome to my blog! My name is Thomas Dunn and I’m a 21-year-old independent blogger with a passion for sharing about philosoophy of coffee.",
      "signature": "",
      "signatureretina": "",
      "align": "1",
      "second_title": "",
      "header_url": "",
      "header_type": "heading_6",
      "header_background": "",
      "header_text_color": "",
      "widget_class": ""
    },
    "jnews_module_element_header-4": {
      "header_icon": "",
      "first_title": "FOLLOW & SUBSCRIBE",
      "second_title": "",
      "url": "",
      "header_type": "heading_7",
      "header_align": "center",
      "header_background": "",
      "header_secondary_background": "",
      "header_text_color": "",
      "header_line_color": "",
      "header_accent_color": "",
      "el_id": "",
      "el_class": "",
      "scheme": "normal",
      "column_width": "auto"
    },
    "jnews_social-3": {
      "title": "",
      "widgetstyle": "nobg",
      "icon_color": "#7e6449",
      "bg_color": "",
      "verticalsocial": "0",
      "align": "1",
      "beforesocial": "",
      "aftersocial": "",
      "account": "%5B%7B%22social_icon%22:%22facebook%22,%22social_url%22:%22https://www.facebook.com/jegtheme/%22%7D,%7B%22social_icon%22:%22twitter%22,%22social_url%22:%22https://twitter.com/jegtheme%22%7D,%7B%22social_icon%22:%22instagram%22,%22social_url%22:%22https://instagram.com/jegtheme%22%7D,%7B%22social_icon%22:%22youtube%22,%22social_url%22:%22https://youtube.com/jegtheme%22%7D,%7B%22social_icon%22:%22vk%22,%22social_url%22:%22https://jnews.io%22%7D,%7B%22social_icon%22:%22tumblr%22,%22social_url%22:%22https://jnews.io%22%7D%5D",
      "second_title": "",
      "header_url": "",
      "header_type": "heading_6",
      "header_background": "",
      "header_text_color": "",
      "widget_boxed": "0",
      "widget_shadow": "0",
      "widget_class": ""
    },
    "jnews_module_element_header-9": {
      "header_icon": "",
      "first_title": "RECENT NEWS",
      "second_title": "",
      "url": "",
      "header_type": "heading_7",
      "header_align": "center",
      "header_background": "",
      "header_secondary_background": "",
      "header_text_color": "",
      "header_line_color": "",
      "header_accent_color": "",
      "el_id": "",
      "el_class": "",
      "scheme": "normal",
      "column_width": "auto"
    },
    "jnews_recent_news-3": {
      "title": "",
      "postnumber": "3",
      "second_title": "",
      "header_url": "",
      "header_type": "heading_6",
      "header_background": "",
      "header_text_color": "",
      "widget_class": ""
    }
  },
  "sidebar-single-post": {
    "jnews_module_element_header-6": {
      "header_icon": "",
      "first_title": "POPULAR",
      "second_title": "",
      "url": "",
      "header_type": "heading_7",
      "header_align": "center",
      "header_background": "",
      "header_secondary_background": "",
      "header_text_color": "",
      "header_line_color": "",
      "header_accent_color": "",
      "el_id": "",
      "el_class": "",
      "scheme": "normal",
      "column_width": "auto"
    },
    "jnews_module_block_21-3": {
      "header_icon": "",
      "first_title": "",
      "second_title": "",
      "url": "",
      "header_type": "heading_6",
      "header_background": "",
      "header_secondary_background": "",
      "header_text_color": "",
      "header_line_color": "",
      "header_accent_color": "",
      "header_filter_category": "",
      "header_filter_author": "",
      "header_filter_tag": "",
      "header_filter_text": "All",
      "post_type": "post",
      "content_type": "all",
      "number_post": "3",
      "post_offset": "0",
      "unique_content": "unique1",
      "include_post": "",
      "exclude_post": "",
      "include_category": "",
      "exclude_category": "",
      "include_author": "",
      "include_tag": "",
      "exclude_tag": "",
      "sort_by": "latest",
      "date_format": "default",
      "date_format_custom": "Y/m/d",
      "pagination_mode": "disable",
      "pagination_number_post": "6",
      "pagination_scroll_limit": "0",
      "el_id": "",
      "el_class": "",
      "scheme": "normal",
      "column_width": "auto",
      "title_color": "",
      "accent_color": "",
      "alt_color": "",
      "excerpt_color": ""
    },
    "jnews_module_element_header-10": {
      "header_icon": "",
      "first_title": "MORE ON TWITTER",
      "second_title": "",
      "url": "",
      "header_type": "heading_7",
      "header_align": "center",
      "header_background": "",
      "header_secondary_background": "",
      "header_text_color": "",
      "header_line_color": "",
      "header_accent_color": "",
      "el_id": "",
      "el_class": "",
      "scheme": "normal",
      "column_width": "auto"
    },
    "jnews_twitter-3": {
      "title": "",
      "username": "@mapcoffee_id",
      "limit": "2",
      "height": "100",
      "theme": "light",
      "color": "#7e6449",
      "header": "false",
      "footer": "false",
      "second_title": "",
      "header_url": "",
      "header_type": "heading_6",
      "header_background": "",
      "header_text_color": "",
      "widget_class": ""
    },
    "jnews_module_element_ads-3": {
      "ads_type": "image",
      "ads_image": "{{image:ad_300x600:id}}",
      "ads_image_tablet": "{{image:ad_300x600:id}}",
      "ads_image_phone": "",
      "ads_image_link": "",
      "ads_image_alt": "",
      "google_publisher_id": "",
      "google_slot_id": "",
      "google_desktop": "auto",
      "google_tab": "auto",
      "google_phone": "auto",
      "content": "",
      "el_id": "",
      "el_class": "",
      "scheme": "normal",
      "column_width": "auto"
    }
  },
  "home-3": {
    "jnews_social_counter-2": {
      "title": "Stay Connected",
      "column": "col3",
      "style": "light",
      "fb_id": "",
      "fb_secret": "",
      "fb_key": "",
      "tw_consumer_key": "",
      "tw_consumer_secret": "",
      "tw_access_token": "",
      "tw_access_token_secret": "",
      "gg_key": "",
      "bh_key": "",
      "twitch_key": "",
      "vk_id": "",
      "rss_count": "",
      "account": "%5B%7B%22social_icon%22:%22facebook%22,%22social_url%22:%22https://www.facebook.com/jegtheme/%22%7D,%7B%22social_icon%22:%22instagram%22,%22social_url%22:%22https://instagram.com/jegtheme%22%7D,%7B%22social_icon%22:%22youtube%22,%22social_url%22:%22https://www.youtube.com/user/Envato%22%7D,%7B%22social_icon%22:%22vimeo%22,%22social_url%22:%22https://vimeo.com/staff%22%7D,%7B%22social_icon%22:%22pinterest%22,%22social_url%22:%22https://www.pinterest.com/pinterest/%22%7D,%7B%22social_icon%22:%22behance%22,%22social_url%22:%22https://www.behance.net/jegtheme%22%7D%5D",
      "second_title": "",
      "header_url": "",
      "header_type": "heading_6",
      "header_background": "",
      "header_text_color": "",
      "widget_class": ""
    },
    "recent-posts-3": {
      "title": "",
      "number": "5",
      "second_title": "",
      "header_url": "",
      "header_type": "heading_6",
      "header_background": "",
      "header_text_color": "",
      "widget_class": ""
    },
    "mc4wp_form_widget-2": {
      "title": "Newsletter",
      "second_title": "",
      "header_url": "",
      "header_type": "heading_6",
      "header_background": "",
      "header_text_color": "",
      "widget_class": ""
    }
  },
  "page-loop": {
    "jnews_module_block_21-4": {
      "header_icon": "",
      "first_title": "Popular",
      "second_title": "",
      "url": "",
      "header_type": "heading_6",
      "header_background": "",
      "header_secondary_background": "",
      "header_text_color": "",
      "header_line_color": "",
      "header_accent_color": "",
      "header_filter_category": "",
      "header_filter_author": "",
      "header_filter_tag": "",
      "header_filter_text": "All",
      "post_type": "post",
      "content_type": "all",
      "number_post": "4",
      "post_offset": "0",
      "unique_content": "disable",
      "include_post": "",
      "exclude_post": "",
      "include_category": "",
      "exclude_category": "",
      "include_author": "",
      "include_tag": "",
      "exclude_tag": "",
      "sort_by": "latest",
      "date_format": "default",
      "date_format_custom": "Y/m/d",
      "pagination_mode": "disable",
      "pagination_number_post": "6",
      "pagination_scroll_limit": "0",
      "el_id": "",
      "el_class": "",
      "scheme": "normal",
      "column_width": "auto",
      "title_color": "",
      "accent_color": "",
      "alt_color": "",
      "excerpt_color": ""
    },
    "jnews_module_element_ads-4": {
      "ads_type": "image",
      "ads_image": "{{image:ad_345x345:id}}",
      "ads_image_tablet": "{{image:ad_345x345:id}}",
      "ads_image_phone": "",
      "ads_image_link": "",
      "ads_image_alt": "",
      "google_publisher_id": "",
      "google_slot_id": "",
      "google_desktop": "auto",
      "google_tab": "auto",
      "google_phone": "auto",
      "content": "",
      "el_id": "",
      "el_class": "",
      "scheme": "normal",
      "column_width": "auto"
    }
  }
}
