{
  "template": "jnews",
  "mods": {
    "0": false,
    "nav_menu_locations": {
      "navigation": "{{menu_location:main-navigation:id}}",
      "top_navigation": "{{menu_location:top-navigation:id}}",
      "mobile_navigation": "{{menu_location:mobile-navigation:id}}"
    },
    "custom_css_post_id": -1,
    "jnews_hb_element_desktop_top_left": [],
    "jnews_hb_element_desktop_bottom_left": [],
    "jnews_hb_element_desktop_bottom_right": [],
    "jnews_header_topbar_height": "20",
    "jnews_hb_display_desktop_mid_left": "normal",
    "jnews_hb_display_desktop_mid_center": "grow",
    "jnews_hb_display_desktop_mid_right": "normal",
    "jnews_hb_display_desktop_bottom_left": "normal",
    "jnews_hb_display_desktop_bottom_center": "grow",
    "jnews_hb_element_desktop_top_right": [],
    "jnews_hb_element_desktop_mid_left": [
      "main_menu"
    ],
    "jnews_hb_element_desktop_mid_center": [
      "logo"
    ],
    "jnews_hb_element_desktop_mid_right": [
      "top_bar_menu"
    ],
    "jnews_hb_element_desktop_bottom_center": [],
    "jnews_header_width": "normal",
    "jnews_header_midbar_height": "100",
    "jnews_header_bottombar_height": "30",
    "jnews_header_bottombar_border_top_height": 1,
    "jnews_header_social_icon": "square",
    "jnews_header_social_icon_text_color": "",
    "jnews_header_logo_text_font": {
      "font-family": "Pathway Gothic One",
      "font-size": "28px",
      "variant": "",
      "line-height": "1.2em",
      "color": "#ffffff",
      "show_variants": true,
      "show_subsets": true,
      "subsets": [],
      "letter-spacing": false,
      "text-align": false,
      "text-transform": false
    },
    "jnews_sticky_logo_text_font": {
      "font-family": "Pathway Gothic One",
      "font-size": "28px",
      "variant": "",
      "line-height": "1.2em",
      "color": "#ffffff",
      "show_variants": true,
      "show_subsets": true,
      "subsets": [],
      "letter-spacing": false,
      "text-align": false,
      "text-transform": false
    },
    "jnews_mobile_logo_text_font": {
      "font-family": "Pathway Gothic One",
      "font-size": "28px",
      "variant": "",
      "line-height": "1.2em",
      "color": "#ffffff",
      "show_variants": true,
      "show_subsets": true,
      "subsets": [],
      "letter-spacing": false,
      "text-align": false,
      "text-transform": false
    },
    "jnews_hb_preset": "",
    "jnews_header_topbar_scheme": "dark",
    "jnews_header_bottombar_boxed": false,
    "jnews_header_bottombar_fitwidth": false,
    "jnews_header_bottombar_border": false,
    "jnews_header_bottombar_scheme": "jeg_navbar_normal",
    "jnews_header_bottombar_border_color": "",
    "jnews_header_logo": "",
    "jnews_header_logo_retina": "",
    "jnews_hb_arrange_bar": [
      "top",
      "mid",
      "bottom"
    ],
    "jnews_hb_align_desktop_top_center": "center",
    "jnews_hb_display_desktop_top_center": "normal",
    "jnews_index_content": "27",
    "jnews_index_content_excerpt": "20",
    "jnews_index_content_date": "ago",
    "jnews_index_content_pagination": "nav_1",
    "jnews_index_content_pagination_align": "left",
    "jnews_index_content_pagination_show_navtext": true,
    "jnews_index_content_pagination_show_pageinfo": true,
    "jnews_additional_js": "",
    "sidebars_widgets": {
      "time": 1525327410,
      "data": {
        "wp_inactive_widgets": [],
        "default-sidebar": [
          "search-2",
          "recent-posts-2",
          "recent-comments-2",
          "archives-2",
          "categories-2",
          "meta-2"
        ],
        "footer-widget-1": [],
        "footer-widget-2": [],
        "footer-widget-3": [],
        "footer-widget-4": []
      }
    },
    "jnews_boxed_layout": false,
    "jnews_background_color": "#b5b5b5",
    "jnews_footer_style": "custom",
    "jnews_hb_align_desktop_top_left": "left",
    "jnews_hb_display_desktop_top_left": "grow",
    "jnews_header_menu_style": "jeg_menu_style_5",
    "jnews_header_html_1": "With grace & Gold. Branding, Web Design. — More info here.",
    "jnews_body_font": {
      "font-family": "Libre Baskerville",
      "font-size": "15px",
      "variant": [
        "regular",
        "italic",
        "700"
      ],
      "line-height": "",
      "color": "",
      "show_variants": true,
      "show_subsets": true,
      "subsets": []
    },
    "jnews_header_font": {
      "font-family": "Libre Baskerville",
      "font-size": "12px",
      "variant": [
        "regular",
        "italic",
        "700"
      ],
      "line-height": "1.8em",
      "show_variants": true,
      "show_subsets": true,
      "subsets": []
    },
    "jnews_main_menu_font": {
      "font-family": "",
      "font-size": "",
      "variant": "",
      "line-height": "",
      "show_variants": true,
      "show_subsets": true,
      "subsets": []
    },
    "jnews_h1_font": {
      "font-family": "Libre Baskerville",
      "font-size": "24px",
      "variant": [
        "regular",
        "italic",
        "700"
      ],
      "line-height": "1.3em",
      "show_variants": true,
      "show_subsets": true,
      "subsets": []
    },
    "jnews_p_font": {
      "font-family": "Libre Baskerville",
      "font-size": "14px",
      "variant": [
        "regular",
        "italic",
        "700"
      ],
      "line-height": "1.8em",
      "show_variants": true,
      "show_subsets": true,
      "subsets": [
        "cyrillic"
      ]
    },
    "jnews_header_search_style": "jeg_search_modal_expand",
    "jnews_header_logo_spacing": {
      "top": "0px",
      "bottom": "0px",
      "left": "0px",
      "right": "0px"
    },
    "jnews_header_topbar_bg_color": "#a49f82",
    "jnews_header_topbar_border_bottom": "",
    "jnews_header_topbar_text_color": "",
    "jnews_header_topbar_link_color_hover": "",
    "jnews_block_heading_font": {
      "font-family": "Pathway Gothic One",
      "font-size": "16px",
      "variant": "",
      "line-height": "1.2em",
      "color": "#1c1c1c",
      "show_variants": true,
      "show_subsets": true,
      "subsets": []
    },
    "jnews_container_background": "#ffffff",
    "jnews_body_color": "#555555",
    "jnews_heading_color": "#1c1c1c",
    "jnews_header_mobile_midbar_scheme": "normal",
    "jnews_sticky_logo_type": "text",
    "jnews_sticky_menu_logo": "",
    "jnews_sticky_menu_logo_retina": "",
    "jnews_mobile_logo_type": "text",
    "jnews_mobile_logo": "",
    "jnews_mobile_logo_retina": "",
    "jnews_footer_bg_color": "#ffffff",
    "jnews_footer_show_secondary": true,
    "jnews_footer_menu_position": "left",
    "jnews_footer_copyright_position": "right",
    "jnews_footer_social_position": "left",
    "jnews_footer_copyright": "© 2018 <a href=\"http://jegtheme.com\" title=\"Premium WordPress news & magazine theme\">JNews</a> - Theme by <a href=\"http://jegtheme.com\" title=\"Jegtheme\">Jegtheme</a>.",
    "jnews_footer_scheme": "normal",
    "jnews_index_page_layout": "no-sidebar",
    "jnews_header_midbar_scheme": "dark",
    "jnews_header_midbar_background": "#a49f82",
    "jnews_header_logo_alt": "Wedding Blog",
    "jnews_mobile_logo_alt": "Wedding Blog",
    "jnews_header_mobile_midbar_background_color": "#a49f82",
    "jnews_header_mobile_drawer_scheme": "normal",
    "jnews_header_nav_icon_mobilcolor": "#ffffff",
    "jnews_header_logo_type": "text",
    "jnews_header_logo_text": "Wedding Blog",
    "jnews_header_search_mobile_icon_color": "#ffffff",
    "jnews_sticky_logo_text": "Wedding Blog",
    "jnews_mobile_logo_text": "Wedding Blog",
    "jnews_show_block_meta_date": true,
    "jnews_show_block_meta_comment": false,
    "jnews_show_block_meta_rating": false,
    "jnews_accent_color": "#999370",
    "jnews_alt_color": "#999370",
    "jnews_social_icon": [
      {
        "social_icon": "facebook",
        "social_url": "https://www.facebook.com/jegtheme/"
      },
      {
        "social_icon": "twitter",
        "social_url": "https://twitter.com/jegtheme"
      },
      {
        "social_icon": "instagram",
        "social_url": "http://instagram.com/jegtheme"
      }
    ],
    "jnews_footer_custom_layout": "{{post:footer:id}}",
    "jnews_image_load": "normal",
    "jnews_single_post_related_match": "tag",
    "jnews_category_hero_show": false,
    "jnews_category_content": "27",
    "jnews_category_content_excerpt": "20",
    "jnews_archive_content": "27",
    "jnews_archive_content_excerpt": "20",
    "jnews_search_content": "27",
    "jnews_author_content": "27",
    "jnews_attachment_page_layout": "right-sidebar",
    "jnews_header_menu_hover_line_color": "#ffffff",
    "jnews_header_topbar_menu_text_color_hover": "#ffffff",
    "jnews_ads_header_top_enable": false,
    "jnews_ads_header_top_type": "image",
    "jnews_ads_header_top_image": "",
    "jnews_ads_article_top_enable": false,
    "jnews_ads_article_top_type": "image",
    "jnews_ads_article_top_image": "{{image:ad970x200:id}}",
    "jnews_ads_article_top_link": "http://google.com",
    "jnews_ads_article_top_text": "Ini Adsense",
    "jnews_ads_header_top_link": "http://google.com",
    "jnews_ads_header_top_text": "Ini Adsense",
    "jnews_ads_header_top_ads_text": true,
    "jnews_ads_header_image": "{{image:ad_728x90:id}}",
    "jnews_ads_header_link": "http://google.com",
    "jnews_ads_header_ads_text": true,
    "jnews_ads_content_top_enable": false,
    "jnews_ads_archive_above_hero_enable": false,
    "jnews_ads_archive_above_hero_type": "image",
    "jnews_ads_archive_above_hero_image": "",
    "jnews_ads_archive_above_hero_link": "http://google.com",
    "jnews_ads_archive_below_hero_enable": false,
    "jnews_ads_archive_below_hero_type": "image",
    "jnews_ads_archive_below_hero_image": "",
    "jnews_ads_inline_module_enable": false,
    "jnews_ads_inline_module_type": "image",
    "jnews_ads_inline_module_paragraph": "1",
    "jnews_ads_inline_module_image": "",
    "jnews_ads_inline_module_link": "http://google.com",
    "jnews_ads_above_footer_enable": false,
    "jnews_ads_above_footer_type": "image",
    "jnews_ads_above_footer_image": "{{image:ad970x200:id}}",
    "jnews_ads_above_footer_link": "http://google.com",
    "jnews_ads_above_footer_ads_text": true,
    "jnews_ads_archive_above_content_enable": false,
    "jnews_ads_archive_above_content_type": "image",
    "jnews_ads_archive_above_content_image": "",
    "jnews_ads_header_enable": false,
    "jnews_ads_archive_above_content_link": "http://google.com",
    "jnews_ads_archive_above_content_ads_text": true,
    "jnews_ads_mobile_sticky_enable": false,
    "jnews_ads_mobile_sticky_type": "image",
    "jnews_single_blog_template": "2",
    "jnews_single_blog_layout": "right-sidebar",
    "jnews_single_show_share_counter": false,
    "jnews_single_show_view_counter": false,
    "jnews_single_show_author_box": false,
    "jnews_single_share_position": "bottom",
    "jnews_single_comment": false,
    "jnews_single_show_popup_post": false,
    "jnews_single_show_post_related": true,
    "jnews_single_number_post_related": "3",
    "jnews_single_post_related_template": "2",
    "jnews_mobile_truncate": false,
    "jnews_header_menu_follow": "normal",
    "jnews_header_mobile_drawer_background_color": "#ffffff",
    "jnews_archive_content_pagination": "nav_1",
    "jnews_category_content_pagination": "loadmore"
  },
  "options": {
    "site_icon": "{{image:favicon:id}}",
    "show_on_front": "page",
    "page_on_front": "{{post:home-1:id}}",
    "nav_menus_created_posts": [],
    "amp_customizer[header_color]": "#fff",
    "amp_customizer[header_background_color]": "#0a89c0",
    "amp_customizer[color_scheme]": "light"
  },
  "wp_css": ""
}