{
  "template": "jnews",
  "mods": {
    "nav_menu_locations": {
      "mobile_navigation": "{{menu_location:mobile-navigation:id}}",
      "navigation": "{{menu_location:main-navigation:id}}",
      "top_navigation": "{{menu_location:footer-navigation:id}}",
      "footer_navigation": "{{menu_location:footer-navigation:id}}"
    },
    "jnews_sticky_menu_logo": "{{image:logo:url:full}}",
    "jnews_sticky_menu_logo_retina": "{{image:logo2x:url:full}}",
    "jnews_header_menu_search_style": "jeg_search_fullwidth_expand",
    "jnews_header7_logo_spacing": {
      "bottom": "0",
      "left": "20px",
      "right": "20px",
      "top": "0"
    },
    "jnews_header_logo": "{{image:logo:url:full}}",
    "jnews_header_logo_retina": "{{image:logo2x:url:full}}",
    "jnews_mobile_menu_follow": "scroll",
    "jnews_header_mobile_topbar_scheme": "dark",
    "jnews_header_mobile_midbar_scheme": "dark",
    "jnews_header_mobile_midbar_background_color": "#6d0000",
    "jnews_header_menu_border": "1",
    "jnews_header_menu_follow": "normal",
    "jnews_header_menu_shadow": false,
    "jnews_header_menu_style": "jeg_menu_style_2",
    "jnews_header_style": "7",
    "jnews_footer_logo": "{{image:logo:url:full}}",
    "jnews_footer_logo_retina": "{{image:logo2x:url:full}}",
    "jnews_footer_menu_title": "Navigate Site",
    "jnews_footer_scheme": "normal",
    "jnews_footer_copyright": "Copyright © 2017 JNews.",
    "jnews_footer_style": "7",
    "jnews_archive_content": "3",
    "jnews_body_font": {
      "font-family": "Roboto",
      "font-size": "",
      "variant": [
        "regular",
        "500",
        "700"
      ],
      "line-height": "",
      "color": "",
      "show_variants": "1",
      "show_subsets": "1",
      "subsets": []
    },
    "jnews_h1_font": {
      "font-family": "Roboto",
      "font-size": "",
      "variant": [
        "700",
        "500"
      ],
      "line-height": "",
      "color": "",
      "show_variants": "1",
      "show_subsets": "1",
      "subsets": []
    },
    "jnews_p_font": {
      "font-family": "Droid Serif",
      "font-size": "",
      "variant": [
        "regular",
        "italic",
        "700",
        "700italic"
      ],
      "line-height": "",
      "color": "",
      "show_variants": "1",
      "show_subsets": "1",
      "subsets": []
    },
    "jnews_sidefeed_enable": "1",
    "jnews_sidefeed_main_position": "left",
    "jnews_sidefeed_show_trending": "1",
    "jnews_sidefeed_show_category": "1",
    "jnews_sidefeed_category": [
      "{{category:news:id}}",
      "{{category:business:id}}",
      "{{category:politics:id}}",
      "{{category:science:id}}",
      "{{category:world:id}}",
      "{{category:lifestyle:id}}",
      "{{category:tech:id}}"
    ],
    "jnews_ads_sidefeed_enable": "1",
    "jnews_ads_sidefeed_image": "{{image:ad_300x250:url:full}}",
    "jnews_ads_sidefeed_type": "image",
    "jnews_social_icon": [
      {
        "social_icon": "facebook",
        "social_url": "http://facebook.com"
      },
      {
        "social_icon": "twitter",
        "social_url": "http://twitter.com"
      },
      {
        "social_icon": "googleplus",
        "social_url": "http://plus.google.com"
      },
      {
        "social_icon": "pinterest",
        "social_url": "http://pinterest.com"
      },
      {
        "social_icon": "vk",
        "social_url": "#"
      },
      {
        "social_icon": "rss",
        "social_url": "#"
      }
    ],
    "custom_css_post_id": -1,
    "jnews_single_blog_template": "2",
    "jnews_single_blog_layout": "right-sidebar",
    "jnews_single_show_post_author_image": false,
    "jnews_accent_color": "#c91212",
    "jnews_btnhover_color": "#ea1313",
    "jnews_alt_color": "#1476b7",
    "jnews_heading_color": "#111111",
    "jnews_body_color": "#323232",
    "jnews_single_post_related_header": "heading_5",
    "jnews_single_post_pagination_related": "disable",
    "jnews_single_post_related_template": "3",
    "jnews_single_number_post_related": "4",
    "jnews_single_share_position": "topbottom",
    "jnews_archive_show_sidebar": false,
    "jnews_archive_content_excerpt": "30",
    "jnews_search_content": "3",
    "jnews_search_show_sidebar": false,
    "jnews_search_content_excerpt": "30",
    "jnews_archive_content_pagination_show_navtext": true,
    "jnews_search_content_pagination_align": "left",
    "jnews_search_content_pagination_show_navtext": true,
    "jnews_search_content_pagination_show_pageinfo": true,
    "jnews_archive_content_pagination_align": "left",
    "jnews_archive_content_pagination_show_pageinfo": true,
    "jnews_author_sidebar": "author",
    "jnews_author_content": "7",
    "jnews_author_content_pagination_align": "left",
    "jnews_author_content_pagination_show_navtext": true,
    "jnews_author_content_pagination_show_pageinfo": true,
    "jnews_single_popup_script": "photoswipe",
    "jnews_single_show_author_box": true,
    "jnews_header_topbar_social_position": "hide",
    "jnews_header_topbar_account_show": "right",
    "jnews_header_topbar_scheme": "dark",
    "jnews_header_menu_show_search": true,
    "jnews_category_header": "2",
    "jnews_category_hero": "13",
    "jnews_category_show_sidebar": false,
    "jnews_category_content_excerpt": "30",
    "jnews_category_content_pagination_align": "left",
    "jnews_category_content_pagination_show_navtext": true,
    "jnews_category_content_pagination_show_pageinfo": true,
    "jnews_category_content": "7",
    "jnews_ads_article_top_enable": false,
    "jnews_ads_article_top_type": "image",
    "jnews_ads_article_top_image": "{{image:ad_728x90:url:full}}",
    "jnews_ads_content_top_enable": false,
    "jnews_ads_content_top_type": "image",
    "jnews_ads_content_top_image": "{{image:ad_728x90:url:full}}",
    "jnews_ads_content_bottom_enable": true,
    "jnews_ads_content_bottom_type": "image",
    "jnews_ads_content_bottom_image": "{{image:ad_728x90:url:full}}",
    "jnews_ads_content_bottom_link": "#",
    "jnews_ads_content_bottom_open_tab": true,
    "jnews_ads_article_bottom_enable": false,
    "jnews_ads_mobile_sticky_enable": false,
    "jnews_ads_mobile_sticky_type": "image",
    "jnews_header_topbar_date_position": "right",
    "jnews_header_topbar_menu_position": "left",
    "jnews_header_topbar_search_show": "hide",
    "jnews_header_width": "full",
    "jnews_hb_element_desktop_top_right": [
      "date",
      "weather",
      "login"
    ],
    "jnews_hb_element_desktop_mid_left": [],
    "jnews_hb_element_desktop_mid_right": [],
    "jnews_hb_element_desktop_bottom_left": [
      "logo",
      "main_menu"
    ],
    "jnews_hb_element_mobile_mid_right": [
      "nav_icon",
      "search_icon"
    ],
    "jnews_hb_element_mobile_mid_left": [
      "logo"
    ],
    "jnews_hb_element_mobile_mid_center": [],
    "jnews_hb_element_desktop_bottom_right": [
      "social_icon",
      "separator5",
      "search_icon"
    ],
    "jnews_header_topbar_height": "36",
    "jnews_header_bottombar_height": "71",
    "jnews_header_bottombar_boxed": false,
    "jnews_header_bottombar_border": false,
    "jnews_header_bottombar_border_bottom_height": "2",
    "jnews_hb_element_desktop_top_left": [
      "top_bar_menu"
    ],
    "jnews_header_social_icon": "circle"
  },
  "options": {
    "site_icon": "{{image:favicon:id}}",
    "show_on_front" : "page",
    "page_on_front" : "{{post:home-1:id}}",
    "nav_menus_created_posts": [],
    "jnews_option[instagram_feed_enable]": "hide",
    "jnews_option[footer_instagram_username]": "",
    "jnews_option[footer_instagram_row]": 1,
    "jnews_option[footer_instagram_column]": 8,
    "jnews_option[footer_instagram_sort_type]": "most_recent",
    "jnews_option[footer_instagram_hover_style]": "zoom",
    "jnews_option[footer_instagram_follow_button]": "",
    "jnews_option[footer_instagram_newtab]": "",
    "jnews_option[single_view_option]": "jnews",
    "jnews_option[single_social_share_main]": [
      {
        "social_share": "facebook",
        "social_text": "Share on Facebook"
      },
      {
        "social_share": "twitter",
        "social_text": "Share on Twitter"
      },
      {
        "social_share": "googleplus",
        "social_text": ""
      }
    ],
    "jnews_option[single_social_share_secondary]": [
      {
        "social_share": "linkedin"
      },
      {
        "social_share": "pinterest"
      }
    ],
    "jnews_option[single_social_share_threshold]": 0,
    "jnews_option[single_social_share_via_twitter]": "",
    "jnews_option[single_view_initial_value]": "1402",
    "jnews_option[single_social_share_view_percentage]": "35",
    "jnews_option[single_like_view_percentage]": "18",
    "jnews_option[weather_forecast_source]": "yahoo",
    "jnews_option[weather_darksky_api_key]": "",
    "jnews_option[weather_openweathermap_api_key]": "",
    "jnews_option[weather_aerisweather_id]": "",
    "jnews_option[weather_aerisweather_secret]": "",
    "jnews_option[weather_default_temperature]": "c",
    "jnews_option[weather_cache_expired]": "1",
    "jnews_option[top_bar_weather_location]": "Denpasar, Bali",
    "jnews_option[top_bar_weather_location_auto]": "",
    "jnews_option[top_bar_weather_item]": "normal",
    "jnews_option[top_bar_weather_item_count]": "4",
    "jnews_option[top_bar_weather_item_content]": "temp",
    "jnews_option[top_bar_weather_item_autoplay]": "",
    "jnews_option[top_bar_weather_item_autodelay]": "2",
    "jnews_option[top_bar_weather_item_autohover]": true
  }
}