{
  "default-sidebar": {
    "jnews_social_counter-6": {
      "account": "%5B%7B%22social_icon%22%3A%22facebook%22%2C%22social_url%22%3A%22jegtheme%22%7D%2C%7B%22social_icon%22%3A%22twitter%22%2C%22social_url%22%3A%22https%3A%2F%2Ftwitter.com%2Fjegtheme%22%7D%2C%7B%22social_icon%22%3A%22google-plus%22%2C%22social_url%22%3A%22https%3A%2F%2Fplus.google.com%2F%2Benvato%22%7D%2C%7B%22social_icon%22%3A%22behance%22%2C%22social_url%22%3A%22https%3A%2F%2Fwww.behance.net%2Fjegtheme%22%7D%2C%7B%22social_icon%22%3A%22instagram%22%2C%22social_url%22%3A%22https%3A%2F%2Fwww.instagram.com%2Fenvato%2F%22%7D%2C%7B%22social_icon%22%3A%22dribbble%22%2C%22social_url%22%3A%22https%3A%2F%2Fdribbble.com%2Fenvato%22%7D%2C%7B%22social_icon%22%3A%22youtube%22%2C%22social_url%22%3A%22http%3A%2F%2Fwww.youtube.com%2Fuser%2FEnvato%22%7D%2C%7B%22social_icon%22%3A%22soundcloud%22%2C%22social_url%22%3A%22https%3A%2F%2Fsoundcloud.com%2Fdialogdinihari%22%7D%2C%7B%22social_icon%22%3A%22rss%22%2C%22social_url%22%3A%22https%3A%2F%2Fjnews.io%22%7D%5D",
      "bh_key": "t2wwIJCdYCWCdAdPHwef3hGvcx8ztA8o",
      "column": "col4",
      "fb_id": "1708153456106457",
      "fb_key": "1708153456106457|LBeqPdQFTJXpeFL3sPex1LQBMVY",
      "fb_secret": "ae408213fb9a2e29d3ad858e03ec5a75",
      "gg_key": "AIzaSyCNRPgcByJDdhhZZRZ0AEyUnZ9lqmlBrvE",
      "header_background": "",
      "header_text_color": "",
      "header_type": "heading_6",
      "header_url": "",
      "linkedin_code": "",
      "linkedin_id": "",
      "linkedin_key": "",
      "linkedin_secret": "",
      "rss_count": "99",
      "style": "light",
      "title": "Stay Connected test",
      "twitch_key": "",
      "vk_id": ""
    },
    "jnews_module_element_ads-2": {
      "ads_code": "",
      "ads_image": "{{image:ad_345x345:id}}",
      "ads_image_alt": "",
      "ads_image_link": "http://bit.ly/jnewsio",
      "ads_image_new_tab": "1",
      "ads_type": "image",
      "column_width": "auto",
      "google_desktop": "auto",
      "google_phone": "auto",
      "google_publisher_id": "",
      "google_slot_id": "",
      "google_tab": "auto"
    },
    "mc4wp_form_widget-4": {
      "header_background": "",
      "header_text_color": "",
      "header_type": "heading_6",
      "header_url": "",
      "title": ""
    },
    "jnews_tab_post-154": {
      "header_background": "",
      "header_text_color": "",
      "header_type": "heading_6",
      "header_url": "",
      "limit": "4",
      "range": "all",
      "title": ""
    },
    "jnews_module_block_19-2": {
      "column_width": "auto",
      "date_format": "default",
      "date_format_custom": "Y/m/d",
      "exclude_category": "",
      "exclude_post": "",
      "exclude_tag": "",
      "first_title": "Recent News",
      "header_background": "",
      "header_filter_author": "",
      "header_filter_category": "",
      "header_filter_tag": "",
      "header_filter_text": "All",
      "header_text_color": "",
      "header_type": "heading_6",
      "include_author": "",
      "include_category": "",
      "include_post": "",
      "include_tag": "",
      "number_post": "4",
      "pagination_mode": "disable",
      "pagination_number_post": "6",
      "pagination_scroll_limit": "0",
      "post_offset": "0",
      "post_type": "post",
      "second_title": "",
      "sort_by": "latest",
      "unique_content": "disable",
      "url": ""
    }
  },
  "footer-widget-1": {
    "jnews_about-2": {
      "aboutdesc": "We bring you the best Premium WordPress Themes that perfect for news, magazine, personal blog, etc. Check our landing page for details.",
      "aboutimg": "{{image:footer_logo:id}}",
      "aboutimgretina": "{{image:footer_logo2x:id}}",
      "header_background": "",
      "header_text_color": "",
      "header_type": "heading_1",
      "header_url": "",
      "title": ""
    },
    "jnews_social-2": {
      "account": "%5B%7B%22social_icon%22%3A%22facebook%22%2C%22social_url%22%3A%22https%3A%2F%2Fwww.facebook.com%2Fjegtheme%2F%22%7D%2C%7B%22social_icon%22%3A%22twitter%22%2C%22social_url%22%3A%22https%3A%2F%2Ftwitter.com%2Fjegtheme%22%7D%2C%7B%22social_icon%22%3A%22instagram%22%2C%22social_url%22%3A%22https%3A%2F%2Fwww.instagram.com%2Fjegtheme%2F%22%7D%2C%7B%22social_icon%22%3A%22behance%22%2C%22social_url%22%3A%22https%3A%2F%2Fwww.behance.net%2Fjegtheme%22%7D%2C%7B%22social_icon%22%3A%22googleplus%22%2C%22social_url%22%3A%22https%3A%2F%2Fplus.google.com%2F%2BJegtheme%22%7D%2C%7B%22social_icon%22%3A%22dribbble%22%2C%22social_url%22%3A%22https%3A%2F%2Fdribbble.com%2Fjegtheme%22%7D%5D",
      "aftersocial": "",
      "beforesocial": "<strong>Follow Us</strong>",
      "header_background": "",
      "header_text_color": "",
      "header_type": "heading_1",
      "header_url": "",
      "title": "",
      "widgetstyle": "rounded"
    }
  },
  "footer-widget-2": {
    "categories-2": {
      "header_background": "",
      "header_text_color": "",
      "header_type": "heading_1",
      "header_url": "",
      "title": "Browse by Category"
    }
  },
  "footer-widget-3": {
    "jnews_recent_news-3": {
      "header_background": "",
      "header_text_color": "",
      "header_type": "heading_6",
      "header_url": "",
      "postnumber": "2",
      "title": "Recent News"
    }
  },
  "home": {
    "jnews_tab_post-2": {
      "header_background": "",
      "header_text_color": "",
      "header_type": "heading_6",
      "header_url": "",
      "limit": "4",
      "range": "all",
      "title": ""
    },
    "jnews_popular-2": {
      "header_background": "",
      "header_text_color": "",
      "header_type": "heading_6",
      "header_url": "",
      "limit": "5",
      "order_by": "views",
      "range": "all",
      "title": "Popular Stories"
    }
  },
  "home-3": {
    "jnews_popular-3": {
      "header_background": "",
      "header_text_color": "",
      "header_type": "heading_5",
      "header_url": "",
      "limit": "5",
      "order_by": "views",
      "range": "all",
      "title": "POPULAR NEWS"
    },
    "jnews_module_element_ads-5": {
      "ads_code": "",
      "ads_image": "{{image:ad_300x250:id}}",
      "ads_image_alt": "JKreativ WordPress theme",
      "ads_image_link": "http://bit.ly/jnewsio",
      "ads_type": "image",
      "column_width": "auto",
      "google_desktop": "auto",
      "google_phone": "auto",
      "google_publisher_id": "",
      "google_slot_id": "",
      "google_tab": "auto"
    },
    "jnews_tab_post-3": {
      "header_background": "",
      "header_text_color": "",
      "header_type": "heading_5",
      "header_url": "",
      "limit": "4",
      "range": "all",
      "title": ""
    }
  },
  "home-3-loop": {
    "jnews_social_counter-5": {
      "account": "%5B%7B%22social_icon%22%3A%22facebook%22%2C%22social_url%22%3A%22jegtheme%22%7D%2C%7B%22social_icon%22%3A%22twitter%22%2C%22social_url%22%3A%22https%3A%2F%2Ftwitter.com%2Fjegtheme%22%7D%2C%7B%22social_icon%22%3A%22google-plus%22%2C%22social_url%22%3A%22https%3A%2F%2Fplus.google.com%2F%20envato%22%7D%2C%7B%22social_icon%22%3A%22behance%22%2C%22social_url%22%3A%22https%3A%2F%2Fwww.behance.net%2Fjegtheme%22%7D%2C%7B%22social_icon%22%3A%22instagram%22%2C%22social_url%22%3A%22https%3A%2F%2Fwww.instagram.com%2Fenvato%2F%22%7D%2C%7B%22social_icon%22%3A%22dribbble%22%2C%22social_url%22%3A%22https%3A%2F%2Fdribbble.com%2Fenvato%22%7D%2C%7B%22social_icon%22%3A%22youtube%22%2C%22social_url%22%3A%22http%3A%2F%2Fwww.youtube.com%2Fuser%2FEnvato%22%7D%2C%7B%22social_icon%22%3A%22flickr%22%2C%22social_url%22%3A%22https%3A%2F%2Fwww.flickr.com%2Fphotos%2Fwe-are-envato%2F%22%7D%2C%7B%22social_icon%22%3A%22soundcloud%22%2C%22social_url%22%3A%22https%3A%2F%2Fsoundcloud.com%2Fdialogdinihari%22%7D%2C%7B%22social_icon%22%3A%22vk%22%2C%22social_url%22%3A%22https%3A%2F%2Fvk.com%2Fcnn_page%22%7D%2C%7B%22social_icon%22%3A%22rss%22%2C%22social_url%22%3A%22https%3A%2F%2Fjnews.io%22%7D%5D",
      "bh_key": "t2wwIJCdYCWCdAdPHwef3hGvcx8ztA8o",
      "column": "col3",
      "fb_id": "1708153456106457",
      "fb_key": "1708153456106457|LBeqPdQFTJXpeFL3sPex1LQBMVY",
      "fb_secret": "ae408213fb9a2e29d3ad858e03ec5a75",
      "gg_key": "AIzaSyCNRPgcByJDdhhZZRZ0AEyUnZ9lqmlBrvE",
      "header_background": "",
      "header_text_color": "",
      "header_type": "heading_5",
      "header_url": "",
      "linkedin_code": "",
      "linkedin_id": "",
      "linkedin_key": "",
      "linkedin_secret": "",
      "newtab": "1",
      "rss_count": "99",
      "style": "colored",
      "title": "STAY CONNECTED",
      "twitch_key": "",
      "vk_id": "210700286"
    },
    "jnews_module_block_21-3": {
      "column_width": "auto",
      "date_format": "default",
      "date_format_custom": "Y/m/d",
      "exclude_category": "",
      "exclude_post": "",
      "exclude_tag": "",
      "first_title": "MOST POPULAR",
      "header_background": "",
      "header_filter_author": "",
      "header_filter_category": "",
      "header_filter_tag": "",
      "header_filter_text": "All",
      "header_text_color": "",
      "header_type": "heading_5",
      "include_author": "",
      "include_category": "",
      "include_post": "",
      "include_tag": "",
      "number_post": "6",
      "pagination_mode": "loadmore",
      "pagination_number_post": "3",
      "pagination_scroll_limit": "0",
      "post_offset": "0",
      "post_type": "post",
      "second_title": "",
      "sort_by": "popular_post",
      "unique_content": "disable",
      "url": ""
    }
  },
  "home-loop": {
    "jnews_social_counter-221": {
      "account": "%5B%7B%22social_icon%22%3A%22facebook%22%2C%22social_url%22%3A%22jegtheme%22%7D%2C%7B%22social_icon%22%3A%22twitter%22%2C%22social_url%22%3A%22https%3A%2F%2Ftwitter.com%2Fjegtheme%22%7D%2C%7B%22social_icon%22%3A%22google-plus%22%2C%22social_url%22%3A%22https%3A%2F%2Fplus.google.com%2F%2Benvato%22%7D%2C%7B%22social_icon%22%3A%22behance%22%2C%22social_url%22%3A%22https%3A%2F%2Fwww.behance.net%2Fjegtheme%22%7D%2C%7B%22social_icon%22%3A%22instagram%22%2C%22social_url%22%3A%22https%3A%2F%2Fwww.instagram.com%2Fenvato%2F%22%7D%2C%7B%22social_icon%22%3A%22youtube%22%2C%22social_url%22%3A%22http%3A%2F%2Fwww.youtube.com%2Fuser%2FEnvato%22%7D%2C%7B%22social_icon%22%3A%22flickr%22%2C%22social_url%22%3A%22https%3A%2F%2Fwww.flickr.com%2Fphotos%2Fwe-are-envato%2F%22%7D%2C%7B%22social_icon%22%3A%22soundcloud%22%2C%22social_url%22%3A%22https%3A%2F%2Fsoundcloud.com%2Fdialogdinihari%22%7D%2C%7B%22social_icon%22%3A%22vk%22%2C%22social_url%22%3A%22https%3A%2F%2Fvk.com%2Fcnn_page%22%7D%5D",
      "bh_key": "t2wwIJCdYCWCdAdPHwef3hGvcx8ztA8o",
      "column": "col3",
      "fb_id": "1708153456106457",
      "fb_key": "1708153456106457|LBeqPdQFTJXpeFL3sPex1LQBMVY",
      "fb_secret": "ae408213fb9a2e29d3ad858e03ec5a75",
      "gg_key": "AIzaSyCNRPgcByJDdhhZZRZ0AEyUnZ9lqmlBrvE",
      "header_background": "",
      "header_text_color": "",
      "header_type": "heading_6",
      "header_url": "",
      "linkedin_code": "",
      "linkedin_id": "",
      "linkedin_key": "",
      "linkedin_secret": "",
      "rss_count": "99",
      "style": "light",
      "title": "Stay Connected",
      "twitch_key": "",
      "vk_id": "210700286"
    },
    "jnews_module_block_21-147": {
      "column_width": "auto",
      "date_format": "default",
      "date_format_custom": "Y/m/d",
      "exclude_category": "",
      "exclude_post": "",
      "exclude_tag": "",
      "first_title": "Recommended",
      "header_background": "",
      "header_filter_author": "",
      "header_filter_category": "",
      "header_filter_tag": "",
      "header_filter_text": "All",
      "header_text_color": "",
      "header_type": "heading_6",
      "include_author": "",
      "include_category": "",
      "include_post": "",
      "include_tag": "",
      "number_post": "2",
      "pagination_mode": "disable",
      "pagination_number_post": "6",
      "pagination_scroll_limit": "0",
      "post_offset": "0",
      "post_type": "post",
      "second_title": "",
      "sort_by": "random",
      "unique_content": "unique5",
      "url": ""
    },
    "jnews_module_element_ads-221": {
      "ads_code": "",
      "ads_image": "{{image:ad_300x250:id}}",
      "ads_image_alt": "",
      "ads_image_link": "http://bit.ly/jnewsio",
      "ads_image_new_tab": "1",
      "ads_type": "image",
      "column_width": "auto",
      "google_desktop": "auto",
      "google_phone": "auto",
      "google_publisher_id": "",
      "google_slot_id": "",
      "google_tab": "auto"
    },
    "jnews_module_block_9-74": {
      "column_width": "auto",
      "date_format": "default",
      "date_format_custom": "Y/m/d",
      "exclude_category": "",
      "exclude_post": "",
      "exclude_tag": "",
      "first_title": "Most Popular",
      "header_background": "",
      "header_filter_author": "",
      "header_filter_category": "",
      "header_filter_tag": "",
      "header_filter_text": "All",
      "header_text_color": "",
      "header_type": "heading_6",
      "include_author": "",
      "include_category": "",
      "include_post": "",
      "include_tag": "",
      "number_post": "3",
      "pagination_mode": "disable",
      "pagination_number_post": "4",
      "pagination_scroll_limit": "0",
      "post_offset": "0",
      "post_type": "post",
      "second_title": "",
      "sort_by": "latest",
      "unique_content": "unique5",
      "url": ""
    }
  }
}